handle,product_id,position,is_featured,image_url,target_filename
abstract-bubble-paint-basketball-jersey,9261115146467,0,1,https://cdn.shopify.com/s/files/1/0788/2358/8067/files/abstract-bubble-paint-jersey-for-court-to-festival-dressers-colorful-aop-basketball-tank-upf-ready-moisture-wicking-sportswear-assembled-in-usa-8504520.jpg?v=1782724030,abstract-bubble-paint-basketball-jersey-cutout.png
abstract-bubble-paint-basketball-jersey,9261115146467,1,0,https://cdn.shopify.com/s/files/1/0788/2358/8067/files/abstract-bubble-paint-jersey-for-court-to-festival-dressers-colorful-aop-basketball-tank-upf-ready-moisture-wicking-sportswear-assembled-in-usa-8986971.jpg?v=1782724030,abstract-bubble-paint-basketball-jersey-cutout.png
abstract-bubble-paint-basketball-jersey,9261115146467,2,0,https://cdn.shopify.com/s/files/1/0788/2358/8067/files/abstract-bubble-paint-jersey-for-court-to-festival-dressers-colorful-aop-basketball-tank-upf-ready-moisture-wicking-sportswear-assembled-in-usa-6090374.jpg?v=1782724030,abstract-bubble-paint-basketball-jersey-cutout.png
abstract-bubble-paint-basketball-jersey,9261115146467,3,0,https://cdn.shopify.com/s/files/1/0788/2358/8067/files/abstract-bubble-paint-jersey-for-court-to-festival-dressers-colorful-aop-basketball-tank-upf-ready-moisture-wicking-sportswear-assembled-in-usa-3193538.jpg?v=1782724031,abstract-bubble-paint-basketball-jersey-cutout.png
abstract-bubble-paint-basketball-jersey,9261115146467,4,0,https://cdn.shopify.com/s/files/1/0788/2358/8067/files/abstract-bubble-paint-jersey-for-court-to-festival-dressers-colorful-aop-basketball-tank-upf-ready-moisture-wicking-sportswear-assembled-in-usa-6584471.jpg?v=1782724030,abstract-bubble-paint-basketball-jersey-cutout.png
abstract-colorful-faces-hardcover-journal,9334564880611,0,1,https://cdn.shopify.com/s/files/1/0788/2358/8067/files/abstract-colorful-faces-hardcover-journal-artistic-gratitude-notebook-9401823.jpg?v=1782724089,abstract-colorful-faces-hardcover-journal-cutout.png
abstract-colorful-faces-hardcover-journal,9334564880611,1,0,https://cdn.shopify.com/s/files/1/0788/2358/8067/files/abstract-colorful-faces-hardcover-journal-artistic-gratitude-notebook-3881437.jpg?v=1782724089,abstract-colorful-faces-hardcover-journal-cutout.png
abstract-colorful-faces-hardcover-journal,9334564880611,2,0,https://cdn.shopify.com/s/files/1/0788/2358/8067/files/abstract-colorful-faces-hardcover-journal-artistic-gratitude-notebook-6161559.jpg?v=1782724089,abstract-colorful-faces-hardcover-journal-cutout.png
abstract-colorful-faces-hardcover-journal,9334564880611,3,0,https://cdn.shopify.com/s/files/1/0788/2358/8067/files/abstract-colorful-faces-hardcover-journal-artistic-gratitude-notebook-2329773.jpg?v=1782724089,abstract-colorful-faces-hardcover-journal-cutout.png
abstract-revolutionaire-blazer,9191705641187,0,1,https://cdn.shopify.com/s/files/1/0788/2358/8067/files/abstract-painters-printed-suit-blazer-aop-two-button-slim-fit-jacket-3821152.png?v=1778120108,abstract-revolutionaire-blazer-cutout.png
abstract-revolutionaire-blazer,9191705641187,1,0,https://cdn.shopify.com/s/files/1/0788/2358/8067/files/44636514ae60a9b4493580a33076a0f5.png?v=1774790044,abstract-revolutionaire-blazer-cutout.png
abstract-revolutionaire-blazer,9191705641187,2,0,https://cdn.shopify.com/s/files/1/0788/2358/8067/files/0600e6ccd33206f4e07def5f829a3fe4.jpg?v=1774456356,abstract-revolutionaire-blazer-cutout.png
abstract-revolutionaire-blazer,9191705641187,3,0,https://cdn.shopify.com/s/files/1/0788/2358/8067/files/44636514ae60a9b4493580a33076a0f5.jpg?v=1774456357,abstract-revolutionaire-blazer-cutout.png
abstract-revolutionaire-blazer,9191705641187,4,0,https://cdn.shopify.com/s/files/1/0788/2358/8067/files/c5be553e52b22cec77b114a10ae4d020.jpg?v=1774456356,abstract-revolutionaire-blazer-cutout.png
abstract-revolutionaire-blazer,9191705641187,5,0,https://cdn.shopify.com/s/files/1/0788/2358/8067/files/347f48e6f1d26bfbed995fa74a44b1f3.jpg?v=1774456356,abstract-revolutionaire-blazer-cutout.png
abstract-revolutionaire-blazer,9191705641187,6,0,https://cdn.shopify.com/s/files/1/0788/2358/8067/files/0d645e33e498fdc59e2ddfe189e5da7b.jpg?v=1774456402,abstract-revolutionaire-blazer-cutout.png
abstract-revolutionaire-blazer,9191705641187,7,0,https://cdn.shopify.com/s/files/1/0788/2358/8067/files/66e37adf0ffcfc58a2a8597b7f9f9720.jpg?v=1774456402,abstract-revolutionaire-blazer-cutout.png
abstract-revolutionaire-blazer,9191705641187,8,0,https://cdn.shopify.com/s/files/1/0788/2358/8067/files/5b3b591f2605d4e8f6f7d7b70c27f2cc_bcc9c881-512a-4504-b41b-10dd4718744d.jpg?v=1774456402,abstract-revolutionaire-blazer-cutout.png
abstract-revolutionaire-blazer,9191705641187,9,0,https://cdn.shopify.com/s/files/1/0788/2358/8067/files/57f1a939c4c10aa11a7400aa217d2561_a0e40465-2d5d-43eb-a0ac-475513d29341.jpg?v=1774456402,abstract-revolutionaire-blazer-cutout.png
acid-lime-tie-dye-swim-trunks,9260923781347,0,1,https://cdn.shopify.com/s/files/1/0788/2358/8067/files/acid-lime-tie-dye-swim-trunks-citrus-spiral-aop-quick-dry-shorts-for-pool-rave-season-1876156.jpg?v=1782724093,acid-lime-tie-dye-swim-trunks-cutout.png
acid-lime-tie-dye-swim-trunks,9260923781347,1,0,https://cdn.shopify.com/s/files/1/0788/2358/8067/files/acid-lime-tie-dye-swim-trunks-citrus-spiral-aop-quick-dry-shorts-for-pool-rave-season-1338472.jpg?v=1782724092,acid-lime-tie-dye-swim-trunks-cutout.png
acid-lime-tie-dye-swim-trunks,9260923781347,2,0,https://cdn.shopify.com/s/files/1/0788/2358/8067/files/acid-lime-tie-dye-swim-trunks-citrus-spiral-aop-quick-dry-shorts-for-pool-rave-season-3593950.jpg?v=1782724091,acid-lime-tie-dye-swim-trunks-cutout.png
acid-lime-tie-dye-swim-trunks,9260923781347,3,0,https://cdn.shopify.com/s/files/1/0788/2358/8067/files/acid-lime-tie-dye-swim-trunks-citrus-spiral-aop-quick-dry-shorts-for-pool-rave-season-8726985.jpg?v=1782724092,acid-lime-tie-dye-swim-trunks-cutout.png
acid-lime-tie-dye-swim-trunks,9260923781347,4,0,https://cdn.shopify.com/s/files/1/0788/2358/8067/files/acid-lime-tie-dye-swim-trunks-citrus-spiral-aop-quick-dry-shorts-for-pool-rave-season-6040003.jpg?v=1782724091,acid-lime-tie-dye-swim-trunks-cutout.png
acid-lime-tie-dye-swim-trunks,9260923781347,5,0,https://cdn.shopify.com/s/files/1/0788/2358/8067/files/acid-lime-tie-dye-swim-trunks-citrus-spiral-aop-quick-dry-shorts-for-pool-rave-season-5558649.jpg?v=1782724092,acid-lime-tie-dye-swim-trunks-cutout.png
acid-lime-tie-dye-swim-trunks,9260923781347,6,0,https://cdn.shopify.com/s/files/1/0788/2358/8067/files/acid-lime-tie-dye-swim-trunks-citrus-spiral-aop-quick-dry-shorts-for-pool-rave-season-2164287.jpg?v=1782724091,acid-lime-tie-dye-swim-trunks-cutout.png
acid-pour-aloha-shirt,9193898016995,0,1,https://cdn.shopify.com/s/files/1/0788/2358/8067/files/maximalist-print-mens-hawaiian-shirt-aop-short-sleeve-summer-button-down-9419022.png?v=1782724326,acid-pour-aloha-shirt-cutout.png
acid-pour-aloha-shirt,9193898016995,1,0,https://cdn.shopify.com/s/files/1/0788/2358/8067/files/155733-b5e8affd-ac60-4afe-a984-43aa50161744.jpg?v=1774789626,acid-pour-aloha-shirt-cutout.png
acid-pour-aloha-shirt,9193898016995,2,0,https://cdn.shopify.com/s/files/1/0788/2358/8067/files/155733-e14318e6-a048-4dcc-8703-e06482a4ac57.jpg?v=1774789626,acid-pour-aloha-shirt-cutout.png
acid-pour-aloha-shirt,9193898016995,3,0,https://cdn.shopify.com/s/files/1/0788/2358/8067/files/155733-edfe4497-6d8d-4984-bfd5-cc2f114e514a.jpg?v=1774789626,acid-pour-aloha-shirt-cutout.png
acid-pour-aloha-shirt,9193898016995,4,0,https://cdn.shopify.com/s/files/1/0788/2358/8067/files/155733-630d09de-b10f-4a2f-92a1-af5a965fa92b.jpg?v=1774789626,acid-pour-aloha-shirt-cutout.png
acid-pour-aloha-shirt,9193898016995,5,0,https://cdn.shopify.com/s/files/1/0788/2358/8067/files/155733-35825804-66c3-4ffe-84f1-096bab2f6b65.jpg?v=1774789626,acid-pour-aloha-shirt-cutout.png
acid-pour-aloha-shirt,9193898016995,6,0,https://cdn.shopify.com/s/files/1/0788/2358/8067/files/155733-a7814b0a-5049-48ee-b7f7-c89fa0a6c4be.jpg?v=1774789626,acid-pour-aloha-shirt-cutout.png
acid-pour-aloha-shirt,9193898016995,7,0,https://cdn.shopify.com/s/files/1/0788/2358/8067/files/155733-44d2bf5f-a7ae-4d3c-bd4c-095c06add4d5.jpg?v=1774789626,acid-pour-aloha-shirt-cutout.png
acid-pour-aloha-shirt,9193898016995,8,0,https://cdn.shopify.com/s/files/1/0788/2358/8067/files/155733-a3e8ec3e-6d7f-4686-9618-fe86697ebd1b.jpg?v=1774789626,acid-pour-aloha-shirt-cutout.png
aerosol-alchemists-graffiti-long-sleeve,9259957747939,0,1,https://cdn.shopify.com/s/files/1/0788/2358/8067/files/aerosol-alchemists-long-sleeve-for-urban-graffiti-heads-neon-spray-can-creature-aop-190g-heavyweight-cotton-streetwear-festival-art-tee-4642746.png?v=1782724159,aerosol-alchemists-graffiti-long-sleeve-cutout.png
aerosol-alchemists-graffiti-long-sleeve,9259957747939,1,0,https://cdn.shopify.com/s/files/1/0788/2358/8067/files/aerosol-alchemists-long-sleeve-for-urban-graffiti-heads-neon-spray-can-creature-aop-190g-heavyweight-cotton-streetwear-festival-art-tee-7189666.png?v=1782724158,aerosol-alchemists-graffiti-long-sleeve-cutout.png
aerosol-alchemists-graffiti-long-sleeve,9259957747939,2,0,https://cdn.shopify.com/s/files/1/0788/2358/8067/files/aerosol-alchemists-long-sleeve-for-urban-graffiti-heads-neon-spray-can-creature-aop-190g-heavyweight-cotton-streetwear-festival-art-tee-3210410.png?v=1782724159,aerosol-alchemists-graffiti-long-sleeve-cutout.png
aerosol-alchemists-graffiti-long-sleeve,9259957747939,3,0,https://cdn.shopify.com/s/files/1/0788/2358/8067/files/aerosol-alchemists-long-sleeve-for-urban-graffiti-heads-neon-spray-can-creature-aop-190g-heavyweight-cotton-streetwear-festival-art-tee-7470791.png?v=1782724159,aerosol-alchemists-graffiti-long-sleeve-cutout.png
aesthetic-collector-ipad-case-folio,9191713243363,0,1,https://cdn.shopify.com/s/files/1/0788/2358/8067/files/07051de44a6fe76b323f0df307bd42dc.jpg?v=1774456439,aesthetic-collector-ipad-case-folio-cutout.png
aesthetic-collector-ipad-case-folio,9191713243363,1,0,https://cdn.shopify.com/s/files/1/0788/2358/8067/files/627c5cf194b958a123fe3a78875a4278.jpg?v=1774456439,aesthetic-collector-ipad-case-folio-cutout.png
aesthetic-collector-ipad-case-folio,9191713243363,2,0,https://cdn.shopify.com/s/files/1/0788/2358/8067/files/a776916313d6a04f3a599a2301253ced.jpg?v=1774456439,aesthetic-collector-ipad-case-folio-cutout.png
aesthetic-collector-ipad-case-folio,9191713243363,3,0,https://cdn.shopify.com/s/files/1/0788/2358/8067/files/fa042a39d9e3e2d9edb0ec95a2b8cda0.jpg?v=1774456439,aesthetic-collector-ipad-case-folio-cutout.png
aesthetic-collector-ipad-case-folio,9191713243363,4,0,https://cdn.shopify.com/s/files/1/0788/2358/8067/files/5cb2e0448dc204293584a8c6543cfa10.jpg?v=1774456439,aesthetic-collector-ipad-case-folio-cutout.png
aesthetic-collector-ipad-case-folio,9191713243363,5,0,https://cdn.shopify.com/s/files/1/0788/2358/8067/files/3a3d90447caf5f2d8b509024f7d57e18.jpg?v=1774456439,aesthetic-collector-ipad-case-folio-cutout.png
aesthetic-collector-ipad-case-folio,9191713243363,6,0,https://cdn.shopify.com/s/files/1/0788/2358/8067/files/fc72dfea7be379680a6da3f457f6d505.jpg?v=1774456439,aesthetic-collector-ipad-case-folio-cutout.png
aesthetic-collector-ipad-case-folio,9191713243363,7,0,https://cdn.shopify.com/s/files/1/0788/2358/8067/files/e6caf223095471282c69febc0543417b.jpg?v=1774456440,aesthetic-collector-ipad-case-folio-cutout.png
aesthetic-collector-ipad-case-folio,9191713243363,8,0,https://cdn.shopify.com/s/files/1/0788/2358/8067/files/6300066a3fd0b29a2791bc9adcbafb7c.jpg?v=1774456439,aesthetic-collector-ipad-case-folio-cutout.png
aesthetic-collector-ipad-case-folio,9191713243363,9,0,https://cdn.shopify.com/s/files/1/0788/2358/8067/files/be6be5b2f3fd73daaca935427f6b36d8.jpg?v=1774456439,aesthetic-collector-ipad-case-folio-cutout.png
aesthetic-rebellion-word-cloud-bucket-hat,9549043990755,0,1,https://cdn.shopify.com/s/files/1/0788/2358/8067/files/aesthetic-rebellion-aop-word-cloud-reversible-bucket-hat-unisex-6425741.jpg?v=1783146550,aesthetic-rebellion-word-cloud-bucket-hat-cutout.png
aesthetic-rebellion-word-cloud-bucket-hat,9549043990755,1,0,https://cdn.shopify.com/s/files/1/0788/2358/8067/files/aesthetic-rebellion-aop-word-cloud-reversible-bucket-hat-unisex-4689153.jpg?v=1783146549,aesthetic-rebellion-word-cloud-bucket-hat-cutout.png
aesthetic-rebellion-word-cloud-bucket-hat,9549043990755,2,0,https://cdn.shopify.com/s/files/1/0788/2358/8067/files/aesthetic-rebellion-aop-word-cloud-reversible-bucket-hat-unisex-4950236.jpg?v=1783146549,aesthetic-rebellion-word-cloud-bucket-hat-cutout.png
aesthetic-rebellion-word-cloud-bucket-hat,9549043990755,3,0,https://cdn.shopify.com/s/files/1/0788/2358/8067/files/aesthetic-rebellion-aop-word-cloud-reversible-bucket-hat-unisex-5550558.jpg?v=1783146549,aesthetic-rebellion-word-cloud-bucket-hat-cutout.png
aesthetic-rebellion-word-cloud-bucket-hat,9549043990755,4,0,https://cdn.shopify.com/s/files/1/0788/2358/8067/files/aesthetic-rebellion-aop-word-cloud-reversible-bucket-hat-unisex-2097667.jpg?v=1783146549,aesthetic-rebellion-word-cloud-bucket-hat-cutout.png
agate-dreams-silk-bandana,9193871343843,0,1,https://cdn.shopify.com/s/files/1/0788/2358/8067/files/155733-15440ac0-6837-4060-92ad-3032e0e6792c.jpg?v=1774789513,agate-dreams-silk-bandana-cutout.png
agate-dreams-silk-bandana,9193871343843,1,0,https://cdn.shopify.com/s/files/1/0788/2358/8067/files/155733-c221ec55-5172-414f-98d5-9474e12016bf.jpg?v=1774789513,agate-dreams-silk-bandana-cutout.png
agate-dreams-silk-bandana,9193871343843,2,0,https://cdn.shopify.com/s/files/1/0788/2358/8067/files/155733-e040e1ac-8882-4145-910c-92daae955d76.jpg?v=1774789513,agate-dreams-silk-bandana-cutout.png
agate-dreams-silk-bandana,9193871343843,3,0,https://cdn.shopify.com/s/files/1/0788/2358/8067/files/155733-d4206250-2a97-4d4e-b68c-1080cdc8ce47.jpg?v=1774789513,agate-dreams-silk-bandana-cutout.png
agate-dreams-silk-bandana,9193871343843,4,0,https://cdn.shopify.com/s/files/1/0788/2358/8067/files/01f73ac8-759c-4421-b923-8e87c4c51bc7.png?v=1774789513,agate-dreams-silk-bandana-cutout.png
agate-dreams-urban-jacket,9175879647459,0,1,https://cdn.shopify.com/s/files/1/0788/2358/8067/files/94e37b18-il_fullxfull.7676318424_3264.jpg?v=1774790584,agate-dreams-urban-jacket-cutout.png
agate-dreams-urban-jacket,9175879647459,1,0,https://cdn.shopify.com/s/files/1/0788/2358/8067/files/4ae2a876-il_fullxfull.7724265745_ea3r.jpg?v=1774790584,agate-dreams-urban-jacket-cutout.png
all-over-print-mens-casual-lapel-long-sleeve-shirt-140gsm-slub-cotton,9581502333155,0,1,https://cdn.shopify.com/s/files/1/0788/2358/8067/files/155733-c02ca8a5-ced6-4ee1-a86f-50d86c54a798.jpg?v=1785273845,all-over-print-mens-casual-lapel-long-sleeve-shirt-140gsm-slub-cotton-cutout.png
all-over-print-mens-casual-lapel-long-sleeve-shirt-140gsm-slub-cotton,9581502333155,1,0,https://cdn.shopify.com/s/files/1/0788/2358/8067/files/155733-a3686ac4-71e2-439d-aad1-553381538cb0.jpg?v=1785273846,all-over-print-mens-casual-lapel-long-sleeve-shirt-140gsm-slub-cotton-cutout.png
all-over-print-mens-casual-lapel-long-sleeve-shirt-140gsm-slub-cotton,9581502333155,2,0,https://cdn.shopify.com/s/files/1/0788/2358/8067/files/155733-3c82c654-1a57-4408-b986-8bf8753cb718.jpg?v=1785273848,all-over-print-mens-casual-lapel-long-sleeve-shirt-140gsm-slub-cotton-cutout.png
all-over-print-mens-casual-lapel-long-sleeve-shirt-140gsm-slub-cotton,9581502333155,3,0,https://cdn.shopify.com/s/files/1/0788/2358/8067/files/155733-d4acc46e-c986-474b-b3f5-c6f26ddf098d.jpg?v=1785273848,all-over-print-mens-casual-lapel-long-sleeve-shirt-140gsm-slub-cotton-cutout.png
all-over-print-mens-casual-lapel-long-sleeve-shirt-140gsm-slub-cotton,9581502333155,4,0,https://cdn.shopify.com/s/files/1/0788/2358/8067/files/155733-83bd9dd8-e967-4dab-8526-60612b583372.jpg?v=1785273849,all-over-print-mens-casual-lapel-long-sleeve-shirt-140gsm-slub-cotton-cutout.png
all-over-print-mens-casual-lapel-long-sleeve-shirt-140gsm-slub-cotton,9581502333155,5,0,https://cdn.shopify.com/s/files/1/0788/2358/8067/files/155733-5a1af675-ccb0-4629-96ce-7af002eaa9ca.jpg?v=1785273850,all-over-print-mens-casual-lapel-long-sleeve-shirt-140gsm-slub-cotton-cutout.png
all-over-print-mens-casual-lapel-long-sleeve-shirt-140gsm-slub-cotton,9581502333155,6,0,https://cdn.shopify.com/s/files/1/0788/2358/8067/files/155733-3091eb0b-9afa-4251-90ea-6464f2c844dd.jpg?v=1785273851,all-over-print-mens-casual-lapel-long-sleeve-shirt-140gsm-slub-cotton-cutout.png
all-over-print-mens-hooded-zipper-windproof-jacket,9572769497315,0,1,https://cdn.shopify.com/s/files/1/0788/2358/8067/files/155733-525c44f0-7da0-4bf8-b832-a52676c2178c.jpg?v=1784674297,all-over-print-mens-hooded-zipper-windproof-jacket-cutout.png
all-over-print-mens-hooded-zipper-windproof-jacket,9572769497315,1,0,https://cdn.shopify.com/s/files/1/0788/2358/8067/files/155733-5d0fa6a1-4591-49b6-b80f-63d5d5ab19c9.jpg?v=1784674299,all-over-print-mens-hooded-zipper-windproof-jacket-cutout.png
all-over-print-mens-hooded-zipper-windproof-jacket,9572769497315,2,0,https://cdn.shopify.com/s/files/1/0788/2358/8067/files/155733-4f3f7901-f4b5-46af-9ebe-e8116b2d30a5.jpg?v=1784674299,all-over-print-mens-hooded-zipper-windproof-jacket-cutout.png
all-over-print-mens-hooded-zipper-windproof-jacket,9572769497315,3,0,https://cdn.shopify.com/s/files/1/0788/2358/8067/files/155733-4b8114c7-1eb6-4fff-8263-d8b0ae274991.jpg?v=1784674301,all-over-print-mens-hooded-zipper-windproof-jacket-cutout.png
all-over-print-mens-hooded-zipper-windproof-jacket,9572769497315,4,0,https://cdn.shopify.com/s/files/1/0788/2358/8067/files/155733-1f4d9e03-f979-4009-9a50-6e0956da0389.jpg?v=1784674301,all-over-print-mens-hooded-zipper-windproof-jacket-cutout.png
all-over-print-mens-hooded-zipper-windproof-jacket,9572769497315,5,0,https://cdn.shopify.com/s/files/1/0788/2358/8067/files/155733-39342c9f-6f10-4ae8-907b-c03316710e49.jpg?v=1784674302,all-over-print-mens-hooded-zipper-windproof-jacket-cutout.png
all-over-print-mens-hooded-zipper-windproof-jacket,9572769497315,6,0,https://cdn.shopify.com/s/files/1/0788/2358/8067/files/55c24968-20db-4b1f-b17f-8947aced867a.png?v=1784674303,all-over-print-mens-hooded-zipper-windproof-jacket-cutout.png
all-over-print-mens-hooded-zipper-windproof-jacket-1,9574164168931,0,1,https://cdn.shopify.com/s/files/1/0788/2358/8067/files/155733-36bbc372-d85b-4371-b8e4-78e477abd2d7.jpg?v=1784784124,all-over-print-mens-hooded-zipper-windproof-jacket-1-cutout.png
all-over-print-mens-hooded-zipper-windproof-jacket-1,9574164168931,1,0,https://cdn.shopify.com/s/files/1/0788/2358/8067/files/155733-a1a729fb-4e7f-477c-adfe-8032acb5546a.jpg?v=1784784125,all-over-print-mens-hooded-zipper-windproof-jacket-1-cutout.png
all-over-print-mens-hooded-zipper-windproof-jacket-1,9574164168931,2,0,https://cdn.shopify.com/s/files/1/0788/2358/8067/files/155733-b594b89c-19f0-4736-affd-15990c2de797.jpg?v=1784784125,all-over-print-mens-hooded-zipper-windproof-jacket-1-cutout.png
all-over-print-mens-hooded-zipper-windproof-jacket-1,9574164168931,3,0,https://cdn.shopify.com/s/files/1/0788/2358/8067/files/155733-0a60f27a-c8e4-4e79-a62e-ab37b9bd18c9.jpg?v=1784784127,all-over-print-mens-hooded-zipper-windproof-jacket-1-cutout.png
all-over-print-mens-hooded-zipper-windproof-jacket-1,9574164168931,4,0,https://cdn.shopify.com/s/files/1/0788/2358/8067/files/155733-315c08bd-6bc1-448f-85ab-4ad898db7622.jpg?v=1784784127,all-over-print-mens-hooded-zipper-windproof-jacket-1-cutout.png
all-over-print-mens-hooded-zipper-windproof-jacket-1,9574164168931,5,0,https://cdn.shopify.com/s/files/1/0788/2358/8067/files/155733-5da70cbe-b7a5-43b3-b8a4-dd92f1d48a4b.jpg?v=1784784129,all-over-print-mens-hooded-zipper-windproof-jacket-1-cutout.png
all-over-print-mens-hooded-zipper-windproof-jacket-1,9574164168931,6,0,https://cdn.shopify.com/s/files/1/0788/2358/8067/files/55c24968-20db-4b1f-b17f-8947aced867a_2512e4a8-645b-416e-9777-097c97a3bff0.png?v=1784784130,all-over-print-mens-hooded-zipper-windproof-jacket-1-cutout.png
all-over-print-unisex-lantern-pants,9574842368227,0,1,https://cdn.shopify.com/s/files/1/0788/2358/8067/files/155733-dc9da9b7-75a5-4b6d-8a9a-f2bb9536830a.jpg?v=1784834809,all-over-print-unisex-lantern-pants-cutout.png
all-over-print-unisex-lantern-pants,9574842368227,1,0,https://cdn.shopify.com/s/files/1/0788/2358/8067/files/155733-40cc36e6-2fe4-49fa-9ed2-c8cc7b96b874.jpg?v=1784834810,all-over-print-unisex-lantern-pants-cutout.png
all-over-print-unisex-lantern-pants,9574842368227,2,0,https://cdn.shopify.com/s/files/1/0788/2358/8067/files/155733-772306f8-648d-4fac-ab7c-6727fe2f1065.jpg?v=1784834811,all-over-print-unisex-lantern-pants-cutout.png
all-over-print-unisex-lantern-pants,9574842368227,3,0,https://cdn.shopify.com/s/files/1/0788/2358/8067/files/155733-a624e6b9-97dd-4022-9588-42b46982eeaa.jpg?v=1784834813,all-over-print-unisex-lantern-pants-cutout.png
all-over-print-unisex-lantern-pants,9574842368227,4,0,https://cdn.shopify.com/s/files/1/0788/2358/8067/files/155733-34140ec1-0c39-47da-aefd-cc2dbce2445b.jpg?v=1784834812,all-over-print-unisex-lantern-pants-cutout.png
all-over-print-unisex-lantern-pants,9574842368227,5,0,https://cdn.shopify.com/s/files/1/0788/2358/8067/files/155733-50e909c8-ab88-4a64-bee9-ec3d1b5778fc.jpg?v=1784834814,all-over-print-unisex-lantern-pants-cutout.png
all-over-print-unisex-lantern-pants,9574842368227,6,0,https://cdn.shopify.com/s/files/1/0788/2358/8067/files/2bd54059-f9b1-42fd-9c2c-f3f5754e0ddb.png?v=1784834814,all-over-print-unisex-lantern-pants-cutout.png
all-over-print-unisex-lantern-pants-1,9574844924131,0,1,https://cdn.shopify.com/s/files/1/0788/2358/8067/files/155733-48928ec2-1c7f-4415-a032-73a83181ed86.jpg?v=1784834937,all-over-print-unisex-lantern-pants-1-cutout.png
all-over-print-unisex-lantern-pants-1,9574844924131,1,0,https://cdn.shopify.com/s/files/1/0788/2358/8067/files/155733-64a79006-d209-4c3a-b479-698b7a7850da.jpg?v=1784834938,all-over-print-unisex-lantern-pants-1-cutout.png
all-over-print-unisex-lantern-pants-1,9574844924131,2,0,https://cdn.shopify.com/s/files/1/0788/2358/8067/files/155733-d15cdfe4-1d6a-46c2-901c-fcb54529039c.jpg?v=1784834939,all-over-print-unisex-lantern-pants-1-cutout.png
all-over-print-unisex-lantern-pants-1,9574844924131,3,0,https://cdn.shopify.com/s/files/1/0788/2358/8067/files/155733-45396683-5c5d-4cf4-8aff-be718afcbc86.jpg?v=1784834940,all-over-print-unisex-lantern-pants-1-cutout.png
all-over-print-unisex-lantern-pants-1,9574844924131,4,0,https://cdn.shopify.com/s/files/1/0788/2358/8067/files/155733-8feeaf18-9bf0-440e-b226-4556ac387161.jpg?v=1784834940,all-over-print-unisex-lantern-pants-1-cutout.png
all-over-print-unisex-lantern-pants-1,9574844924131,5,0,https://cdn.shopify.com/s/files/1/0788/2358/8067/files/155733-6fa2c0f5-cfb6-4e9f-b9c3-95d862c491e0.jpg?v=1784834941,all-over-print-unisex-lantern-pants-1-cutout.png
all-over-print-unisex-lantern-pants-1,9574844924131,6,0,https://cdn.shopify.com/s/files/1/0788/2358/8067/files/2bd54059-f9b1-42fd-9c2c-f3f5754e0ddb_1918e8b0-0f15-4022-b2a3-c7e026a83535.png?v=1784834942,all-over-print-unisex-lantern-pants-1-cutout.png
all-over-print-unisex-lantern-pants-2,9574845513955,0,1,https://cdn.shopify.com/s/files/1/0788/2358/8067/files/155733-6affb1cd-d3db-44b2-ae11-e75877b43d48.jpg?v=1784834991,all-over-print-unisex-lantern-pants-2-cutout.png
all-over-print-unisex-lantern-pants-2,9574845513955,1,0,https://cdn.shopify.com/s/files/1/0788/2358/8067/files/155733-76a3279f-ad9d-4697-aabf-144a3fbd68c8.jpg?v=1784834991,all-over-print-unisex-lantern-pants-2-cutout.png
all-over-print-unisex-lantern-pants-2,9574845513955,2,0,https://cdn.shopify.com/s/files/1/0788/2358/8067/files/155733-5eb3d0b6-9740-4878-a660-b26a133fbb64.jpg?v=1784834993,all-over-print-unisex-lantern-pants-2-cutout.png
all-over-print-unisex-lantern-pants-2,9574845513955,3,0,https://cdn.shopify.com/s/files/1/0788/2358/8067/files/155733-3999996b-b8e8-4515-9e2b-2a77801e6c45.jpg?v=1784834994,all-over-print-unisex-lantern-pants-2-cutout.png
all-over-print-unisex-lantern-pants-2,9574845513955,4,0,https://cdn.shopify.com/s/files/1/0788/2358/8067/files/155733-8fc8ce02-c19e-4759-b061-31d65a1b377b.jpg?v=1784834995,all-over-print-unisex-lantern-pants-2-cutout.png
all-over-print-unisex-lantern-pants-2,9574845513955,5,0,https://cdn.shopify.com/s/files/1/0788/2358/8067/files/155733-a3f4cbc5-b41a-4f84-af78-f4cd246b1445.jpg?v=1784834995,all-over-print-unisex-lantern-pants-2-cutout.png
all-over-print-unisex-lantern-pants-2,9574845513955,6,0,https://cdn.shopify.com/s/files/1/0788/2358/8067/files/2bd54059-f9b1-42fd-9c2c-f3f5754e0ddb_0d8b4904-bcd6-423a-be44-15662845a60c.png?v=1784834996,all-over-print-unisex-lantern-pants-2-cutout.png
all-over-print-unisex-pullover-hoodie-310gsm-cotton-3,9528488984803,0,1,https://cdn.shopify.com/s/files/1/0788/2358/8067/files/all-over-print-unisex-pullover-hoodie-310gsm-cotton-8686925.jpg?v=1782724036,all-over-print-unisex-pullover-hoodie-310gsm-cotton-3-cutout.png
all-over-print-unisex-pullover-hoodie-310gsm-cotton-3,9528488984803,1,0,https://cdn.shopify.com/s/files/1/0788/2358/8067/files/all-over-print-unisex-pullover-hoodie-310gsm-cotton-5914115.jpg?v=1782724036,all-over-print-unisex-pullover-hoodie-310gsm-cotton-3-cutout.png
all-over-print-unisex-pullover-hoodie-310gsm-cotton-3,9528488984803,2,0,https://cdn.shopify.com/s/files/1/0788/2358/8067/files/all-over-print-unisex-pullover-hoodie-310gsm-cotton-1494102.jpg?v=1782724036,all-over-print-unisex-pullover-hoodie-310gsm-cotton-3-cutout.png
all-over-print-unisex-pullover-hoodie-310gsm-cotton-3,9528488984803,3,0,https://cdn.shopify.com/s/files/1/0788/2358/8067/files/all-over-print-unisex-pullover-hoodie-310gsm-cotton-7013140.jpg?v=1782724036,all-over-print-unisex-pullover-hoodie-310gsm-cotton-3-cutout.png
all-over-print-unisex-pullover-hoodie-310gsm-cotton-3,9528488984803,4,0,https://cdn.shopify.com/s/files/1/0788/2358/8067/files/all-over-print-unisex-pullover-hoodie-310gsm-cotton-2980930.jpg?v=1782724036,all-over-print-unisex-pullover-hoodie-310gsm-cotton-3-cutout.png
all-over-print-unisex-pullover-hoodie-310gsm-cotton-3,9528488984803,5,0,https://cdn.shopify.com/s/files/1/0788/2358/8067/files/all-over-print-unisex-pullover-hoodie-310gsm-cotton-8170911.png?v=1782724036,all-over-print-unisex-pullover-hoodie-310gsm-cotton-3-cutout.png
all-over-print-zip-up-hoodie-with-pocket-interlock,9581511770339,0,1,https://cdn.shopify.com/s/files/1/0788/2358/8067/files/155733-c6a8b36d-dffc-4665-8d6f-05c4abc18f2f.jpg?v=1785274182,all-over-print-zip-up-hoodie-with-pocket-interlock-cutout.png
all-over-print-zip-up-hoodie-with-pocket-interlock,9581511770339,1,0,https://cdn.shopify.com/s/files/1/0788/2358/8067/files/155733-78f7f9a4-0499-4d3e-a542-a3d1a5a4373b.jpg?v=1785274182,all-over-print-zip-up-hoodie-with-pocket-interlock-cutout.png
all-over-print-zip-up-hoodie-with-pocket-interlock,9581511770339,2,0,https://cdn.shopify.com/s/files/1/0788/2358/8067/files/155733-31b6706d-56a2-4ee6-869f-88ebbe136ed6.jpg?v=1785274184,all-over-print-zip-up-hoodie-with-pocket-interlock-cutout.png
all-over-print-zip-up-hoodie-with-pocket-interlock,9581511770339,3,0,https://cdn.shopify.com/s/files/1/0788/2358/8067/files/155733-5dd25bf7-c344-4ec2-857d-c6da4f88fe02.jpg?v=1785274184,all-over-print-zip-up-hoodie-with-pocket-interlock-cutout.png
all-over-print-zip-up-hoodie-with-pocket-interlock-1,9581516783843,0,1,https://cdn.shopify.com/s/files/1/0788/2358/8067/files/155733-8b885585-1d36-4665-af24-64dcfdf9da7c.jpg?v=1785274256,all-over-print-zip-up-hoodie-with-pocket-interlock-1-cutout.png
all-over-print-zip-up-hoodie-with-pocket-interlock-1,9581516783843,1,0,https://cdn.shopify.com/s/files/1/0788/2358/8067/files/155733-1e0199cb-d18e-4ae1-aea2-cad67caf8c6a.jpg?v=1785274257,all-over-print-zip-up-hoodie-with-pocket-interlock-1-cutout.png
all-over-print-zip-up-hoodie-with-pocket-interlock-1,9581516783843,2,0,https://cdn.shopify.com/s/files/1/0788/2358/8067/files/155733-a3ee6f7c-bd4c-4b08-a07c-16105ecb5674.jpg?v=1785274258,all-over-print-zip-up-hoodie-with-pocket-interlock-1-cutout.png
all-over-print-zip-up-hoodie-with-pocket-interlock-1,9581516783843,3,0,https://cdn.shopify.com/s/files/1/0788/2358/8067/files/155733-57ce3f46-4fb4-4324-b975-70bcf4ef2ac5.jpg?v=1785274259,all-over-print-zip-up-hoodie-with-pocket-interlock-1-cutout.png
alligator-bites-neon-bucket-hat,9175878303971,0,1,https://cdn.shopify.com/s/files/1/0788/2358/8067/files/37fb63f0-il_fullxfull.7676317980_eoil.jpg?v=1774455846,alligator-bites-neon-bucket-hat-cutout.png
alligator-bites-neon-bucket-hat,9175878303971,1,0,https://cdn.shopify.com/s/files/1/0788/2358/8067/files/48ba5c93-il_fullxfull.7724268073_j80v.jpg?v=1774790832,alligator-bites-neon-bucket-hat-cutout.png
alligator-bites-neon-bucket-hat,9175878303971,2,0,https://cdn.shopify.com/s/files/1/0788/2358/8067/files/2687fa8d-il_fullxfull.7760980325_t6qh.jpg?v=1774790833,alligator-bites-neon-bucket-hat-cutout.png
alligator-bites-neon-bucket-hat,9175878303971,3,0,https://cdn.shopify.com/s/files/1/0788/2358/8067/files/880500f1-il_fullxfull.7760980335_2nzk.jpg?v=1774790832,alligator-bites-neon-bucket-hat-cutout.png
alligator-bites-neon-bucket-hat,9175878303971,4,0,https://cdn.shopify.com/s/files/1/0788/2358/8067/files/c441b662-il_fullxfull.7760980375_g465.jpg?v=1774790832,alligator-bites-neon-bucket-hat-cutout.png
alligator-bites-neon-bucket-hat,9175878303971,5,0,https://cdn.shopify.com/s/files/1/0788/2358/8067/files/e80bc569-il_fullxfull.7713037902_bw9q.jpg?v=1774790832,alligator-bites-neon-bucket-hat-cutout.png
alligator-bites-neon-bucket-hat,9175878303971,6,0,https://cdn.shopify.com/s/files/1/0788/2358/8067/files/570f8361-il_fullxfull.7713037924_dmh2.jpg?v=1774790832,alligator-bites-neon-bucket-hat-cutout.png
alligator-bites-neon-bucket-hat,9175878303971,7,0,https://cdn.shopify.com/s/files/1/0788/2358/8067/files/3396c637-il_fullxfull.7713037948_hnk2.jpg?v=1774790832,alligator-bites-neon-bucket-hat-cutout.png
alligator-bites-neon-bucket-hat,9175878303971,8,0,https://cdn.shopify.com/s/files/1/0788/2358/8067/files/c8aa96f2-il_fullxfull.7760980407_kcmr.jpg?v=1774790832,alligator-bites-neon-bucket-hat-cutout.png
alligator-bites-neon-bucket-hat,9175878303971,9,0,https://cdn.shopify.com/s/files/1/0788/2358/8067/files/934d8da0-il_fullxfull.7713037918_jrk3.jpg?v=1774790832,alligator-bites-neon-bucket-hat-cutout.png
amber-earth-cell-vexel-svg,9260746997987,0,1,https://cdn.shopify.com/s/files/1/0788/2358/8067/files/amber_earth_cell_vexel_v49.svg?v=1778522583,amber-earth-cell-vexel-svg-cutout.png
animal-kingdom-svg-bundle-203-cut-files,9529610469603,0,1,https://cdn.shopify.com/s/files/1/0788/2358/8067/files/animal-kingdom-203-svg-bundle-for-cricut-sublimation-pod-animals-wildlife-vector-designs-6694155.png?v=1782815106,animal-kingdom-svg-bundle-203-cut-files-cutout.png
archive-patchwork-aloha-shirt,9193768747235,0,1,https://cdn.shopify.com/s/files/1/0788/2358/8067/files/maximalist-hawaiian-shirt-for-art-literate-dressers-abstract-patchwork-aop-button-up-summer-festival-top-intricate-print-menswear-7019077.png?v=1782724336,archive-patchwork-aloha-shirt-cutout.png
archive-patchwork-aloha-shirt,9193768747235,1,0,https://cdn.shopify.com/s/files/1/0788/2358/8067/files/155733-bbcc9f65-5bf5-49ab-ac01-7ccf4cf31a66.jpg?v=1774789625,archive-patchwork-aloha-shirt-cutout.png
archive-patchwork-aloha-shirt,9193768747235,2,0,https://cdn.shopify.com/s/files/1/0788/2358/8067/files/155733-e96c6910-04d1-47c5-8679-5485226bb6fd.jpg?v=1774789625,archive-patchwork-aloha-shirt-cutout.png
archive-patchwork-aloha-shirt,9193768747235,3,0,https://cdn.shopify.com/s/files/1/0788/2358/8067/files/d4cb6291-5948-4e32-a874-a2eddaa425b4_3ee87e3b-1c67-4c64-8996-6bf2fc374524.png?v=1774789625,archive-patchwork-aloha-shirt-cutout.png
atomic-network-aop-tee,9175879221475,0,1,https://cdn.shopify.com/s/files/1/0788/2358/8067/files/9e1e0e71-il_fullxfull.7676318746_cyrz.jpg?v=1774455877,atomic-network-aop-tee-cutout.png
atomic-network-aop-tee,9175879221475,1,0,https://cdn.shopify.com/s/files/1/0788/2358/8067/files/d3bfe9ca-il_fullxfull.7676319096_m2si.jpg?v=1774455878,atomic-network-aop-tee-cutout.png
atomic-network-aop-tee,9175879221475,2,0,https://cdn.shopify.com/s/files/1/0788/2358/8067/files/9b2012f8-il_fullxfull.7724266307_3exv.jpg?v=1774455877,atomic-network-aop-tee-cutout.png
atomic-network-aop-tee,9175879221475,3,0,https://cdn.shopify.com/s/files/1/0788/2358/8067/files/3a67ac63-il_fullxfull.7724266543_ly3w.jpg?v=1774790706,atomic-network-aop-tee-cutout.png
atomic-network-aop-tee,9175879221475,4,0,https://cdn.shopify.com/s/files/1/0788/2358/8067/files/22d5a57b-il_fullxfull.7724266733_oh2v.jpg?v=1774455859,atomic-network-aop-tee-cutout.png
aurora-melt-half-zip-hoodie,9366710780131,0,1,https://cdn.shopify.com/s/files/1/0788/2358/8067/files/banana-vector-waves-hoodie-squiggly-yellow-cobalt-pop-pattern-aop-pullover-certified-conversation-starter-9126872.jpg?v=1782724034,aurora-melt-half-zip-hoodie-cutout.png
aurora-melt-half-zip-hoodie,9366710780131,1,0,https://cdn.shopify.com/s/files/1/0788/2358/8067/files/banana-vector-waves-hoodie-squiggly-yellow-cobalt-pop-pattern-aop-pullover-certified-conversation-starter-3632278.jpg?v=1782724034,aurora-melt-half-zip-hoodie-cutout.png
aurora-melt-half-zip-hoodie,9366710780131,2,0,https://cdn.shopify.com/s/files/1/0788/2358/8067/files/banana-vector-waves-hoodie-squiggly-yellow-cobalt-pop-pattern-aop-pullover-certified-conversation-starter-9373049.jpg?v=1782724034,aurora-melt-half-zip-hoodie-cutout.png
aurora-melt-half-zip-hoodie,9366710780131,3,0,https://cdn.shopify.com/s/files/1/0788/2358/8067/files/banana-vector-waves-hoodie-squiggly-yellow-cobalt-pop-pattern-aop-pullover-certified-conversation-starter-1501090.jpg?v=1782724035,aurora-melt-half-zip-hoodie-cutout.png
autumn-brushstroke-zip-hoodie,9261115834595,0,1,https://cdn.shopify.com/s/files/1/0788/2358/8067/files/maximalist-fall-zip-hoodie-for-aesthetic-dressers-abstract-autumn-brushstroke-aop-earthy-statement-outerwear-cozy-art-forward-streetwear-8361043.jpg?v=1782724215,autumn-brushstroke-zip-hoodie-cutout.png
autumn-brushstroke-zip-hoodie,9261115834595,1,0,https://cdn.shopify.com/s/files/1/0788/2358/8067/files/maximalist-fall-zip-hoodie-for-aesthetic-dressers-abstract-autumn-brushstroke-aop-earthy-statement-outerwear-cozy-art-forward-streetwear-3889160.jpg?v=1782724215,autumn-brushstroke-zip-hoodie-cutout.png
autumn-brushstroke-zip-hoodie,9261115834595,2,0,https://cdn.shopify.com/s/files/1/0788/2358/8067/files/maximalist-fall-zip-hoodie-for-aesthetic-dressers-abstract-autumn-brushstroke-aop-earthy-statement-outerwear-cozy-art-forward-streetwear-7949878.jpg?v=1782724215,autumn-brushstroke-zip-hoodie-cutout.png
autumn-brushstroke-zip-hoodie,9261115834595,3,0,https://cdn.shopify.com/s/files/1/0788/2358/8067/files/maximalist-fall-zip-hoodie-for-aesthetic-dressers-abstract-autumn-brushstroke-aop-earthy-statement-outerwear-cozy-art-forward-streetwear-2227979.jpg?v=1782724215,autumn-brushstroke-zip-hoodie-cutout.png
autumn-brushstroke-zip-hoodie,9261115834595,4,0,https://cdn.shopify.com/s/files/1/0788/2358/8067/files/maximalist-fall-zip-hoodie-for-aesthetic-dressers-abstract-autumn-brushstroke-aop-earthy-statement-outerwear-cozy-art-forward-streetwear-1866527.jpg?v=1782724215,autumn-brushstroke-zip-hoodie-cutout.png
autumn-thicket-bucket-hat,9175880040675,0,1,https://cdn.shopify.com/s/files/1/0788/2358/8067/files/fdd7affe-il_fullxfull.7689724844_kqtb.jpg?v=1774790526,autumn-thicket-bucket-hat-cutout.png
autumn-thicket-bucket-hat,9175880040675,1,0,https://cdn.shopify.com/s/files/1/0788/2358/8067/files/d84fb170-il_fullxfull.7689419684_7vs6.jpg?v=1774790526,autumn-thicket-bucket-hat-cutout.png
autumn-thicket-bucket-hat,9175880040675,2,0,https://cdn.shopify.com/s/files/1/0788/2358/8067/files/ae3bee4b-il_fullxfull.7689420340_bh3n.jpg?v=1774790526,autumn-thicket-bucket-hat-cutout.png
autumn-thicket-bucket-hat,9175880040675,3,0,https://cdn.shopify.com/s/files/1/0788/2358/8067/files/ea42cdb2-il_fullxfull.7689724808_gdx9.jpg?v=1774790526,autumn-thicket-bucket-hat-cutout.png
autumn-thicket-bucket-hat,9175880040675,4,0,https://cdn.shopify.com/s/files/1/0788/2358/8067/files/e72559e3-il_fullxfull.7737223275_rhv0.jpg?v=1774790526,autumn-thicket-bucket-hat-cutout.png
autumn-thicket-bucket-hat,9175880040675,5,0,https://cdn.shopify.com/s/files/1/0788/2358/8067/files/cdf6e5a1-il_fullxfull.7737223485_jclj.jpg?v=1774790526,autumn-thicket-bucket-hat-cutout.png
autumn-thicket-bucket-hat,9175880040675,6,0,https://cdn.shopify.com/s/files/1/0788/2358/8067/files/7c6345dc-il_fullxfull.7689279298_9dwh.jpg?v=1774790526,autumn-thicket-bucket-hat-cutout.png
aviary-fieldbook-hoodie-dress,9260235620579,0,1,https://cdn.shopify.com/s/files/1/0788/2358/8067/files/aviary-aop-womens-hoodie-dress-bird-botanical-print-wearable-field-guide-cottagecore-statement-dress-with-kangaroo-pocket-s-2xl-1682649.png?v=1782724217,aviary-fieldbook-hoodie-dress-cutout.png
aviary-fieldbook-hoodie-dress,9260235620579,1,0,https://cdn.shopify.com/s/files/1/0788/2358/8067/files/aviary-aop-womens-hoodie-dress-bird-botanical-print-wearable-field-guide-cottagecore-statement-dress-with-kangaroo-pocket-s-2xl-1053000.jpg?v=1782724218,aviary-fieldbook-hoodie-dress-cutout.png
aviary-fieldbook-hoodie-dress,9260235620579,2,0,https://cdn.shopify.com/s/files/1/0788/2358/8067/files/aviary-aop-womens-hoodie-dress-bird-botanical-print-wearable-field-guide-cottagecore-statement-dress-with-kangaroo-pocket-s-2xl-6521475.jpg?v=1782724217,aviary-fieldbook-hoodie-dress-cutout.png
aviary-fieldbook-hoodie-dress,9260235620579,3,0,https://cdn.shopify.com/s/files/1/0788/2358/8067/files/aviary-aop-womens-hoodie-dress-bird-botanical-print-wearable-field-guide-cottagecore-statement-dress-with-kangaroo-pocket-s-2xl-4302739.jpg?v=1782724218,aviary-fieldbook-hoodie-dress-cutout.png
aviary-fieldbook-hoodie-dress,9260235620579,4,0,https://cdn.shopify.com/s/files/1/0788/2358/8067/files/aviary-aop-womens-hoodie-dress-bird-botanical-print-wearable-field-guide-cottagecore-statement-dress-with-kangaroo-pocket-s-2xl-8691150.jpg?v=1782724217,aviary-fieldbook-hoodie-dress-cutout.png
aviary-fieldbook-hoodie-dress,9260235620579,5,0,https://cdn.shopify.com/s/files/1/0788/2358/8067/files/aviary-aop-womens-hoodie-dress-bird-botanical-print-wearable-field-guide-cottagecore-statement-dress-with-kangaroo-pocket-s-2xl-6830751.jpg?v=1782724217,aviary-fieldbook-hoodie-dress-cutout.png
aviary-fieldbook-hoodie-dress,9260235620579,6,0,https://cdn.shopify.com/s/files/1/0788/2358/8067/files/aviary-aop-womens-hoodie-dress-bird-botanical-print-wearable-field-guide-cottagecore-statement-dress-with-kangaroo-pocket-s-2xl-1667210.jpg?v=1782724217,aviary-fieldbook-hoodie-dress-cutout.png
banana-slip-zip-hoodie,9175879581923,0,1,https://cdn.shopify.com/s/files/1/0788/2358/8067/files/banana-slip-aop-zip-hoodie-250gsm-cut-and-sewn-no-seam-break-fleece-jacket-artist-edition-unisex-streetwear-assembled-in-usa-xs-3xl-7634072.png?v=1782724387,banana-slip-zip-hoodie-cutout.png
banana-slip-zip-hoodie,9175879581923,1,0,https://cdn.shopify.com/s/files/1/0788/2358/8067/files/b5de75c6-il_fullxfull.7676317780_b3pk.jpg?v=1774791004,banana-slip-zip-hoodie-cutout.png
banana-slip-zip-hoodie,9175879581923,2,0,https://cdn.shopify.com/s/files/1/0788/2358/8067/files/e4847bfd-il_fullxfull.7724265217_hi1h.jpg?v=1774791004,banana-slip-zip-hoodie-cutout.png
banana-slip-zip-hoodie,9175879581923,3,0,https://cdn.shopify.com/s/files/1/0788/2358/8067/files/cb750ae9-il_fullxfull.7676318450_r255.jpg?v=1774791004,banana-slip-zip-hoodie-cutout.png
banana-slip-zip-hoodie,9175879581923,4,0,https://cdn.shopify.com/s/files/1/0788/2358/8067/files/50d446fa-il_fullxfull.7676318828_3mjp.jpg?v=1774455983,banana-slip-zip-hoodie-cutout.png
baseball-cap-with-flat-brim,9572682924259,0,1,https://cdn.shopify.com/s/files/1/0788/2358/8067/files/155733-06fac1c9-2629-4ff4-b4c2-a893636d309c.jpg?v=1784669966,baseball-cap-with-flat-brim-cutout.png
baseball-cap-with-flat-brim,9572682924259,1,0,https://cdn.shopify.com/s/files/1/0788/2358/8067/files/155733-97e79c20-4794-4f7c-afb9-6a7aba27c816.jpg?v=1784669966,baseball-cap-with-flat-brim-cutout.png
baseball-cap-with-flat-brim,9572682924259,2,0,https://cdn.shopify.com/s/files/1/0788/2358/8067/files/155733-0ae5e889-868f-4979-b862-bf2ebcc1c7ea.jpg?v=1784669967,baseball-cap-with-flat-brim-cutout.png
biomorphic-cell-mosaic-svg,9260708790499,0,1,https://cdn.shopify.com/s/files/1/0788/2358/8067/files/biomorphic-cell-mosaic-svg-seamless-all-over-print-sublimation-digital-download-organic-cellular-vector-pattern-for-pod-apparel-5857084.png?v=1782724156,biomorphic-cell-mosaic-svg-cutout.png
biomorphic-cow-aop-hoodie,9236013875427,0,1,https://cdn.shopify.com/s/files/1/0788/2358/8067/files/neon-biomorphic-cow-print-psychedelic-all-over-print-unisex-hoodie-6453129.png?v=1777788609,biomorphic-cow-aop-hoodie-cutout.png
biomorphic-cow-aop-hoodie,9236013875427,1,0,https://cdn.shopify.com/s/files/1/0788/2358/8067/files/neon-biomorphic-cow-print-psychedelic-all-over-print-unisex-hoodie-5889444.png?v=1777705747,biomorphic-cow-aop-hoodie-cutout.png
biomorphic-cow-aop-hoodie,9236013875427,2,0,https://cdn.shopify.com/s/files/1/0788/2358/8067/files/psychedelic-neon-biomorphic-pattern-hoodie-all-over-print-6436534.jpg?v=1776879564,biomorphic-cow-aop-hoodie-cutout.png
biomorphic-cow-aop-hoodie,9236013875427,3,0,https://cdn.shopify.com/s/files/1/0788/2358/8067/files/psychedelic-neon-biomorphic-pattern-hoodie-all-over-print-5576981.jpg?v=1776879563,biomorphic-cow-aop-hoodie-cutout.png
biomorphic-cow-aop-hoodie,9236013875427,4,0,https://cdn.shopify.com/s/files/1/0788/2358/8067/files/psychedelic-neon-biomorphic-pattern-hoodie-all-over-print-3567362.jpg?v=1776879564,biomorphic-cow-aop-hoodie-cutout.png
biomorphic-cow-aop-hoodie,9236013875427,5,0,https://cdn.shopify.com/s/files/1/0788/2358/8067/files/psychedelic-neon-biomorphic-pattern-hoodie-all-over-print-5757818.jpg?v=1776879563,biomorphic-cow-aop-hoodie-cutout.png
biomorphic-cow-aop-hoodie,9236013875427,6,0,https://cdn.shopify.com/s/files/1/0788/2358/8067/files/psychedelic-neon-biomorphic-pattern-hoodie-all-over-print-9812757.jpg?v=1776879564,biomorphic-cow-aop-hoodie-cutout.png
biomorphic-cow-aop-hoodie,9236013875427,7,0,https://cdn.shopify.com/s/files/1/0788/2358/8067/files/psychedelic-neon-biomorphic-pattern-hoodie-all-over-print-2787451.jpg?v=1776879564,biomorphic-cow-aop-hoodie-cutout.png
biomorphic-cow-aop-hoodie,9236013875427,8,0,https://cdn.shopify.com/s/files/1/0788/2358/8067/files/psychedelic-neon-biomorphic-pattern-hoodie-all-over-print-2626855.jpg?v=1776879564,biomorphic-cow-aop-hoodie-cutout.png
biomorphic-cow-aop-hoodie,9236013875427,9,0,https://cdn.shopify.com/s/files/1/0788/2358/8067/files/psychedelic-neon-biomorphic-pattern-hoodie-all-over-print-9308197.jpg?v=1776879563,biomorphic-cow-aop-hoodie-cutout.png
biomorphic-mosaic-mark-11-hoodie,9552844423395,0,1,https://cdn.shopify.com/s/files/1/0788/2358/8067/files/biomorphic-cow-print-mark-11-heavy-fleece-zip-up-hoodie-3950836.jpg?v=1783374007,biomorphic-mosaic-mark-11-hoodie-cutout.png
biomorphic-mosaic-mark-11-hoodie,9552844423395,1,0,https://cdn.shopify.com/s/files/1/0788/2358/8067/files/biomorphic-cow-print-mark-11-heavy-fleece-zip-up-hoodie-2803885.jpg?v=1783374008,biomorphic-mosaic-mark-11-hoodie-cutout.png
biomorphic-mosaic-mark-11-hoodie,9552844423395,2,0,https://cdn.shopify.com/s/files/1/0788/2358/8067/files/biomorphic-cow-print-mark-11-heavy-fleece-zip-up-hoodie-7414306.png?v=1783374007,biomorphic-mosaic-mark-11-hoodie-cutout.png
block-party-aop-hoodie,9175877648611,0,1,https://cdn.shopify.com/s/files/1/0788/2358/8067/files/85e86c64-il_fullxfull.7724266981_l868.jpg?v=1774455770,block-party-aop-hoodie-cutout.png
block-party-aop-hoodie,9175877648611,1,0,https://cdn.shopify.com/s/files/1/0788/2358/8067/files/0f83176f-il_fullxfull.7724267531_1tgc.jpg?v=1774455770,block-party-aop-hoodie-cutout.png
block-party-aop-hoodie,9175877648611,2,0,https://cdn.shopify.com/s/files/1/0788/2358/8067/files/da0183a1-il_fullxfull.7724267981_ppil.jpg?v=1774455791,block-party-aop-hoodie-cutout.png
block-party-aop-hoodie,9175877648611,3,0,https://cdn.shopify.com/s/files/1/0788/2358/8067/files/12beadab-il_fullxfull.7676321566_ee31.jpg?v=1774455790,block-party-aop-hoodie-cutout.png
block-party-aop-hoodie,9175877648611,4,0,https://cdn.shopify.com/s/files/1/0788/2358/8067/files/3779e374-il_fullxfull.7676321920_5qns.jpg?v=1774455790,block-party-aop-hoodie-cutout.png
block-party-aop-hoodie,9175877648611,5,0,https://cdn.shopify.com/s/files/1/0788/2358/8067/files/013e8081-il_fullxfull.7676322432_5owq.jpg?v=1774455791,block-party-aop-hoodie-cutout.png
block-pop-spaghetti-strap-vest,9175878402275,0,1,https://cdn.shopify.com/s/files/1/0788/2358/8067/files/318b48ad-il_fullxfull.7676320066_7o1r.jpg?v=1774790711,block-pop-spaghetti-strap-vest-cutout.png
block-pop-spaghetti-strap-vest,9175878402275,1,0,https://cdn.shopify.com/s/files/1/0788/2358/8067/files/a16b0455-il_fullxfull.7676320542_5203.jpg?v=1774790711,block-pop-spaghetti-strap-vest-cutout.png
block-pop-spaghetti-strap-vest,9175878402275,2,0,https://cdn.shopify.com/s/files/1/0788/2358/8067/files/20a607c4-il_fullxfull.7724267735_pk62.jpg?v=1774790711,block-pop-spaghetti-strap-vest-cutout.png
blue-hour-collage-cooling-sports-towel,9552844062947,0,1,https://cdn.shopify.com/s/files/1/0788/2358/8067/files/cooling-sports-towel-4942925.png?v=1784097879,blue-hour-collage-cooling-sports-towel-cutout.png
blue-hour-collage-cooling-sports-towel,9552844062947,1,0,https://cdn.shopify.com/s/files/1/0788/2358/8067/files/cooling-sports-towel-4942925.jpg?v=1783374006,blue-hour-collage-cooling-sports-towel-cutout.png
blueprint-collage-svg,9260744704227,0,1,https://cdn.shopify.com/s/files/1/0788/2358/8067/files/maximalist_blueprint_collage.svg?v=1778523402,blueprint-collage-svg-cutout.png
blush-branch-camo-hoodie,9561410371811,0,1,https://cdn.shopify.com/s/files/1/0788/2358/8067/files/155733-945e1737-1613-41bc-98cd-a9d8198b46ee.jpg?v=1784007178,blush-branch-camo-hoodie-cutout.png
blush-branch-camo-hoodie,9561410371811,1,0,https://cdn.shopify.com/s/files/1/0788/2358/8067/files/155733-589323a7-c487-457a-b676-e49e8b58d225.jpg?v=1784007179,blush-branch-camo-hoodie-cutout.png
blush-branch-camo-hoodie,9561410371811,2,0,https://cdn.shopify.com/s/files/1/0788/2358/8067/files/155733-4839222e-8452-4867-8a55-c937501015f6.jpg?v=1784007180,blush-branch-camo-hoodie-cutout.png
blush-branch-camo-hoodie,9561410371811,3,0,https://cdn.shopify.com/s/files/1/0788/2358/8067/files/155733-b3ed4bf7-4b4e-4cce-a9f9-37ca75ab00c7.jpg?v=1784007181,blush-branch-camo-hoodie-cutout.png
blush-branch-camo-hoodie,9561410371811,4,0,https://cdn.shopify.com/s/files/1/0788/2358/8067/files/155733-52fb16f9-e5c5-46bd-96de-a1752283e8eb.jpg?v=1784007182,blush-branch-camo-hoodie-cutout.png
blush-branch-camo-hoodie,9561410371811,5,0,https://cdn.shopify.com/s/files/1/0788/2358/8067/files/8e0a7853-ded9-4cf8-9a74-fed30c8e0f9c_131a1aa5-2411-48a1-9092-1e982e41da20.png?v=1784007182,blush-branch-camo-hoodie-cutout.png
blush-branch-camo-maxi-skirt,9561436291299,0,1,https://cdn.shopify.com/s/files/1/0788/2358/8067/files/155733-45090d39-ceac-4855-81be-349d08fe2c6b.jpg?v=1784010063,blush-branch-camo-maxi-skirt-cutout.png
blush-branch-camo-maxi-skirt,9561436291299,1,0,https://cdn.shopify.com/s/files/1/0788/2358/8067/files/155733-3ad26662-e593-49a5-9c13-377faaf79e3e.jpg?v=1784010064,blush-branch-camo-maxi-skirt-cutout.png
blush-branch-camo-maxi-skirt,9561436291299,2,0,https://cdn.shopify.com/s/files/1/0788/2358/8067/files/7dc7339c-0612-4cc1-9821-247f7ab74210.png?v=1784010065,blush-branch-camo-maxi-skirt-cutout.png
bolt-rush-shirt-dress,9193907618019,0,1,https://cdn.shopify.com/s/files/1/0788/2358/8067/files/155733-0c0da215-670e-4b82-b247-428d49725d2f.png?v=1774789514,bolt-rush-shirt-dress-cutout.png
bolt-rush-shirt-dress,9193907618019,1,0,https://cdn.shopify.com/s/files/1/0788/2358/8067/files/155733-1cea39bf-8d6b-4c9e-9b8c-258badabbe66.jpg?v=1774789514,bolt-rush-shirt-dress-cutout.png
bolt-rush-shirt-dress,9193907618019,2,0,https://cdn.shopify.com/s/files/1/0788/2358/8067/files/155733-0c0da215-670e-4b82-b247-428d49725d2f.jpg?v=1774789514,bolt-rush-shirt-dress-cutout.png
bolt-rush-shirt-dress,9193907618019,3,0,https://cdn.shopify.com/s/files/1/0788/2358/8067/files/155733-0c0da215-670e-4b82-b247-428d49725d2f_cfcb257c-9ea2-49b2-9021-c5b0f3f8e5d2.png?v=1774789514,bolt-rush-shirt-dress-cutout.png
bone-splatter-camo-hoodie,9225533522147,0,1,https://cdn.shopify.com/s/files/1/0788/2358/8067/files/hoodie-3348185.png?v=1776796692,bone-splatter-camo-hoodie-cutout.png
bone-splatter-camo-hoodie,9225533522147,1,0,https://cdn.shopify.com/s/files/1/0788/2358/8067/files/all-over-print-mens-thicken-pullover-hoodie-5804206.jpg?v=1776778710,bone-splatter-camo-hoodie-cutout.png
bone-splatter-camo-hoodie,9225533522147,2,0,https://cdn.shopify.com/s/files/1/0788/2358/8067/files/all-over-print-mens-thicken-pullover-hoodie-4071731.jpg?v=1776778710,bone-splatter-camo-hoodie-cutout.png
bone-splatter-camo-hoodie,9225533522147,3,0,https://cdn.shopify.com/s/files/1/0788/2358/8067/files/all-over-print-mens-thicken-pullover-hoodie-2449219.png?v=1776778710,bone-splatter-camo-hoodie-cutout.png
botanica-noir-rose-bouquet-bucket-hat,9175878041827,0,1,https://cdn.shopify.com/s/files/1/0788/2358/8067/files/77f692f5-il_fullxfull.7676318758_o16r.jpg?v=1774455822,botanica-noir-rose-bouquet-bucket-hat-cutout.png
botanica-noir-rose-bouquet-bucket-hat,9175878041827,1,0,https://cdn.shopify.com/s/files/1/0788/2358/8067/files/0471b5bf-il_fullxfull.7676319140_1n2p.jpg?v=1774455822,botanica-noir-rose-bouquet-bucket-hat-cutout.png
botanica-noir-rose-bouquet-bucket-hat,9175878041827,2,0,https://cdn.shopify.com/s/files/1/0788/2358/8067/files/7af74240-il_fullxfull.7724266463_gcjy.jpg?v=1774455821,botanica-noir-rose-bouquet-bucket-hat-cutout.png
botanica-noir-rose-bouquet-bucket-hat,9175878041827,3,0,https://cdn.shopify.com/s/files/1/0788/2358/8067/files/6d07ea07-il_fullxfull.7676319970_fmim.jpg?v=1774455821,botanica-noir-rose-bouquet-bucket-hat-cutout.png
botanica-noir-rose-bouquet-bucket-hat,9175878041827,4,0,https://cdn.shopify.com/s/files/1/0788/2358/8067/files/11fd8d67-il_fullxfull.7724267171_bmb4.jpg?v=1774455822,botanica-noir-rose-bouquet-bucket-hat-cutout.png
botanica-noir-rose-bouquet-bucket-hat,9175878041827,5,0,https://cdn.shopify.com/s/files/1/0788/2358/8067/files/d58cc59f-il_fullxfull.7724267611_gf1b.jpg?v=1774790705,botanica-noir-rose-bouquet-bucket-hat-cutout.png
botanica-noir-rose-bouquet-bucket-hat,9175878041827,6,0,https://cdn.shopify.com/s/files/1/0788/2358/8067/files/ffde7f3e-il_fullxfull.7724267995_cf62.jpg?v=1774455822,botanica-noir-rose-bouquet-bucket-hat-cutout.png
botanica-noir-rose-bouquet-bucket-hat,9175878041827,7,0,https://cdn.shopify.com/s/files/1/0788/2358/8067/files/0f539218-il_fullxfull.7676321710_bavu.jpg?v=1774455822,botanica-noir-rose-bouquet-bucket-hat-cutout.png
botanical-indigo-bloom-tank,9175878533347,0,1,https://cdn.shopify.com/s/files/1/0788/2358/8067/files/94805869-il_fullxfull.7680585466_n5cr.jpg?v=1774791011,botanical-indigo-bloom-tank-cutout.png
botanical-indigo-bloom-tank,9175878533347,1,0,https://cdn.shopify.com/s/files/1/0788/2358/8067/files/67d80b64-il_fullxfull.7728530865_osof.jpg?v=1774791011,botanical-indigo-bloom-tank-cutout.png
botanical-indigo-bloom-tank,9175878533347,2,0,https://cdn.shopify.com/s/files/1/0788/2358/8067/files/2a680cac-il_fullxfull.7728532451_pyag.jpg?v=1774791011,botanical-indigo-bloom-tank-cutout.png
boundless-bleeds-blackout-curtains,9231536554211,0,1,https://cdn.shopify.com/s/files/1/0788/2358/8067/files/blackout-curtains-with-hooks-265gsm-6467426.jpg?v=1776534074,boundless-bleeds-blackout-curtains-cutout.png
boundless-bleeds-blackout-curtains,9231536554211,1,0,https://cdn.shopify.com/s/files/1/0788/2358/8067/files/blackout-curtains-with-hooks-265gsm-7662328.jpg?v=1776534074,boundless-bleeds-blackout-curtains-cutout.png
boundless-bleeds-blackout-curtains,9231536554211,2,0,https://cdn.shopify.com/s/files/1/0788/2358/8067/files/blackout-curtains-with-hooks-265gsm-3961472.png?v=1776796687,boundless-bleeds-blackout-curtains-cutout.png
boundless-bleeds-long-sleeve-tee,9259991728355,0,1,https://cdn.shopify.com/s/files/1/0788/2358/8067/files/boundless-bleeds-aop-paint-splatter-long-sleeve-tee-full-body-expressionist-print-cotton-crew-190gsm-xs-5xl-7154288.png?v=1782724151,boundless-bleeds-long-sleeve-tee-cutout.png
boundless-bleeds-long-sleeve-tee,9259991728355,1,0,https://cdn.shopify.com/s/files/1/0788/2358/8067/files/boundless-bleeds-aop-paint-splatter-long-sleeve-tee-full-body-expressionist-print-cotton-crew-190gsm-xs-5xl-4484255.png?v=1782724151,boundless-bleeds-long-sleeve-tee-cutout.png
boundless-bleeds-long-sleeve-tee,9259991728355,2,0,https://cdn.shopify.com/s/files/1/0788/2358/8067/files/boundless-bleeds-aop-paint-splatter-long-sleeve-tee-full-body-expressionist-print-cotton-crew-190gsm-xs-5xl-3254322.png?v=1782724150,boundless-bleeds-long-sleeve-tee-cutout.png
boundless-bleeds-long-sleeve-tee,9259991728355,3,0,https://cdn.shopify.com/s/files/1/0788/2358/8067/files/boundless-bleeds-aop-paint-splatter-long-sleeve-tee-full-body-expressionist-print-cotton-crew-190gsm-xs-5xl-7122335.png?v=1782724150,boundless-bleeds-long-sleeve-tee-cutout.png
boundless-bleeds-long-sleeve-tee,9259991728355,4,0,https://cdn.shopify.com/s/files/1/0788/2358/8067/files/boundless-bleeds-aop-paint-splatter-long-sleeve-tee-full-body-expressionist-print-cotton-crew-190gsm-xs-5xl-7665974.jpg?v=1782724150,boundless-bleeds-long-sleeve-tee-cutout.png
boundless-bleeds-long-sleeve-tee,9259991728355,5,0,https://cdn.shopify.com/s/files/1/0788/2358/8067/files/boundless-bleeds-aop-paint-splatter-long-sleeve-tee-full-body-expressionist-print-cotton-crew-190gsm-xs-5xl-8286535.jpg?v=1782724149,boundless-bleeds-long-sleeve-tee-cutout.png
boundless-bleeds-uv-arm-sleeves,9191712555235,0,1,https://cdn.shopify.com/s/files/1/0788/2358/8067/files/boundless-bleed-aop-uv-arm-sleeves-cooling-lycra-upf-sun-protection-moisture-wicking-maximalist-sleeves-for-hiking-cycling-gardening-9331540.png?v=1782724329,boundless-bleeds-uv-arm-sleeves-cutout.png
boundless-bleeds-uv-arm-sleeves,9191712555235,1,0,https://cdn.shopify.com/s/files/1/0788/2358/8067/files/037b7fa7b9df2409b07eb9156e29cf85.png?v=1774790226,boundless-bleeds-uv-arm-sleeves-cutout.png
boundless-bleeds-uv-arm-sleeves,9191712555235,2,0,https://cdn.shopify.com/s/files/1/0788/2358/8067/files/037b7fa7b9df2409b07eb9156e29cf85.jpg?v=1774456438,boundless-bleeds-uv-arm-sleeves-cutout.png
boundless-bleeds-uv-arm-sleeves,9191712555235,3,0,https://cdn.shopify.com/s/files/1/0788/2358/8067/files/196d86f947e6922ddf8788a4a6460ea0.jpg?v=1774456439,boundless-bleeds-uv-arm-sleeves-cutout.png
boundless-bleeds-uv-arm-sleeves,9191712555235,4,0,https://cdn.shopify.com/s/files/1/0788/2358/8067/files/d51c88e7614a7510b7ddaf859e2784d2.jpg?v=1774456438,boundless-bleeds-uv-arm-sleeves-cutout.png
boundless-bleeds-uv-arm-sleeves,9191712555235,5,0,https://cdn.shopify.com/s/files/1/0788/2358/8067/files/fcbcdc08bbee8bacc2778a56f82c7d23.jpg?v=1774456438,boundless-bleeds-uv-arm-sleeves-cutout.png
boundless-bleeds-uv-arm-sleeves,9191712555235,6,0,https://cdn.shopify.com/s/files/1/0788/2358/8067/files/e905b253138c07f511e94c55c1a89c17.jpg?v=1774456438,boundless-bleeds-uv-arm-sleeves-cutout.png
boundless-swirl-aloha-shirt,9175878140131,0,1,https://cdn.shopify.com/s/files/1/0788/2358/8067/files/retro-boundless-swirl-hawaiian-shirt-70s-psychedelic-aop-camp-shirt-for-festival-summer-style-3300296.png?v=1782724390,boundless-swirl-aloha-shirt-cutout.png
boundless-swirl-aloha-shirt,9175878140131,1,0,https://cdn.shopify.com/s/files/1/0788/2358/8067/files/e0205d1f-il_fullxfull.7724265247_fv9l.jpg?v=1774455845,boundless-swirl-aloha-shirt-cutout.png
boundless-swirl-aloha-shirt,9175878140131,2,0,https://cdn.shopify.com/s/files/1/0788/2358/8067/files/9f8ecf8a-il_fullxfull.7724265553_ev3x.jpg?v=1774455845,boundless-swirl-aloha-shirt-cutout.png
boundless-swirl-aloha-shirt,9175878140131,3,0,https://cdn.shopify.com/s/files/1/0788/2358/8067/files/0446dace-il_fullxfull.7676318860_3odg.jpg?v=1774455845,boundless-swirl-aloha-shirt-cutout.png
boundless-swirl-aloha-shirt,9175878140131,4,0,https://cdn.shopify.com/s/files/1/0788/2358/8067/files/8dbc5bc0-il_fullxfull.7724266187_24gk.jpg?v=1774455845,boundless-swirl-aloha-shirt-cutout.png
boundless-swirl-aloha-shirt,9175878140131,5,0,https://cdn.shopify.com/s/files/1/0788/2358/8067/files/48169c96-il_fullxfull.7724266983_n743.jpg?v=1774455846,boundless-swirl-aloha-shirt-cutout.png
boundless-swirl-aloha-shirt,9175878140131,6,0,https://cdn.shopify.com/s/files/1/0788/2358/8067/files/1fc7015f-il_fullxfull.7676320764_4uif.jpg?v=1774455846,boundless-swirl-aloha-shirt-cutout.png
boundless-swirl-aloha-shirt,9175878140131,7,0,https://cdn.shopify.com/s/files/1/0788/2358/8067/files/93a18cc3-il_fullxfull.7724267891_d7ro.jpg?v=1774455845,boundless-swirl-aloha-shirt-cutout.png
boundless-swirl-aloha-shirt,9175878140131,8,0,https://cdn.shopify.com/s/files/1/0788/2358/8067/files/c007bea1-il_fullxfull.7676321614_5sop.jpg?v=1774455846,boundless-swirl-aloha-shirt-cutout.png
bronze-navy-tortoiseshell-sweatshirt,9231812395235,0,1,https://cdn.shopify.com/s/files/1/0788/2358/8067/files/adams-tortoise-shell-all-over-print-mens-heavy-fleece-sweatshirt-9128271.png?v=1776713888,bronze-navy-tortoiseshell-sweatshirt-cutout.png
bronze-navy-tortoiseshell-sweatshirt,9231812395235,1,0,https://cdn.shopify.com/s/files/1/0788/2358/8067/files/adams-tortoise-shell-all-over-print-mens-heavy-fleece-sweatshirt-7013460.png?v=1776713888,bronze-navy-tortoiseshell-sweatshirt-cutout.png
bronze-navy-tortoiseshell-sweatshirt,9231812395235,2,0,https://cdn.shopify.com/s/files/1/0788/2358/8067/files/adams-tortoise-shell-all-over-print-mens-heavy-fleece-sweatshirt-1709383.jpg?v=1776626527,bronze-navy-tortoiseshell-sweatshirt-cutout.png
bronze-navy-tortoiseshell-sweatshirt,9231812395235,3,0,https://cdn.shopify.com/s/files/1/0788/2358/8067/files/adams-tortoise-shell-all-over-print-mens-heavy-fleece-sweatshirt-2917890.jpg?v=1776626527,bronze-navy-tortoiseshell-sweatshirt-cutout.png
bronze-navy-tortoiseshell-sweatshirt,9231812395235,4,0,https://cdn.shopify.com/s/files/1/0788/2358/8067/files/adams-tortoise-shell-all-over-print-mens-heavy-fleece-sweatshirt-8861469.png?v=1776626527,bronze-navy-tortoiseshell-sweatshirt-cutout.png
bronze-navy-tortoiseshell-sweatshirt,9231812395235,5,0,https://cdn.shopify.com/s/files/1/0788/2358/8067/files/adams-tortoise-shell-all-over-print-mens-heavy-fleece-sweatshirt-5297321.png?v=1776713888,bronze-navy-tortoiseshell-sweatshirt-cutout.png
brushstroke-bouquet-laptop-sleeve,9191713407203,0,1,https://cdn.shopify.com/s/files/1/0788/2358/8067/files/0ee3f673dfb8387c972e07338628b5ae.jpg?v=1774456439,brushstroke-bouquet-laptop-sleeve-cutout.png
brushstroke-bouquet-laptop-sleeve,9191713407203,1,0,https://cdn.shopify.com/s/files/1/0788/2358/8067/files/e9ee9c9180383069b0e6390cbf9ffd3c.jpg?v=1774456440,brushstroke-bouquet-laptop-sleeve-cutout.png
brushstroke-bouquet-laptop-sleeve,9191713407203,2,0,https://cdn.shopify.com/s/files/1/0788/2358/8067/files/f0747a74f813a98973c8dcc15e4c9432.jpg?v=1774456439,brushstroke-bouquet-laptop-sleeve-cutout.png
brushstroke-bouquet-laptop-sleeve,9191713407203,3,0,https://cdn.shopify.com/s/files/1/0788/2358/8067/files/14dd9382c988b55790375b5169369a72.jpg?v=1774456439,brushstroke-bouquet-laptop-sleeve-cutout.png
brushstroke-bouquet-laptop-sleeve,9191713407203,4,0,https://cdn.shopify.com/s/files/1/0788/2358/8067/files/c4f36644e8dad81126d2169e140404b4_5577b47c-c6f9-4a2b-982e-96495084e53e.jpg?v=1774456440,brushstroke-bouquet-laptop-sleeve-cutout.png
brushstroke-bouquet-laptop-sleeve,9191713407203,5,0,https://cdn.shopify.com/s/files/1/0788/2358/8067/files/96721617b7864be04d282e6aa1c13083.jpg?v=1774456439,brushstroke-bouquet-laptop-sleeve-cutout.png
brushstroke-bouquet-laptop-sleeve,9191713407203,6,0,https://cdn.shopify.com/s/files/1/0788/2358/8067/files/3f10c091ca22d43a97cb9cb470eb14bf.jpg?v=1774456439,brushstroke-bouquet-laptop-sleeve-cutout.png
brushstroke-bouquet-laptop-sleeve,9191713407203,7,0,https://cdn.shopify.com/s/files/1/0788/2358/8067/files/0f760dca8ac0a87649742d3a34603af3.jpg?v=1774456194,brushstroke-bouquet-laptop-sleeve-cutout.png
brushstroke-bouquet-laptop-sleeve,9191713407203,8,0,https://cdn.shopify.com/s/files/1/0788/2358/8067/files/bd25cac25c8f17ab1fe40ad09d2ccf7a.jpg?v=1774456194,brushstroke-bouquet-laptop-sleeve-cutout.png
brushstroke-riot-sweatshirt,9261118095587,0,1,https://cdn.shopify.com/s/files/1/0788/2358/8067/files/brushstroke-riot-unisex-sweatshirt-primary-color-paint-dab-aop-crewneck-with-art-school-energy-1787031.jpg?v=1782724096,brushstroke-riot-sweatshirt-cutout.png
brushstroke-riot-sweatshirt,9261118095587,1,0,https://cdn.shopify.com/s/files/1/0788/2358/8067/files/brushstroke-riot-unisex-sweatshirt-primary-color-paint-dab-aop-crewneck-with-art-school-energy-1019003.jpg?v=1782724097,brushstroke-riot-sweatshirt-cutout.png
brushstroke-riot-sweatshirt,9261118095587,2,0,https://cdn.shopify.com/s/files/1/0788/2358/8067/files/brushstroke-riot-unisex-sweatshirt-primary-color-paint-dab-aop-crewneck-with-art-school-energy-8355400.jpg?v=1782724097,brushstroke-riot-sweatshirt-cutout.png
brushstroke-riot-sweatshirt,9261118095587,3,0,https://cdn.shopify.com/s/files/1/0788/2358/8067/files/brushstroke-riot-unisex-sweatshirt-primary-color-paint-dab-aop-crewneck-with-art-school-energy-2081951.jpg?v=1782724096,brushstroke-riot-sweatshirt-cutout.png
brushstroke-riot-sweatshirt,9261118095587,4,0,https://cdn.shopify.com/s/files/1/0788/2358/8067/files/brushstroke-riot-unisex-sweatshirt-primary-color-paint-dab-aop-crewneck-with-art-school-energy-7704450.jpg?v=1782724097,brushstroke-riot-sweatshirt-cutout.png
bubble-bloom-giclee-print,9185450131683,0,1,https://cdn.shopify.com/s/files/1/0788/2358/8067/files/2943713_custom-sized-art-prints_0.jpg?v=1774791010,bubble-bloom-giclee-print-cutout.png
butterfly-wing-pajama-pants,9260924010723,0,1,https://cdn.shopify.com/s/files/1/0788/2358/8067/files/butterfly-wing-pajama-pants-emerald-sapphire-organic-aop-lounge-bottoms-jewel-tone-sleepwear-9491077.jpg?v=1782724091,butterfly-wing-pajama-pants-cutout.png
butterfly-wing-pajama-pants,9260924010723,1,0,https://cdn.shopify.com/s/files/1/0788/2358/8067/files/butterfly-wing-pajama-pants-emerald-sapphire-organic-aop-lounge-bottoms-jewel-tone-sleepwear-9122573.jpg?v=1782724091,butterfly-wing-pajama-pants-cutout.png
butterfly-wing-pajama-pants,9260924010723,2,0,https://cdn.shopify.com/s/files/1/0788/2358/8067/files/butterfly-wing-pajama-pants-emerald-sapphire-organic-aop-lounge-bottoms-jewel-tone-sleepwear-7941986.jpg?v=1782724091,butterfly-wing-pajama-pants-cutout.png
butterfly-wing-pajama-pants,9260924010723,3,0,https://cdn.shopify.com/s/files/1/0788/2358/8067/files/butterfly-wing-pajama-pants-emerald-sapphire-organic-aop-lounge-bottoms-jewel-tone-sleepwear-5779919.jpg?v=1782724091,butterfly-wing-pajama-pants-cutout.png
butterfly-wing-pajama-pants,9260924010723,4,0,https://cdn.shopify.com/s/files/1/0788/2358/8067/files/butterfly-wing-pajama-pants-emerald-sapphire-organic-aop-lounge-bottoms-jewel-tone-sleepwear-4572092.jpg?v=1782724090,butterfly-wing-pajama-pants-cutout.png
butterfly-wing-pajama-pants,9260924010723,5,0,https://cdn.shopify.com/s/files/1/0788/2358/8067/files/butterfly-wing-pajama-pants-emerald-sapphire-organic-aop-lounge-bottoms-jewel-tone-sleepwear-6089379.jpg?v=1782724091,butterfly-wing-pajama-pants-cutout.png
butterfly-wing-pajama-pants,9260924010723,6,0,https://cdn.shopify.com/s/files/1/0788/2358/8067/files/butterfly-wing-pajama-pants-emerald-sapphire-organic-aop-lounge-bottoms-jewel-tone-sleepwear-5163635.jpg?v=1782724092,butterfly-wing-pajama-pants-cutout.png
california-archive-collage-crewneck,9260393070819,0,1,https://cdn.shopify.com/s/files/1/0788/2358/8067/files/everyday-maximalist-aop-crewneck-sweatshirt-280gsm-heavyweight-unisex-pullover-bold-print-studio-to-street-statement-streetwear-s-5xl-8549887.png?v=1782724211,california-archive-collage-crewneck-cutout.png
california-archive-collage-crewneck,9260393070819,1,0,https://cdn.shopify.com/s/files/1/0788/2358/8067/files/everyday-maximalist-aop-crewneck-sweatshirt-280gsm-heavyweight-unisex-pullover-bold-print-studio-to-street-statement-streetwear-s-5xl-9633373.jpg?v=1782724210,california-archive-collage-crewneck-cutout.png
california-archive-collage-crewneck,9260393070819,2,0,https://cdn.shopify.com/s/files/1/0788/2358/8067/files/everyday-maximalist-aop-crewneck-sweatshirt-280gsm-heavyweight-unisex-pullover-bold-print-studio-to-street-statement-streetwear-s-5xl-8669226.jpg?v=1782724211,california-archive-collage-crewneck-cutout.png
california-archive-collage-crewneck,9260393070819,3,0,https://cdn.shopify.com/s/files/1/0788/2358/8067/files/everyday-maximalist-aop-crewneck-sweatshirt-280gsm-heavyweight-unisex-pullover-bold-print-studio-to-street-statement-streetwear-s-5xl-1153944.jpg?v=1782724211,california-archive-collage-crewneck-cutout.png
california-archive-collage-crewneck,9260393070819,4,0,https://cdn.shopify.com/s/files/1/0788/2358/8067/files/everyday-maximalist-aop-crewneck-sweatshirt-280gsm-heavyweight-unisex-pullover-bold-print-studio-to-street-statement-streetwear-s-5xl-3913785.jpg?v=1782724210,california-archive-collage-crewneck-cutout.png
california-archive-collage-crewneck,9260393070819,5,0,https://cdn.shopify.com/s/files/1/0788/2358/8067/files/everyday-maximalist-aop-crewneck-sweatshirt-280gsm-heavyweight-unisex-pullover-bold-print-studio-to-street-statement-streetwear-s-5xl-5689274.jpg?v=1782724211,california-archive-collage-crewneck-cutout.png
california-archive-collage-crewneck,9260393070819,6,0,https://cdn.shopify.com/s/files/1/0788/2358/8067/files/88c8d8718e6c9c8af06fbb67e512b8f6.jpg?v=1778483474,california-archive-collage-crewneck-cutout.png
california-archive-collage-crewneck,9260393070819,7,0,https://cdn.shopify.com/s/files/1/0788/2358/8067/files/583d9c1ebfc91e03719ac048a53f8a28.jpg?v=1778483474,california-archive-collage-crewneck-cutout.png
camping-container-abstract-phone-case,9214500438243,0,1,https://cdn.shopify.com/s/files/1/0788/2358/8067/files/673964797519154064_2048.jpg?v=1775899160,camping-container-abstract-phone-case-cutout.png
camping-container-abstract-phone-case,9214500438243,1,0,https://cdn.shopify.com/s/files/1/0788/2358/8067/files/238401766664374276_2048.jpg?v=1775899160,camping-container-abstract-phone-case-cutout.png
camping-container-abstract-phone-case,9214500438243,2,0,https://cdn.shopify.com/s/files/1/0788/2358/8067/files/7126124397000570030_2048.jpg?v=1775899160,camping-container-abstract-phone-case-cutout.png
camping-container-abstract-phone-case,9214500438243,3,0,https://cdn.shopify.com/s/files/1/0788/2358/8067/files/13581764992268852267_2048.jpg?v=1775899160,camping-container-abstract-phone-case-cutout.png
camping-container-abstract-phone-case,9214500438243,4,0,https://cdn.shopify.com/s/files/1/0788/2358/8067/files/7405035475564073487_2048.jpg?v=1775899160,camping-container-abstract-phone-case-cutout.png
camping-container-abstract-phone-case,9214500438243,5,0,https://cdn.shopify.com/s/files/1/0788/2358/8067/files/15906769766173143261_2048.jpg?v=1775471303,camping-container-abstract-phone-case-cutout.png
camping-container-abstract-phone-case,9214500438243,6,0,https://cdn.shopify.com/s/files/1/0788/2358/8067/files/17300967348214547392_2048.jpg?v=1775471306,camping-container-abstract-phone-case-cutout.png
camping-container-abstract-phone-case,9214500438243,7,0,https://cdn.shopify.com/s/files/1/0788/2358/8067/files/261615809089160364_2048.jpg?v=1775471311,camping-container-abstract-phone-case-cutout.png
camping-container-abstract-phone-case,9214500438243,8,0,https://cdn.shopify.com/s/files/1/0788/2358/8067/files/238401766664374276_2048.png?v=1776080525,camping-container-abstract-phone-case-cutout.png
candy-stripe-hoodie-blanket,9185459044579,0,1,https://cdn.shopify.com/s/files/1/0788/2358/8067/files/hoodie-blanket-laffy-taffy-wrapper-all-over-print-wearable-art-oversized-sherpa-fleece-all-gender-2602466.png?v=1782724337,candy-stripe-hoodie-blanket-cutout.png
candy-stripe-hoodie-blanket,9185459044579,1,0,https://cdn.shopify.com/s/files/1/0788/2358/8067/files/hoodie-blanket-laffy-taffy-wrapper-all-over-print-wearable-art-oversized-sherpa-fleece-all-gender-3927458.jpg?v=1776617050,candy-stripe-hoodie-blanket-cutout.png
candy-stripe-hoodie-blanket,9185459044579,2,0,https://cdn.shopify.com/s/files/1/0788/2358/8067/files/hoodie-blanket-laffy-taffy-wrapper-all-over-print-wearable-art-oversized-sherpa-fleece-all-gender-4071942.jpg?v=1776617050,candy-stripe-hoodie-blanket-cutout.png
candy-stripe-hoodie-blanket,9185459044579,3,0,https://cdn.shopify.com/s/files/1/0788/2358/8067/files/hoodie-blanket-laffy-taffy-wrapper-all-over-print-wearable-art-oversized-sherpa-fleece-all-gender-8633901.jpg?v=1776617049,candy-stripe-hoodie-blanket-cutout.png
candy-stripe-hoodie-blanket,9185459044579,4,0,https://cdn.shopify.com/s/files/1/0788/2358/8067/files/hoodie-blanket-laffy-taffy-wrapper-all-over-print-wearable-art-oversized-sherpa-fleece-all-gender-4914464.jpg?v=1776617049,candy-stripe-hoodie-blanket-cutout.png
candy-stripe-hoodie-blanket,9185459044579,5,0,https://cdn.shopify.com/s/files/1/0788/2358/8067/files/hoodie-blanket-laffy-taffy-wrapper-all-over-print-wearable-art-oversized-sherpa-fleece-all-gender-7988678.jpg?v=1776617049,candy-stripe-hoodie-blanket-cutout.png
candy-stripe-hoodie-blanket,9185459044579,6,0,https://cdn.shopify.com/s/files/1/0788/2358/8067/files/2945641_0_3d.jpg?v=1776594460,candy-stripe-hoodie-blanket-cutout.png
candy-stripe-hoodie-blanket,9185459044579,7,0,https://cdn.shopify.com/s/files/1/0788/2358/8067/files/2945641_1_3d.jpg?v=1776594460,candy-stripe-hoodie-blanket-cutout.png
caribbean-bandits-bathrobe,9225533194467,0,1,https://cdn.shopify.com/s/files/1/0788/2358/8067/files/caribbean-bandits-aop-fleece-lined-bathrobe-with-belt-2137794.png?v=1777788606,caribbean-bandits-bathrobe-cutout.png
caribbean-bandits-bathrobe,9225533194467,1,0,https://cdn.shopify.com/s/files/1/0788/2358/8067/files/all-over-print-mens-fleece-lined-bathrobe-with-belt-7464348.jpg?v=1776174126,caribbean-bandits-bathrobe-cutout.png
caribbean-bandits-bathrobe,9225533194467,2,0,https://cdn.shopify.com/s/files/1/0788/2358/8067/files/all-over-print-mens-fleece-lined-bathrobe-with-belt-6856838.jpg?v=1776174127,caribbean-bandits-bathrobe-cutout.png
carnival-confetti-labyrinth-svg,9260745949411,0,1,https://cdn.shopify.com/s/files/1/0788/2358/8067/files/carnival_confetti_labyrinth.svg?v=1778523019,carnival-confetti-labyrinth-svg-cutout.png
carnival-labyrinth-936-path-svg,9257437888739,0,1,https://cdn.shopify.com/s/files/1/0788/2358/8067/files/carnival-labyrinth-936-path-earthy-confetti-collision-svg-warm-festival-aop-digital-download-9474738.png?v=1778202907,carnival-labyrinth-936-path-svg-cutout.png
carnival-labyrinth-936-path-svg,9257437888739,1,0,https://cdn.shopify.com/s/files/1/0788/2358/8067/files/carnival-labyrinth-936-path-earthy-confetti-collision-svg-warm-festival-aop-digital-download-9730514.png?v=1778202907,carnival-labyrinth-936-path-svg-cutout.png
carnival-tie-dye-raglan-tee,9528488493283,0,1,https://cdn.shopify.com/s/files/1/0788/2358/8067/files/all-over-print-womens-round-neck-t-shirt-with-raglan-sleeve-6355740.jpg?v=1782724097,carnival-tie-dye-raglan-tee-cutout.png
carnival-tie-dye-raglan-tee,9528488493283,1,0,https://cdn.shopify.com/s/files/1/0788/2358/8067/files/all-over-print-womens-round-neck-t-shirt-with-raglan-sleeve-3134303.jpg?v=1782724096,carnival-tie-dye-raglan-tee-cutout.png
carnival-tie-dye-raglan-tee,9528488493283,2,0,https://cdn.shopify.com/s/files/1/0788/2358/8067/files/all-over-print-womens-round-neck-t-shirt-with-raglan-sleeve-6258047.jpg?v=1782724096,carnival-tie-dye-raglan-tee-cutout.png
carnival-tie-dye-raglan-tee,9528488493283,3,0,https://cdn.shopify.com/s/files/1/0788/2358/8067/files/all-over-print-womens-round-neck-t-shirt-with-raglan-sleeve-5398266.jpg?v=1782724096,carnival-tie-dye-raglan-tee-cutout.png
carnival-tie-dye-raglan-tee,9528488493283,4,0,https://cdn.shopify.com/s/files/1/0788/2358/8067/files/all-over-print-womens-round-neck-t-shirt-with-raglan-sleeve-4841958.png?v=1782724096,carnival-tie-dye-raglan-tee-cutout.png
carnival-tie-dye-reversible-bucket-hat,9175876370659,0,1,https://cdn.shopify.com/s/files/1/0788/2358/8067/files/reversible-bucket-hat-psychedelic-kaleidoscope-graffiti-print-4622679.png?v=1782724509,carnival-tie-dye-reversible-bucket-hat-cutout.png
carnival-tie-dye-reversible-bucket-hat,9175876370659,1,0,https://cdn.shopify.com/s/files/1/0788/2358/8067/files/21730859-il_fullxfull.7751805807_nrpi.jpg?v=1774455844,carnival-tie-dye-reversible-bucket-hat-cutout.png
carnival-tie-dye-reversible-bucket-hat,9175876370659,2,0,https://cdn.shopify.com/s/files/1/0788/2358/8067/files/dd038873-il_fullxfull.7732876925_dh2h.jpg?v=1774455745,carnival-tie-dye-reversible-bucket-hat-cutout.png
carnival-tie-dye-reversible-bucket-hat,9175876370659,3,0,https://cdn.shopify.com/s/files/1/0788/2358/8067/files/6ee2c9f4-il_fullxfull.7732876957_4dkd.jpg?v=1774455745,carnival-tie-dye-reversible-bucket-hat-cutout.png
carnival-tie-dye-reversible-bucket-hat,9175876370659,4,0,https://cdn.shopify.com/s/files/1/0788/2358/8067/files/ab37b29c-il_fullxfull.7684932232_8pau.jpg?v=1774455745,carnival-tie-dye-reversible-bucket-hat-cutout.png
carnival-tie-dye-reversible-bucket-hat,9175876370659,5,0,https://cdn.shopify.com/s/files/1/0788/2358/8067/files/b9799778-il_fullxfull.7732877021_hfbe.jpg?v=1774455745,carnival-tie-dye-reversible-bucket-hat-cutout.png
carnival-tie-dye-reversible-bucket-hat,9175876370659,6,0,https://cdn.shopify.com/s/files/1/0788/2358/8067/files/reversible-bucket-hat-psychedelic-kaleidoscope-graffiti-print-2599508.png?v=1782724509,carnival-tie-dye-reversible-bucket-hat-cutout.png
celestial-moon-phase-svg-bundle-112-mystical-cut-files,9529610698979,0,1,https://cdn.shopify.com/s/files/1/0788/2358/8067/files/celestial-moon-phase-112-svg-bundle-for-cricut-sublimation-pod-celestial-moon-phase-mystical-designs-5819383.png?v=1782815106,celestial-moon-phase-svg-bundle-112-mystical-cut-files-cutout.png
cell-bloom-boxer-shorts,9185455669475,0,1,https://cdn.shopify.com/s/files/1/0788/2358/8067/files/2944928_0_3d.jpg?v=1774790231,cell-bloom-boxer-shorts-cutout.png
cell-bloom-boxer-shorts,9185455669475,1,0,https://cdn.shopify.com/s/files/1/0788/2358/8067/files/2944928_1_3d.jpg?v=1774790231,cell-bloom-boxer-shorts-cutout.png
cell-bloom-boxer-shorts,9185455669475,2,0,https://cdn.shopify.com/s/files/1/0788/2358/8067/files/2944928_2_3d.jpg?v=1774790231,cell-bloom-boxer-shorts-cutout.png
cell-bloom-boxer-shorts,9185455669475,3,0,https://cdn.shopify.com/s/files/1/0788/2358/8067/files/2944928_3_3d.jpg?v=1774790231,cell-bloom-boxer-shorts-cutout.png
cell-bloom-boxer-shorts,9185455669475,4,0,https://cdn.shopify.com/s/files/1/0788/2358/8067/files/2944928_4_3d.jpg?v=1774790231,cell-bloom-boxer-shorts-cutout.png
cell-bloom-boxer-shorts,9185455669475,5,0,https://cdn.shopify.com/s/files/1/0788/2358/8067/files/2944928_5_3d.jpg?v=1774790231,cell-bloom-boxer-shorts-cutout.png
chalk-stone-iphone-case,9175876403427,0,1,https://cdn.shopify.com/s/files/1/0788/2358/8067/files/maximalist-iphone-case-for-earthy-aesthetic-lovers-abstract-chalk-stone-aop-cover-shockproof-lexan-phone-armor-gorpcore-tech-accessory-6840139.png?v=1782724567,chalk-stone-iphone-case-cutout.png
chalk-stone-iphone-case,9175876403427,1,0,https://cdn.shopify.com/s/files/1/0788/2358/8067/files/bd2c672d-il_fullxfull.7704671392_4wxz.jpg?v=1774790765,chalk-stone-iphone-case-cutout.png
chalk-stone-iphone-case,9175876403427,2,0,https://cdn.shopify.com/s/files/1/0788/2358/8067/files/cc8f16e7-il_fullxfull.7676324050_np2z.jpg?v=1774455744,chalk-stone-iphone-case-cutout.png
chalk-stone-iphone-case,9175876403427,3,0,https://cdn.shopify.com/s/files/1/0788/2358/8067/files/ca9e8527-il_fullxfull.7724271087_4bio.jpg?v=1774455744,chalk-stone-iphone-case-cutout.png
chalk-stone-iphone-case,9175876403427,4,0,https://cdn.shopify.com/s/files/1/0788/2358/8067/files/3140c029-il_fullxfull.7724271471_oxx8.jpg?v=1774455744,chalk-stone-iphone-case-cutout.png
chalk-stone-iphone-case,9175876403427,5,0,https://cdn.shopify.com/s/files/1/0788/2358/8067/files/f9078bd0-il_fullxfull.7676325096_52za.jpg?v=1774455744,chalk-stone-iphone-case-cutout.png
chalk-stone-iphone-case,9175876403427,6,0,https://cdn.shopify.com/s/files/1/0788/2358/8067/files/d173d1d0-il_fullxfull.7676325492_49t8.jpg?v=1774455744,chalk-stone-iphone-case-cutout.png
chalk-stone-iphone-case,9175876403427,7,0,https://cdn.shopify.com/s/files/1/0788/2358/8067/files/63ffe7c7-il_fullxfull.7676326048_ls08.jpg?v=1774455748,chalk-stone-iphone-case-cutout.png
chalk-stone-iphone-case,9175876403427,8,0,https://cdn.shopify.com/s/files/1/0788/2358/8067/files/194053a2-il_fullxfull.7676326414_bntb.jpg?v=1774455744,chalk-stone-iphone-case-cutout.png
chalk-stone-iphone-case,9175876403427,9,0,https://cdn.shopify.com/s/files/1/0788/2358/8067/files/c97e1dbd-il_fullxfull.7676326786_ciuz.jpg?v=1774455744,chalk-stone-iphone-case-cutout.png
chalk-stone-iphone-case,9175876403427,10,0,https://cdn.shopify.com/s/files/1/0788/2358/8067/files/75c87c94-il_fullxfull.7676327198_2vkp.jpg?v=1774455744,chalk-stone-iphone-case-cutout.png
chameleon-prism-hoodie,9214500405475,0,1,https://cdn.shopify.com/s/files/1/0788/2358/8067/files/chameleon-prism-aop-hoodie-iridescent-color-shift-streetwear-6700962.png?v=1777788608,chameleon-prism-hoodie-cutout.png
chameleon-prism-hoodie,9214500405475,1,0,https://cdn.shopify.com/s/files/1/0788/2358/8067/files/Untitled-design_20251226_072407_0000.png?v=1776080527,chameleon-prism-hoodie-cutout.png
chameleon-prism-hoodie,9214500405475,2,0,https://cdn.shopify.com/s/files/1/0788/2358/8067/files/1766106737530-Firefly_Gemini_Flash_Keep_everything_from_the_selecte_57777_Sxm_png.png?v=1776080526,chameleon-prism-hoodie-cutout.png
chameleon-prism-hoodie,9214500405475,3,0,https://cdn.shopify.com/s/files/1/0788/2358/8067/files/1766106739559-Firefly_Gemini_Flash_Keep_everything_from_the_selecte_500579_vRm_png.png?v=1776080527,chameleon-prism-hoodie-cutout.png
chameleon-prism-hoodie,9214500405475,4,0,https://cdn.shopify.com/s/files/1/0788/2358/8067/files/9236953217313512619_2048.jpg?v=1776080526,chameleon-prism-hoodie-cutout.png
chameleon-prism-hoodie,9214500405475,5,0,https://cdn.shopify.com/s/files/1/0788/2358/8067/files/10105428713434145190_2048.jpg?v=1776080526,chameleon-prism-hoodie-cutout.png
channel-static-hoodie,9556264681699,0,1,https://cdn.shopify.com/s/files/1/0788/2358/8067/files/155733-bcdc3ece-7e79-486b-9354-db7244e98a05.jpg?v=1783544138,channel-static-hoodie-cutout.png
channel-static-hoodie,9556264681699,1,0,https://cdn.shopify.com/s/files/1/0788/2358/8067/files/155733-bb79e969-1016-43c0-802e-e5efa9f52221.jpg?v=1783544140,channel-static-hoodie-cutout.png
channel-static-hoodie,9556264681699,2,0,https://cdn.shopify.com/s/files/1/0788/2358/8067/files/14909fea-d0d6-4736-87f6-5252ce1f1842.png?v=1783544140,channel-static-hoodie-cutout.png
chaos-core-henley,9175875256547,0,1,https://cdn.shopify.com/s/files/1/0788/2358/8067/files/chaos-core-henley-for-trippy-maximalists-acid-marble-aop-long-sleeve-psychedelic-streetwear-top-y2k-alt-fashion-statement-mens-bold-print-henley-9992911.png?v=1783021899,chaos-core-henley-cutout.png
chaos-core-henley,9175875256547,1,0,https://cdn.shopify.com/s/files/1/0788/2358/8067/files/6d53dd38-il_fullxfull.7682041278_qenc.jpg?v=1781911833,chaos-core-henley-cutout.png
chaos-core-henley,9175875256547,2,0,https://cdn.shopify.com/s/files/1/0788/2358/8067/files/8e42a817-il_fullxfull.7729988439_hxw9.jpg?v=1774791011,chaos-core-henley-cutout.png
chaos-crew-y-back-tank,9299862520035,0,1,https://cdn.shopify.com/s/files/1/0788/2358/8067/files/chaos-crew-tank-for-the-chronically-self-expressive-graffiti-y-back-muscle-tee-festival-gym-wear-neon-rave-stringer-bold-streetwear-9162907.png?v=1782724150,chaos-crew-y-back-tank-cutout.png
chaos-crew-y-back-tank,9299862520035,1,0,https://cdn.shopify.com/s/files/1/0788/2358/8067/files/chaos-crew-tank-for-the-chronically-self-expressive-graffiti-y-back-muscle-tee-festival-gym-wear-neon-rave-stringer-bold-streetwear-3920534.png?v=1782724150,chaos-crew-y-back-tank-cutout.png
chaos-crew-y-back-tank,9299862520035,2,0,https://cdn.shopify.com/s/files/1/0788/2358/8067/files/chaos-crew-tank-for-the-chronically-self-expressive-graffiti-y-back-muscle-tee-festival-gym-wear-neon-rave-stringer-bold-streetwear-8205420.jpg?v=1782724151,chaos-crew-y-back-tank-cutout.png
chaos-crew-y-back-tank,9299862520035,3,0,https://cdn.shopify.com/s/files/1/0788/2358/8067/files/chaos-crew-tank-for-the-chronically-self-expressive-graffiti-y-back-muscle-tee-festival-gym-wear-neon-rave-stringer-bold-streetwear-3726075.jpg?v=1782724150,chaos-crew-y-back-tank-cutout.png
chaos-crew-y-back-tank,9299862520035,4,0,https://cdn.shopify.com/s/files/1/0788/2358/8067/files/chaos-crew-tank-for-the-chronically-self-expressive-graffiti-y-back-muscle-tee-festival-gym-wear-neon-rave-stringer-bold-streetwear-6989433.jpg?v=1782724151,chaos-crew-y-back-tank-cutout.png
chaos-crew-y-back-tank,9299862520035,5,0,https://cdn.shopify.com/s/files/1/0788/2358/8067/files/chaos-crew-tank-for-the-chronically-self-expressive-graffiti-y-back-muscle-tee-festival-gym-wear-neon-rave-stringer-bold-streetwear-4219436.png?v=1782724150,chaos-crew-y-back-tank-cutout.png
chaos-wall-graffiti-hoodie,9261117702371,0,1,https://cdn.shopify.com/s/files/1/0788/2358/8067/files/mens-all-over-graffiti-aop-pullover-hoodie-for-street-art-collectors-bold-medium-weight-comfort-fit-assembled-in-usa-8342975.jpg?v=1782724036,chaos-wall-graffiti-hoodie-cutout.png
chaos-wall-graffiti-hoodie,9261117702371,1,0,https://cdn.shopify.com/s/files/1/0788/2358/8067/files/mens-all-over-graffiti-aop-pullover-hoodie-for-street-art-collectors-bold-medium-weight-comfort-fit-assembled-in-usa-9350008.jpg?v=1782724036,chaos-wall-graffiti-hoodie-cutout.png
chaos-wall-graffiti-hoodie,9261117702371,2,0,https://cdn.shopify.com/s/files/1/0788/2358/8067/files/mens-all-over-graffiti-aop-pullover-hoodie-for-street-art-collectors-bold-medium-weight-comfort-fit-assembled-in-usa-2423845.jpg?v=1782724036,chaos-wall-graffiti-hoodie-cutout.png
chaos-wall-graffiti-hoodie,9261117702371,3,0,https://cdn.shopify.com/s/files/1/0788/2358/8067/files/mens-all-over-graffiti-aop-pullover-hoodie-for-street-art-collectors-bold-medium-weight-comfort-fit-assembled-in-usa-1069553.jpg?v=1782724035,chaos-wall-graffiti-hoodie-cutout.png
chaos-wall-graffiti-hoodie,9261117702371,4,0,https://cdn.shopify.com/s/files/1/0788/2358/8067/files/mens-all-over-graffiti-aop-pullover-hoodie-for-street-art-collectors-bold-medium-weight-comfort-fit-assembled-in-usa-4779765.jpg?v=1782724036,chaos-wall-graffiti-hoodie-cutout.png
chihuahua-squad-aop-bandana,9185457111267,0,1,https://cdn.shopify.com/s/files/1/0788/2358/8067/files/furry-little-friends-aop-collage-bandana-8844671.png?v=1778202966,chihuahua-squad-aop-bandana-cutout.png
chihuahua-squad-aop-bandana,9185457111267,1,0,https://cdn.shopify.com/s/files/1/0788/2358/8067/files/2944951_0_3d.jpg?v=1778457527,chihuahua-squad-aop-bandana-cutout.png
chihuahua-squad-aop-bandana,9185457111267,2,0,https://cdn.shopify.com/s/files/1/0788/2358/8067/files/furry-little-friends-aop-collage-bandana-3846124.jpg?v=1782724388,chihuahua-squad-aop-bandana-cutout.png
chromashift-aop-hoodie,9175877222627,0,1,https://cdn.shopify.com/s/files/1/0788/2358/8067/files/caa45e7d-il_fullxfull.7676319038_hocd.jpg?v=1774790946,chromashift-aop-hoodie-cutout.png
chromashift-aop-hoodie,9175877222627,1,0,https://cdn.shopify.com/s/files/1/0788/2358/8067/files/207f65ec-il_fullxfull.7724266497_bd7j.jpg?v=1774790946,chromashift-aop-hoodie-cutout.png
chromashift-aop-hoodie,9175877222627,2,0,https://cdn.shopify.com/s/files/1/0788/2358/8067/files/a27fda3d-il_fullxfull.7724266857_ghk7.jpg?v=1774790946,chromashift-aop-hoodie-cutout.png
chromashift-aop-hoodie,9175877222627,3,0,https://cdn.shopify.com/s/files/1/0788/2358/8067/files/154d9810-il_fullxfull.7676320772_akea.jpg?v=1774455887,chromashift-aop-hoodie-cutout.png
chromashift-aop-hoodie,9175877222627,4,0,https://cdn.shopify.com/s/files/1/0788/2358/8067/files/c03d8ca9-il_fullxfull.7724268183_sy2q.jpg?v=1774790946,chromashift-aop-hoodie-cutout.png
chromashift-aop-hoodie,9175877222627,5,0,https://cdn.shopify.com/s/files/1/0788/2358/8067/files/49ede38e-il_fullxfull.7676322234_giq2.jpg?v=1774455887,chromashift-aop-hoodie-cutout.png
chromashift-aop-hoodie,9175877222627,6,0,https://cdn.shopify.com/s/files/1/0788/2358/8067/files/0bd2aab0-il_fullxfull.7676322920_bc8p.jpg?v=1774455886,chromashift-aop-hoodie-cutout.png
chromatic-collision-tough-phone-case,9175876632803,0,1,https://cdn.shopify.com/s/files/1/0788/2358/8067/files/55f68b16-il_fullxfull.7724269509_mdpi.jpg?v=1774455784,chromatic-collision-tough-phone-case-cutout.png
chromatic-collision-tough-phone-case,9175876632803,1,0,https://cdn.shopify.com/s/files/1/0788/2358/8067/files/24cfd344-il_fullxfull.7676323368_i4yp.jpg?v=1774455784,chromatic-collision-tough-phone-case-cutout.png
chromatic-collision-tough-phone-case,9175876632803,2,0,https://cdn.shopify.com/s/files/1/0788/2358/8067/files/56f082ca-il_fullxfull.7676323686_exih.jpg?v=1774455784,chromatic-collision-tough-phone-case-cutout.png
chromatic-collision-tough-phone-case,9175876632803,3,0,https://cdn.shopify.com/s/files/1/0788/2358/8067/files/d520f95d-il_fullxfull.7676324214_opl3.jpg?v=1774455784,chromatic-collision-tough-phone-case-cutout.png
chromatic-current-grommet-curtains,9184219300067,0,1,https://cdn.shopify.com/s/files/1/0788/2358/8067/files/9d2918df86c7165b6ceec4ca9cb83f07.jpg?v=1774456094,chromatic-current-grommet-curtains-cutout.png
chromatic-current-grommet-curtains,9184219300067,1,0,https://cdn.shopify.com/s/files/1/0788/2358/8067/files/781d50b58d815ef3235bc6e2caee56de.jpg?v=1774456094,chromatic-current-grommet-curtains-cutout.png
chromatic-current-grommet-curtains,9184219300067,2,0,https://cdn.shopify.com/s/files/1/0788/2358/8067/files/6266933621e7b062412620db2892a4dd.jpg?v=1774456094,chromatic-current-grommet-curtains-cutout.png
chromatic-current-grommet-curtains,9184219300067,3,0,https://cdn.shopify.com/s/files/1/0788/2358/8067/files/bc3a1678ba9c2f56a872cc483778b7d2.jpg?v=1774456095,chromatic-current-grommet-curtains-cutout.png
chromatic-current-grommet-curtains,9184219300067,4,0,https://cdn.shopify.com/s/files/1/0788/2358/8067/files/a2cd1496a545c46288378c369683cc77.jpg?v=1774456094,chromatic-current-grommet-curtains-cutout.png
chromatic-current-grommet-curtains,9184219300067,5,0,https://cdn.shopify.com/s/files/1/0788/2358/8067/files/8669b2f89ce095889191bf9436bca831.jpg?v=1774456094,chromatic-current-grommet-curtains-cutout.png
chromatic-grid-art-tee,9214500634851,0,1,https://cdn.shopify.com/s/files/1/0788/2358/8067/files/abstract-geometric-art-t-shirt-garment-dyed-unisex-tee-5000780.png?v=1778120046,chromatic-grid-art-tee-cutout.png
chromatic-grid-art-tee,9214500634851,1,0,https://cdn.shopify.com/s/files/1/0788/2358/8067/files/16445321976370815176_2048.png?v=1776080585,chromatic-grid-art-tee-cutout.png
chromatic-grid-art-tee,9214500634851,2,0,https://cdn.shopify.com/s/files/1/0788/2358/8067/files/16445321976370815176_2048.jpg?v=1775872316,chromatic-grid-art-tee-cutout.png
chromatic-grid-art-tee,9214500634851,3,0,https://cdn.shopify.com/s/files/1/0788/2358/8067/files/16714138790827602214_2048.jpg?v=1775872316,chromatic-grid-art-tee-cutout.png
chromatic-grid-art-tee,9214500634851,4,0,https://cdn.shopify.com/s/files/1/0788/2358/8067/files/17963997891591420922_2048.jpg?v=1775872316,chromatic-grid-art-tee-cutout.png
chromatic-grid-art-tee,9214500634851,5,0,https://cdn.shopify.com/s/files/1/0788/2358/8067/files/15701151831680832734_2048.jpg?v=1775872316,chromatic-grid-art-tee-cutout.png
chromatic-grid-art-tee,9214500634851,6,0,https://cdn.shopify.com/s/files/1/0788/2358/8067/files/11188623783187311033_2048.jpg?v=1775872316,chromatic-grid-art-tee-cutout.png
chromatic-grid-art-tee,9214500634851,7,0,https://cdn.shopify.com/s/files/1/0788/2358/8067/files/8477399623635055202_2048.jpg?v=1775872316,chromatic-grid-art-tee-cutout.png
chromatic-grid-art-tee,9214500634851,8,0,https://cdn.shopify.com/s/files/1/0788/2358/8067/files/6569835499784855484_2048.jpg?v=1775872316,chromatic-grid-art-tee-cutout.png
chromatic-grid-art-tee,9214500634851,9,0,https://cdn.shopify.com/s/files/1/0788/2358/8067/files/5885295418903613423_2048.jpg?v=1775872316,chromatic-grid-art-tee-cutout.png
chromatic-grid-art-tee,9214500634851,10,0,https://cdn.shopify.com/s/files/1/0788/2358/8067/files/17146231046054391480_2048.jpg?v=1775872316,chromatic-grid-art-tee-cutout.png
chromatic-grid-art-tee,9214500634851,11,0,https://cdn.shopify.com/s/files/1/0788/2358/8067/files/17135548958961846089_2048.jpg?v=1775872316,chromatic-grid-art-tee-cutout.png
chromatic-hex-aop-jersey-tank,9175880007907,0,1,https://cdn.shopify.com/s/files/1/0788/2358/8067/files/glitchcore-jersey-for-digital-maximalists-ai-art-aop-basketball-tank-moisture-wicking-festival-activewear-neon-digital-streetwear-rave-uniform-6580819.png?v=1782724389,chromatic-hex-aop-jersey-tank-cutout.png
chromatic-hex-aop-jersey-tank,9175880007907,1,0,https://cdn.shopify.com/s/files/1/0788/2358/8067/files/b8c9eac9-il_fullxfull.7705279086_oh9g.jpg?v=1774790646,chromatic-hex-aop-jersey-tank-cutout.png
chromatic-hex-aop-jersey-tank,9175880007907,2,0,https://cdn.shopify.com/s/files/1/0788/2358/8067/files/9bfcd17f-il_fullxfull.7705279684_hp3z.jpg?v=1774790645,chromatic-hex-aop-jersey-tank-cutout.png
chromatic-hex-aop-jersey-tank,9175880007907,3,0,https://cdn.shopify.com/s/files/1/0788/2358/8067/files/eee919aa-il_fullxfull.7753221133_nnwt.jpg?v=1774790646,chromatic-hex-aop-jersey-tank-cutout.png
chromatic-hex-aop-jersey-tank,9175880007907,4,0,https://cdn.shopify.com/s/files/1/0788/2358/8067/files/a26b73b7-il_fullxfull.7753221737_2px3.jpg?v=1774790645,chromatic-hex-aop-jersey-tank-cutout.png
chromatic-hex-aop-jersey-tank,9175880007907,5,0,https://cdn.shopify.com/s/files/1/0788/2358/8067/files/939de5f9-il_fullxfull.7753222161_c069.jpg?v=1774790646,chromatic-hex-aop-jersey-tank-cutout.png
chromatic-hex-aop-jersey-tank,9175880007907,6,0,https://cdn.shopify.com/s/files/1/0788/2358/8067/files/c8b2757f-il_fullxfull.7753222687_h6e8.jpg?v=1774790645,chromatic-hex-aop-jersey-tank-cutout.png
chromatic-hex-aop-jersey-tank,9175880007907,7,0,https://cdn.shopify.com/s/files/1/0788/2358/8067/files/d753e9a8-il_fullxfull.7753223325_o45w.jpg?v=1774790645,chromatic-hex-aop-jersey-tank-cutout.png
chromatic-hex-aop-jersey-tank,9175880007907,8,0,https://cdn.shopify.com/s/files/1/0788/2358/8067/files/d2045dc7-il_fullxfull.7753223791_riip.jpg?v=1774790645,chromatic-hex-aop-jersey-tank-cutout.png
chromatic-lava-circuit-eruption-svg,9260706824419,0,1,https://cdn.shopify.com/s/files/1/0788/2358/8067/files/chromatic-lava-circuit-eruption-svg-all-over-print-sublimation-digital-download-psychedelic-neon-explosion-vector-art-5755730.png?v=1782724214,chromatic-lava-circuit-eruption-svg-cutout.png
chromatic-mosaic-bucket-hat,9175877615843,0,1,https://cdn.shopify.com/s/files/1/0788/2358/8067/files/b610b106-il_fullxfull.7676318694_tigt.jpg?v=1774455769,chromatic-mosaic-bucket-hat-cutout.png
chromatic-mosaic-bucket-hat,9175877615843,1,0,https://cdn.shopify.com/s/files/1/0788/2358/8067/files/aaf4e99c-il_fullxfull.7676319052_4cqf.jpg?v=1774455769,chromatic-mosaic-bucket-hat-cutout.png
chromatic-mosaic-bucket-hat,9175877615843,2,0,https://cdn.shopify.com/s/files/1/0788/2358/8067/files/f252983d-il_fullxfull.7676319392_joyg.jpg?v=1774455769,chromatic-mosaic-bucket-hat-cutout.png
chromatic-mosaic-bucket-hat,9175877615843,3,0,https://cdn.shopify.com/s/files/1/0788/2358/8067/files/26ce494c-il_fullxfull.7676319788_6m4t.jpg?v=1774455769,chromatic-mosaic-bucket-hat-cutout.png
chromatic-mosaic-bucket-hat,9175877615843,4,0,https://cdn.shopify.com/s/files/1/0788/2358/8067/files/dc166d1a-il_fullxfull.7724267123_8s4g.jpg?v=1774455769,chromatic-mosaic-bucket-hat-cutout.png
chromatic-mosaic-bucket-hat,9175877615843,5,0,https://cdn.shopify.com/s/files/1/0788/2358/8067/files/df84181a-il_fullxfull.7724267521_a35z.jpg?v=1774455769,chromatic-mosaic-bucket-hat-cutout.png
chromatic-mosaic-bucket-hat,9175877615843,6,0,https://cdn.shopify.com/s/files/1/0788/2358/8067/files/eaf590f8-il_fullxfull.7724267953_pjar.jpg?v=1774455770,chromatic-mosaic-bucket-hat-cutout.png
chromatic-mosaic-bucket-hat,9175877615843,7,0,https://cdn.shopify.com/s/files/1/0788/2358/8067/files/42e8ac34-il_fullxfull.7724268287_q5fo.jpg?v=1774455770,chromatic-mosaic-bucket-hat-cutout.png
chromatic-mosaic-bucket-hat,9175877615843,8,0,https://cdn.shopify.com/s/files/1/0788/2358/8067/files/e9a2b8c7-il_fullxfull.7724268561_6k8z.jpg?v=1774455769,chromatic-mosaic-bucket-hat-cutout.png
chromatic-mosaic-bucket-hat,9175877615843,9,0,https://cdn.shopify.com/s/files/1/0788/2358/8067/files/5968d721-il_fullxfull.7676322360_d6fc.jpg?v=1774455770,chromatic-mosaic-bucket-hat-cutout.png
chromatic-mosaic-silk-feel-shirt,9193769992419,0,1,https://cdn.shopify.com/s/files/1/0788/2358/8067/files/fluid-abstract-aop-mens-silk-feel-short-sleeve-shirt-imitation-silk-loose-cut-summer-top-maximalist-print-resort-menswear-s-5xl-3714114.png?v=1782724331,chromatic-mosaic-silk-feel-shirt-cutout.png
chromatic-mosaic-silk-feel-shirt,9193769992419,1,0,https://cdn.shopify.com/s/files/1/0788/2358/8067/files/155733-44e14dec-e2a5-4a36-95c5-dca47d298dd4.jpg?v=1774789626,chromatic-mosaic-silk-feel-shirt-cutout.png
chromatic-mosaic-silk-feel-shirt,9193769992419,2,0,https://cdn.shopify.com/s/files/1/0788/2358/8067/files/155733-1bc313ba-c7b1-4601-befe-36dd622e403f.jpg?v=1774789626,chromatic-mosaic-silk-feel-shirt-cutout.png
chromatic-mosaic-silk-feel-shirt,9193769992419,3,0,https://cdn.shopify.com/s/files/1/0788/2358/8067/files/034b5fa4-3d2a-4c8f-a32e-890ee94fbee9_a31e73a8-d100-49b2-85ef-3234630897eb.png?v=1774789626,chromatic-mosaic-silk-feel-shirt-cutout.png
chromatic-ripple-blazer,9175877353699,0,1,https://cdn.shopify.com/s/files/1/0788/2358/8067/files/artist-edition-maximalist-aop-blazer-structured-cotton-poplin-two-button-jacket-for-creative-directors-3765382.png?v=1782724568,chromatic-ripple-blazer-cutout.png
chromatic-ripple-blazer,9175877353699,1,0,https://cdn.shopify.com/s/files/1/0788/2358/8067/files/1d463a2c-il_fullxfull.7724267137_tddg.jpg?v=1774455887,chromatic-ripple-blazer-cutout.png
chromatic-ripple-blazer,9175877353699,2,0,https://cdn.shopify.com/s/files/1/0788/2358/8067/files/44de4352-il_fullxfull.7724267605_15qm.jpg?v=1774455887,chromatic-ripple-blazer-cutout.png
chromatic-ripple-blazer,9175877353699,3,0,https://cdn.shopify.com/s/files/1/0788/2358/8067/files/de629576-il_fullxfull.7676321158_7l9e.jpg?v=1774455887,chromatic-ripple-blazer-cutout.png
chromatic-ripple-blazer,9175877353699,4,0,https://cdn.shopify.com/s/files/1/0788/2358/8067/files/b7ec573a-il_fullxfull.7676321458_31y0.jpg?v=1774790831,chromatic-ripple-blazer-cutout.png
chromatic-ripple-blazer,9175877353699,5,0,https://cdn.shopify.com/s/files/1/0788/2358/8067/files/5a47b865-il_fullxfull.7676321868_dn77.jpg?v=1774455887,chromatic-ripple-blazer-cutout.png
chromatic-ripple-blazer,9175877353699,6,0,https://cdn.shopify.com/s/files/1/0788/2358/8067/files/1fcb7824-il_fullxfull.7676322426_at56.jpg?v=1774790832,chromatic-ripple-blazer-cutout.png
chromatic-ripple-blazer,9175877353699,7,0,https://cdn.shopify.com/s/files/1/0788/2358/8067/files/0adb28db-il_fullxfull.7676322768_svck.jpg?v=1774790832,chromatic-ripple-blazer-cutout.png
chromatic-ripple-blazer,9175877353699,8,0,https://cdn.shopify.com/s/files/1/0788/2358/8067/files/f7d13d05-il_fullxfull.7724269765_h7mm.jpg?v=1774790832,chromatic-ripple-blazer-cutout.png
chromatic-static-nintendo-switch-game-card-case,9191713079523,0,1,https://cdn.shopify.com/s/files/1/0788/2358/8067/files/aesthetic-gamers-nintendo-switch-24-slot-game-card-case-bold-aop-uv-print-protective-storage-5811737.png?v=1782724335,chromatic-static-nintendo-switch-game-card-case-cutout.png
chromatic-static-nintendo-switch-game-card-case,9191713079523,1,0,https://cdn.shopify.com/s/files/1/0788/2358/8067/files/c57d7567610012819bccedbd98debbf1.jpg?v=1774456439,chromatic-static-nintendo-switch-game-card-case-cutout.png
chromatic-static-nintendo-switch-game-card-case,9191713079523,2,0,https://cdn.shopify.com/s/files/1/0788/2358/8067/files/50dc728e52129b94a98d5a04592bec0d.jpg?v=1774456439,chromatic-static-nintendo-switch-game-card-case-cutout.png
chromatic-static-nintendo-switch-game-card-case,9191713079523,3,0,https://cdn.shopify.com/s/files/1/0788/2358/8067/files/e5f6cee9847a17473d79253985ea442d.jpg?v=1774456439,chromatic-static-nintendo-switch-game-card-case-cutout.png
chromatic-static-nintendo-switch-game-card-case,9191713079523,4,0,https://cdn.shopify.com/s/files/1/0788/2358/8067/files/81ab6ed9dfedb535b209685fc07a600b.jpg?v=1774456439,chromatic-static-nintendo-switch-game-card-case-cutout.png
chromatic-static-nintendo-switch-game-card-case,9191713079523,5,0,https://cdn.shopify.com/s/files/1/0788/2358/8067/files/5a9b8190cb3d90f0c618c728f0335f7c.jpg?v=1774456439,chromatic-static-nintendo-switch-game-card-case-cutout.png
chromatic-sweep-reversible-bucket-hat,9528488624355,0,1,https://cdn.shopify.com/s/files/1/0788/2358/8067/files/double-side-printing-bucket-hat-2892224.jpg?v=1782724031,chromatic-sweep-reversible-bucket-hat-cutout.png
chromatic-sweep-reversible-bucket-hat,9528488624355,1,0,https://cdn.shopify.com/s/files/1/0788/2358/8067/files/double-side-printing-bucket-hat-4385427.jpg?v=1782724033,chromatic-sweep-reversible-bucket-hat-cutout.png
chromatic-sweep-reversible-bucket-hat,9528488624355,2,0,https://cdn.shopify.com/s/files/1/0788/2358/8067/files/double-side-printing-bucket-hat-4909735.jpg?v=1782724033,chromatic-sweep-reversible-bucket-hat-cutout.png
chromatic-sweep-reversible-bucket-hat,9528488624355,3,0,https://cdn.shopify.com/s/files/1/0788/2358/8067/files/double-side-printing-bucket-hat-7654119.jpg?v=1782724032,chromatic-sweep-reversible-bucket-hat-cutout.png
chromatic-sweep-reversible-bucket-hat,9528488624355,4,0,https://cdn.shopify.com/s/files/1/0788/2358/8067/files/double-side-printing-bucket-hat-3492158.jpg?v=1782724032,chromatic-sweep-reversible-bucket-hat-cutout.png
chromatic-sweep-reversible-bucket-hat,9528488624355,5,0,https://cdn.shopify.com/s/files/1/0788/2358/8067/files/double-side-printing-bucket-hat-3045089.jpg?v=1782724033,chromatic-sweep-reversible-bucket-hat-cutout.png
chromatic-sweep-reversible-bucket-hat,9528488624355,6,0,https://cdn.shopify.com/s/files/1/0788/2358/8067/files/double-side-printing-bucket-hat-3796824.jpg?v=1782724031,chromatic-sweep-reversible-bucket-hat-cutout.png
chromatic-sweep-reversible-bucket-hat,9528488624355,7,0,https://cdn.shopify.com/s/files/1/0788/2358/8067/files/double-side-printing-bucket-hat-3854491.jpg?v=1782724032,chromatic-sweep-reversible-bucket-hat-cutout.png
circuit-mosaic-zip-hoodie,9175878074595,0,1,https://cdn.shopify.com/s/files/1/0788/2358/8067/files/maximalist-half-zip-for-bold-creatives-abstract-aop-stand-up-collar-pullover-gallery-opening-streetwear-creative-director-uniform-3839386.png?v=1782724388,circuit-mosaic-zip-hoodie-cutout.png
circuit-mosaic-zip-hoodie,9175878074595,1,0,https://cdn.shopify.com/s/files/1/0788/2358/8067/files/1a526b09-il_fullxfull.7676319172_2or8.jpg?v=1774455822,circuit-mosaic-zip-hoodie-cutout.png
circuit-mosaic-zip-hoodie,9175878074595,2,0,https://cdn.shopify.com/s/files/1/0788/2358/8067/files/451c3ef7-il_fullxfull.7676319478_s4m2.jpg?v=1774455823,circuit-mosaic-zip-hoodie-cutout.png
circuit-mosaic-zip-hoodie,9175878074595,3,0,https://cdn.shopify.com/s/files/1/0788/2358/8067/files/c38d3029-il_fullxfull.7676319980_j8xz.jpg?v=1774790832,circuit-mosaic-zip-hoodie-cutout.png
circuit-mosaic-zip-hoodie,9175878074595,4,0,https://cdn.shopify.com/s/files/1/0788/2358/8067/files/a5352bdf-il_fullxfull.7676320250_gpbo.jpg?v=1774790832,circuit-mosaic-zip-hoodie-cutout.png
circuit-mosaic-zip-hoodie,9175878074595,5,0,https://cdn.shopify.com/s/files/1/0788/2358/8067/files/738f8f5a-il_fullxfull.7676320644_hw6o.jpg?v=1774455822,circuit-mosaic-zip-hoodie-cutout.png
circuit-mosaic-zip-hoodie,9175878074595,6,0,https://cdn.shopify.com/s/files/1/0788/2358/8067/files/4c19bfc9-il_fullxfull.7724267725_p7gr.jpg?v=1774790832,circuit-mosaic-zip-hoodie-cutout.png
circuit-mosaic-zip-hoodie,9175878074595,7,0,https://cdn.shopify.com/s/files/1/0788/2358/8067/files/517d61d4-il_fullxfull.7724268083_60yd.jpg?v=1774790832,circuit-mosaic-zip-hoodie-cutout.png
circuit-mosaic-zip-hoodie,9175878074595,8,0,https://cdn.shopify.com/s/files/1/0788/2358/8067/files/c3dd2bfc-il_fullxfull.7676321642_k5dm.jpg?v=1774790832,circuit-mosaic-zip-hoodie-cutout.png
citrus-swirl-camp-shirt,9214500143331,0,1,https://cdn.shopify.com/s/files/1/0788/2358/8067/files/colorful-retro-hawaiian-camp-shirt-for-men-perfect-for-summer-parties-and-beach-days-7798425.png?v=1777788609,citrus-swirl-camp-shirt-cutout.png
citrus-swirl-camp-shirt,9214500143331,1,0,https://cdn.shopify.com/s/files/1/0788/2358/8067/files/rn-image_picker_lib_temp_cf943497-483f-426a-8d8c-296084ce9501.jpg?v=1776080526,citrus-swirl-camp-shirt-cutout.png
citrus-swirl-camp-shirt,9214500143331,2,0,https://cdn.shopify.com/s/files/1/0788/2358/8067/files/rn-image_picker_lib_temp_b9da1b9a-d44a-45f8-8cd8-b3376da57516.jpg?v=1776080526,citrus-swirl-camp-shirt-cutout.png
citrus-swirl-camp-shirt,9214500143331,3,0,https://cdn.shopify.com/s/files/1/0788/2358/8067/files/rn-image_picker_lib_temp_fc6149d9-a5a7-4799-8b45-47ab76f76aff.jpg?v=1776080526,citrus-swirl-camp-shirt-cutout.png
citrus-swirl-camp-shirt,9214500143331,4,0,https://cdn.shopify.com/s/files/1/0788/2358/8067/files/rn-image_picker_lib_temp_ae0bfa54-fef3-402c-9e96-8bc99169708d.jpg?v=1776080526,citrus-swirl-camp-shirt-cutout.png
citrus-swirl-camp-shirt,9214500143331,5,0,https://cdn.shopify.com/s/files/1/0788/2358/8067/files/8962713561578497992_2048.png?v=1776080526,citrus-swirl-camp-shirt-cutout.png
citrus-swirl-camp-shirt,9214500143331,6,0,https://cdn.shopify.com/s/files/1/0788/2358/8067/files/rn-image_picker_lib_temp_5d4e760f-c672-4d8b-9fc5-6d69dbd84e62.jpg?v=1776080526,citrus-swirl-camp-shirt-cutout.png
citrus-swirl-camp-shirt,9214500143331,7,0,https://cdn.shopify.com/s/files/1/0788/2358/8067/files/8962713561578497992_2048.jpg?v=1775875045,citrus-swirl-camp-shirt-cutout.png
citrus-swirl-camp-shirt,9214500143331,8,0,https://cdn.shopify.com/s/files/1/0788/2358/8067/files/11044071347393953332_2048.jpg?v=1775875045,citrus-swirl-camp-shirt-cutout.png
classic-graffiti-hawaiian-shirt,9193897099491,0,1,https://cdn.shopify.com/s/files/1/0788/2358/8067/files/classic-graffiti-aop-hawaiian-shirt-for-summer-main-characters-125gsm-antibacterial-cotton-bamboo-texture-roman-collar-6745250.png?v=1782724335,classic-graffiti-hawaiian-shirt-cutout.png
classic-graffiti-hawaiian-shirt,9193897099491,1,0,https://cdn.shopify.com/s/files/1/0788/2358/8067/files/155733-ba3173aa-e865-4560-a45c-4acd7470c7ff.jpg?v=1774789574,classic-graffiti-hawaiian-shirt-cutout.png
classic-graffiti-hawaiian-shirt,9193897099491,2,0,https://cdn.shopify.com/s/files/1/0788/2358/8067/files/155733-302486a9-d401-436a-9d0e-80bf2747fa6a.jpg?v=1774789574,classic-graffiti-hawaiian-shirt-cutout.png
classic-graffiti-hawaiian-shirt,9193897099491,3,0,https://cdn.shopify.com/s/files/1/0788/2358/8067/files/155733-dd60de7c-056b-4fbf-9c0d-fa15e501e79c.jpg?v=1774789574,classic-graffiti-hawaiian-shirt-cutout.png
classic-graffiti-hawaiian-shirt,9193897099491,4,0,https://cdn.shopify.com/s/files/1/0788/2358/8067/files/155733-50cf66a8-f907-4a86-9287-c67bea000da7.jpg?v=1774789574,classic-graffiti-hawaiian-shirt-cutout.png
classic-graffiti-hawaiian-shirt,9193897099491,5,0,https://cdn.shopify.com/s/files/1/0788/2358/8067/files/155733-13fd5a81-ada2-4303-950f-0fc4d03f0355.jpg?v=1774789574,classic-graffiti-hawaiian-shirt-cutout.png
classic-graffiti-hawaiian-shirt,9193897099491,6,0,https://cdn.shopify.com/s/files/1/0788/2358/8067/files/155733-167870db-238c-4834-939d-d34212940351.jpg?v=1774789574,classic-graffiti-hawaiian-shirt-cutout.png
classic-graffiti-hawaiian-shirt,9193897099491,7,0,https://cdn.shopify.com/s/files/1/0788/2358/8067/files/155733-36225f97-8ff3-4a84-b171-4fa1fd5a7179.jpg?v=1774789574,classic-graffiti-hawaiian-shirt-cutout.png
classic-graffiti-hawaiian-shirt,9193897099491,8,0,https://cdn.shopify.com/s/files/1/0788/2358/8067/files/155733-7bd2f555-8191-4436-a064-e2a347d4f55e.jpg?v=1774789574,classic-graffiti-hawaiian-shirt-cutout.png
cmyk-smear-glitch-jacket,9297183178979,0,1,https://cdn.shopify.com/s/files/1/0788/2358/8067/files/cmyk-smear-glitch-collared-jacket-magenta-cyan-paint-streak-aop-statement-outerwear-4891110.jpg?v=1782724156,cmyk-smear-glitch-jacket-cutout.png
cmyk-smear-glitch-jacket,9297183178979,1,0,https://cdn.shopify.com/s/files/1/0788/2358/8067/files/cmyk-smear-glitch-collared-jacket-magenta-cyan-paint-streak-aop-statement-outerwear-2802200.jpg?v=1782724156,cmyk-smear-glitch-jacket-cutout.png
coastal-tribal-weave-polo,9559485841635,0,1,https://cdn.shopify.com/s/files/1/0788/2358/8067/files/155733-2c297d26-4718-40e7-b58b-2ee05a6f8ac5.jpg?v=1783814808,coastal-tribal-weave-polo-cutout.png
coastal-tribal-weave-polo,9559485841635,1,0,https://cdn.shopify.com/s/files/1/0788/2358/8067/files/155733-b4e16fb6-a52f-4c81-b87b-e336276a6c0b.jpg?v=1783814809,coastal-tribal-weave-polo-cutout.png
coastal-tribal-weave-polo,9559485841635,2,0,https://cdn.shopify.com/s/files/1/0788/2358/8067/files/155733-15f9c0f3-dd46-47b2-ab23-434eb09798a0.jpg?v=1783814810,coastal-tribal-weave-polo-cutout.png
coastal-tribal-weave-polo,9559485841635,3,0,https://cdn.shopify.com/s/files/1/0788/2358/8067/files/155733-b33fd4c2-35ed-49a1-a9e2-4a448cb23724.jpg?v=1783814811,coastal-tribal-weave-polo-cutout.png
coastal-tribal-weave-polo,9559485841635,4,0,https://cdn.shopify.com/s/files/1/0788/2358/8067/files/155733-17a01aca-247b-4171-9316-3d684ea28b52.jpg?v=1783814812,coastal-tribal-weave-polo-cutout.png
color-current-camp-shirt,9175879975139,0,1,https://cdn.shopify.com/s/files/1/0788/2358/8067/files/c1a83252-il_fullxfull.7691112958_6xp0.jpg?v=1774790466,color-current-camp-shirt-cutout.png
color-current-camp-shirt,9175879975139,1,0,https://cdn.shopify.com/s/files/1/0788/2358/8067/files/8f28e9b0-il_fullxfull.7691109220_8wla.jpg?v=1774790466,color-current-camp-shirt-cutout.png
color-current-camp-shirt,9175879975139,2,0,https://cdn.shopify.com/s/files/1/0788/2358/8067/files/7fef37db-il_fullxfull.7739055291_qwx6.jpg?v=1774790466,color-current-camp-shirt-cutout.png
color-current-camp-shirt,9175879975139,3,0,https://cdn.shopify.com/s/files/1/0788/2358/8067/files/751fc134-il_fullxfull.7739051257_2x48_c9e82c6a-e351-4ddc-b62f-c96167339df6.jpg?v=1774790466,color-current-camp-shirt-cutout.png
color-current-camp-shirt,9175879975139,4,0,https://cdn.shopify.com/s/files/1/0788/2358/8067/files/ca78f932-il_fullxfull.7739051835_cpfk.jpg?v=1774790466,color-current-camp-shirt-cutout.png
color-current-camp-shirt,9175879975139,5,0,https://cdn.shopify.com/s/files/1/0788/2358/8067/files/7f671ab9-il_fullxfull.7739054331_22fp.jpg?v=1774790466,color-current-camp-shirt-cutout.png
color-current-camp-shirt,9175879975139,6,0,https://cdn.shopify.com/s/files/1/0788/2358/8067/files/e0189712-il_fullxfull.7691115814_850j.jpg?v=1774790466,color-current-camp-shirt-cutout.png
color-current-camp-shirt,9175879975139,7,0,https://cdn.shopify.com/s/files/1/0788/2358/8067/files/76b628f6-il_fullxfull.7739059805_o8m2.jpg?v=1774790466,color-current-camp-shirt-cutout.png
color-current-camp-shirt,9175879975139,8,0,https://cdn.shopify.com/s/files/1/0788/2358/8067/files/a208ce23-il_fullxfull.7739061511_7j52.jpg?v=1774790466,color-current-camp-shirt-cutout.png
color-drip-aop-bucket-hat,9175877517539,0,1,https://cdn.shopify.com/s/files/1/0788/2358/8067/files/2ebb73ca-il_fullxfull.7676320134_qy1l.jpg?v=1774455770,color-drip-aop-bucket-hat-cutout.png
color-drip-aop-bucket-hat,9175877517539,1,0,https://cdn.shopify.com/s/files/1/0788/2358/8067/files/90beed45-il_fullxfull.7676320890_aaga.jpg?v=1774455770,color-drip-aop-bucket-hat-cutout.png
color-drip-aop-bucket-hat,9175877517539,2,0,https://cdn.shopify.com/s/files/1/0788/2358/8067/files/43b1f423-il_fullxfull.7724268233_nj6u.jpg?v=1774455769,color-drip-aop-bucket-hat-cutout.png
color-drip-aop-bucket-hat,9175877517539,3,0,https://cdn.shopify.com/s/files/1/0788/2358/8067/files/246a9d3b-il_fullxfull.7724268797_2858.jpg?v=1774455770,color-drip-aop-bucket-hat-cutout.png
color-rings-athletic-joggers,9175879287011,0,1,https://cdn.shopify.com/s/files/1/0788/2358/8067/files/eccffb5a-il_fullxfull.7737025881_s8gk.jpg?v=1774790958,color-rings-athletic-joggers-cutout.png
color-rings-athletic-joggers,9175879287011,1,0,https://cdn.shopify.com/s/files/1/0788/2358/8067/files/ad30e141-il_fullxfull.7689080282_3h29.jpg?v=1774790958,color-rings-athletic-joggers-cutout.png
color-rings-athletic-joggers,9175879287011,2,0,https://cdn.shopify.com/s/files/1/0788/2358/8067/files/bebfd3b3-il_fullxfull.7737024599_eww0.jpg?v=1774790958,color-rings-athletic-joggers-cutout.png
color-rings-athletic-joggers,9175879287011,3,0,https://cdn.shopify.com/s/files/1/0788/2358/8067/files/acca0451-il_fullxfull.7689080606_r5a9.jpg?v=1774790958,color-rings-athletic-joggers-cutout.png
color-rings-athletic-joggers,9175879287011,4,0,https://cdn.shopify.com/s/files/1/0788/2358/8067/files/648dd0f9-il_fullxfull.7689080670_gchm.jpg?v=1774790958,color-rings-athletic-joggers-cutout.png
color-rings-athletic-joggers,9175879287011,5,0,https://cdn.shopify.com/s/files/1/0788/2358/8067/files/e63d8ffc-il_fullxfull.7737025769_n2pj.jpg?v=1774790958,color-rings-athletic-joggers-cutout.png
color-rings-athletic-joggers,9175879287011,6,0,https://cdn.shopify.com/s/files/1/0788/2358/8067/files/134edd70-il_fullxfull.7689081956_n7zz.jpg?v=1774790958,color-rings-athletic-joggers-cutout.png
color-rings-athletic-joggers,9175879287011,7,0,https://cdn.shopify.com/s/files/1/0788/2358/8067/files/77ef5517-il_fullxfull.7737026377_c4i4.jpg?v=1774790958,color-rings-athletic-joggers-cutout.png
color-riot-table-runner,9185454883043,0,1,https://cdn.shopify.com/s/files/1/0788/2358/8067/files/2944703_0_3d.jpg?v=1774790944,color-riot-table-runner-cutout.png
color-riot-table-runner,9185454883043,1,0,https://cdn.shopify.com/s/files/1/0788/2358/8067/files/2944703_1_3d.jpg?v=1774790945,color-riot-table-runner-cutout.png
color-splash-warmup-hoodie,9261115932899,0,1,https://cdn.shopify.com/s/files/1/0788/2358/8067/files/color-splash-warmup-hoodie-for-outdoor-maximalists-upf50-aop-moisture-wicking-lightweight-festival-training-layer-assembled-in-usa-4610542.png?v=1782724097,color-splash-warmup-hoodie-cutout.png
color-splash-warmup-hoodie,9261115932899,1,0,https://cdn.shopify.com/s/files/1/0788/2358/8067/files/color-splash-warmup-hoodie-for-outdoor-maximalists-upf50-aop-moisture-wicking-lightweight-festival-training-layer-assembled-in-usa-8789899.jpg?v=1782724096,color-splash-warmup-hoodie-cutout.png
color-splash-warmup-hoodie,9261115932899,2,0,https://cdn.shopify.com/s/files/1/0788/2358/8067/files/color-splash-warmup-hoodie-for-outdoor-maximalists-upf50-aop-moisture-wicking-lightweight-festival-training-layer-assembled-in-usa-6512951.jpg?v=1782724097,color-splash-warmup-hoodie-cutout.png
color-splash-warmup-hoodie,9261115932899,3,0,https://cdn.shopify.com/s/files/1/0788/2358/8067/files/color-splash-warmup-hoodie-for-outdoor-maximalists-upf50-aop-moisture-wicking-lightweight-festival-training-layer-assembled-in-usa-6286014.jpg?v=1782724097,color-splash-warmup-hoodie-cutout.png
color-splash-warmup-hoodie,9261115932899,4,0,https://cdn.shopify.com/s/files/1/0788/2358/8067/files/color-splash-warmup-hoodie-for-outdoor-maximalists-upf50-aop-moisture-wicking-lightweight-festival-training-layer-assembled-in-usa-7570097.jpg?v=1782724097,color-splash-warmup-hoodie-cutout.png
color-splash-warmup-hoodie,9261115932899,5,0,https://cdn.shopify.com/s/files/1/0788/2358/8067/files/color-splash-warmup-hoodie-for-outdoor-maximalists-upf50-aop-moisture-wicking-lightweight-festival-training-layer-assembled-in-usa-4888777.jpg?v=1782724096,color-splash-warmup-hoodie-cutout.png
color-storm-sweatshirt,9193881567459,0,1,https://cdn.shopify.com/s/files/1/0788/2358/8067/files/155733-2dae4f2c-eb49-4808-b7a5-d2dde81e3cd2.jpg?v=1774789872,color-storm-sweatshirt-cutout.png
color-storm-sweatshirt,9193881567459,1,0,https://cdn.shopify.com/s/files/1/0788/2358/8067/files/155733-56f5d160-410b-4ca7-a02a-46e9e47f882a.jpg?v=1774789872,color-storm-sweatshirt-cutout.png
color-storm-sweatshirt,9193881567459,2,0,https://cdn.shopify.com/s/files/1/0788/2358/8067/files/155733-fab8aee9-39fc-4dac-b9b1-1dc7278817ac.jpg?v=1774789887,color-storm-sweatshirt-cutout.png
color-storm-sweatshirt,9193881567459,3,0,https://cdn.shopify.com/s/files/1/0788/2358/8067/files/155733-ad49418a-9a20-49f6-9734-468f26bdc835.jpg?v=1774789872,color-storm-sweatshirt-cutout.png
color-storm-sweatshirt,9193881567459,4,0,https://cdn.shopify.com/s/files/1/0788/2358/8067/files/155733-a2f4040e-181e-4bfe-b0d9-812609f04068.jpg?v=1774789872,color-storm-sweatshirt-cutout.png
color-storm-sweatshirt,9193881567459,5,0,https://cdn.shopify.com/s/files/1/0788/2358/8067/files/155733-77641902-bcb0-4c9f-9927-e9f9032b835c.jpg?v=1774789872,color-storm-sweatshirt-cutout.png
color-storm-sweatshirt,9193881567459,6,0,https://cdn.shopify.com/s/files/1/0788/2358/8067/files/8a801d0d-6359-4b1b-82b6-12bff6a13f8f.png?v=1774789872,color-storm-sweatshirt-cutout.png
color-wheel-cargo-shorts,9175875813603,0,1,https://cdn.shopify.com/s/files/1/0788/2358/8067/files/fb29500a-il_fullxfull.7771101774_o8zn.jpg?v=1774790945,color-wheel-cargo-shorts-cutout.png
color-wheel-cargo-shorts,9175875813603,1,0,https://cdn.shopify.com/s/files/1/0788/2358/8067/files/4312fe74-il_fullxfull.7739771935_ehrd.jpg?v=1774790945,color-wheel-cargo-shorts-cutout.png
color-wheel-cargo-shorts,9175875813603,2,0,https://cdn.shopify.com/s/files/1/0788/2358/8067/files/0a58e1e0-il_fullxfull.7691827896_qxt5.jpg?v=1774790945,color-wheel-cargo-shorts-cutout.png
color-wheel-cargo-shorts,9175875813603,3,0,https://cdn.shopify.com/s/files/1/0788/2358/8067/files/cb1e593c-il_fullxfull.7691827816_1fuc.jpg?v=1774455742,color-wheel-cargo-shorts-cutout.png
colorful-mosaic-eva-clogs,9260922470627,0,1,https://cdn.shopify.com/s/files/1/0788/2358/8067/files/colorful-mosaic-eva-clog-shoes-for-playful-maximalists-bold-tile-print-foam-footwear-anti-slip-cushioned-sole-4878263.jpg?v=1782724093,colorful-mosaic-eva-clogs-cutout.png
colorful-mosaic-eva-clogs,9260922470627,1,0,https://cdn.shopify.com/s/files/1/0788/2358/8067/files/colorful-mosaic-eva-clog-shoes-for-playful-maximalists-bold-tile-print-foam-footwear-anti-slip-cushioned-sole-9544108.jpg?v=1782724093,colorful-mosaic-eva-clogs-cutout.png
colorful-mosaic-eva-clogs,9260922470627,2,0,https://cdn.shopify.com/s/files/1/0788/2358/8067/files/colorful-mosaic-eva-clog-shoes-for-playful-maximalists-bold-tile-print-foam-footwear-anti-slip-cushioned-sole-1032979.jpg?v=1782724094,colorful-mosaic-eva-clogs-cutout.png
colorful-mosaic-eva-clogs,9260922470627,3,0,https://cdn.shopify.com/s/files/1/0788/2358/8067/files/colorful-mosaic-eva-clog-shoes-for-playful-maximalists-bold-tile-print-foam-footwear-anti-slip-cushioned-sole-7891929.jpg?v=1782724094,colorful-mosaic-eva-clogs-cutout.png
colorful-mosaic-eva-clogs,9260922470627,4,0,https://cdn.shopify.com/s/files/1/0788/2358/8067/files/colorful-mosaic-eva-clog-shoes-for-playful-maximalists-bold-tile-print-foam-footwear-anti-slip-cushioned-sole-4266211.jpg?v=1782724092,colorful-mosaic-eva-clogs-cutout.png
colorful-mosaic-eva-clogs,9260922470627,5,0,https://cdn.shopify.com/s/files/1/0788/2358/8067/files/colorful-mosaic-eva-clog-shoes-for-playful-maximalists-bold-tile-print-foam-footwear-anti-slip-cushioned-sole-6268712.jpg?v=1782724093,colorful-mosaic-eva-clogs-cutout.png
colorful-mosaic-eva-clogs,9260922470627,6,0,https://cdn.shopify.com/s/files/1/0788/2358/8067/files/colorful-mosaic-eva-clog-shoes-for-playful-maximalists-bold-tile-print-foam-footwear-anti-slip-cushioned-sole-2634960.jpg?v=1782724092,colorful-mosaic-eva-clogs-cutout.png
colorful-mosaic-eva-clogs,9260922470627,7,0,https://cdn.shopify.com/s/files/1/0788/2358/8067/files/colorful-mosaic-eva-clog-shoes-for-playful-maximalists-bold-tile-print-foam-footwear-anti-slip-cushioned-sole-3135245.jpg?v=1782724092,colorful-mosaic-eva-clogs-cutout.png
colorful-mosaic-eva-clogs,9260922470627,8,0,https://cdn.shopify.com/s/files/1/0788/2358/8067/files/colorful-mosaic-eva-clog-shoes-for-playful-maximalists-bold-tile-print-foam-footwear-anti-slip-cushioned-sole-8375542.jpg?v=1782724093,colorful-mosaic-eva-clogs-cutout.png
colour-maze-aop-pajama-pants,9175879680227,0,1,https://cdn.shopify.com/s/files/1/0788/2358/8067/files/0bcbc966-il_fullxfull.7703815090_eowi.jpg?v=1774790466,colour-maze-aop-pajama-pants-cutout.png
colour-maze-aop-pajama-pants,9175879680227,1,0,https://cdn.shopify.com/s/files/1/0788/2358/8067/files/cd7172cb-il_fullxfull.7751752007_tcd9.jpg?v=1774790466,colour-maze-aop-pajama-pants-cutout.png
colour-maze-aop-pajama-pants,9175879680227,2,0,https://cdn.shopify.com/s/files/1/0788/2358/8067/files/d2721ad9-il_fullxfull.7751703619_2a6j.jpg?v=1774790466,colour-maze-aop-pajama-pants-cutout.png
colour-maze-aop-pajama-pants,9175879680227,3,0,https://cdn.shopify.com/s/files/1/0788/2358/8067/files/8244da67-il_fullxfull.7751703651_qap8.jpg?v=1774790466,colour-maze-aop-pajama-pants-cutout.png
colour-maze-aop-pajama-pants,9175879680227,4,0,https://cdn.shopify.com/s/files/1/0788/2358/8067/files/c9c6377a-il_fullxfull.7751703773_5ykt.jpg?v=1774790466,colour-maze-aop-pajama-pants-cutout.png
colour-maze-aop-pajama-pants,9175879680227,5,0,https://cdn.shopify.com/s/files/1/0788/2358/8067/files/3168fcd3-il_fullxfull.7751703833_30r9.jpg?v=1774790466,colour-maze-aop-pajama-pants-cutout.png
colour-maze-aop-pajama-pants,9175879680227,6,0,https://cdn.shopify.com/s/files/1/0788/2358/8067/files/79530c01-il_fullxfull.7703765176_4yc0.jpg?v=1774790466,colour-maze-aop-pajama-pants-cutout.png
colour-maze-aop-pajama-pants,9175879680227,7,0,https://cdn.shopify.com/s/files/1/0788/2358/8067/files/895b56fe-il_fullxfull.7703765178_4kiy.jpg?v=1774790466,colour-maze-aop-pajama-pants-cutout.png
colour-maze-aop-pajama-pants,9175879680227,8,0,https://cdn.shopify.com/s/files/1/0788/2358/8067/files/b97b13bd-il_fullxfull.7703765204_ttvs.jpg?v=1774790466,colour-maze-aop-pajama-pants-cutout.png
comic-collage-hoodie,9214499946723,0,1,https://cdn.shopify.com/s/files/1/0788/2358/8067/files/retro-pop-comic-collage-hoodie-bold-all-over-print-streetwear-for-art-lovers-vintage-vibe-seekers-1653528.png?v=1777788606,comic-collage-hoodie-cutout.png
comic-collage-hoodie,9214499946723,1,0,https://cdn.shopify.com/s/files/1/0788/2358/8067/files/13236546911955433486_2048.jpg?v=1776080526,comic-collage-hoodie-cutout.png
concrete-chaos-aop-basketball-shorts,9261117505763,0,1,https://cdn.shopify.com/s/files/1/0788/2358/8067/files/graffiti-basketball-shorts-for-hoop-culture-heads-concrete-chaos-aop-streetwear-festival-gym-wear-loud-athletic-bottoms-skater-shorts-6099141.jpg?v=1782724152,concrete-chaos-aop-basketball-shorts-cutout.png
concrete-chaos-aop-basketball-shorts,9261117505763,1,0,https://cdn.shopify.com/s/files/1/0788/2358/8067/files/graffiti-basketball-shorts-for-hoop-culture-heads-concrete-chaos-aop-streetwear-festival-gym-wear-loud-athletic-bottoms-skater-shorts-8917173.jpg?v=1782724150,concrete-chaos-aop-basketball-shorts-cutout.png
concrete-chaos-aop-basketball-shorts,9261117505763,2,0,https://cdn.shopify.com/s/files/1/0788/2358/8067/files/graffiti-basketball-shorts-for-hoop-culture-heads-concrete-chaos-aop-streetwear-festival-gym-wear-loud-athletic-bottoms-skater-shorts-2396892.jpg?v=1782724151,concrete-chaos-aop-basketball-shorts-cutout.png
concrete-chaos-aop-basketball-shorts,9261117505763,3,0,https://cdn.shopify.com/s/files/1/0788/2358/8067/files/graffiti-basketball-shorts-for-hoop-culture-heads-concrete-chaos-aop-streetwear-festival-gym-wear-loud-athletic-bottoms-skater-shorts-6944591.jpg?v=1782724151,concrete-chaos-aop-basketball-shorts-cutout.png
concrete-chaos-aop-basketball-shorts,9261117505763,4,0,https://cdn.shopify.com/s/files/1/0788/2358/8067/files/graffiti-basketball-shorts-for-hoop-culture-heads-concrete-chaos-aop-streetwear-festival-gym-wear-loud-athletic-bottoms-skater-shorts-6628649.jpg?v=1782724151,concrete-chaos-aop-basketball-shorts-cutout.png
contessa-over-elbow-gloves,9185462517987,0,1,https://cdn.shopify.com/s/files/1/0788/2358/8067/files/contessa-aop-over-elbow-long-gloves-crushed-velour-9441191.png?v=1782724336,contessa-over-elbow-gloves-cutout.png
contessa-over-elbow-gloves,9185462517987,1,0,https://cdn.shopify.com/s/files/1/0788/2358/8067/files/2946089_0_3d.jpg?v=1774790225,contessa-over-elbow-gloves-cutout.png
contessa-over-elbow-gloves,9185462517987,2,0,https://cdn.shopify.com/s/files/1/0788/2358/8067/files/2946089_1_3d.jpg?v=1774790225,contessa-over-elbow-gloves-cutout.png
contessa-over-elbow-gloves,9185462517987,3,0,https://cdn.shopify.com/s/files/1/0788/2358/8067/files/2946089_2_3d.jpg?v=1774790225,contessa-over-elbow-gloves-cutout.png
contessa-over-elbow-gloves,9185462517987,4,0,https://cdn.shopify.com/s/files/1/0788/2358/8067/files/2946089_3_3d.jpg?v=1774790225,contessa-over-elbow-gloves-cutout.png
contessa-over-elbow-gloves,9185462517987,5,0,https://cdn.shopify.com/s/files/1/0788/2358/8067/files/2946089_4_3d.jpg?v=1774790225,contessa-over-elbow-gloves-cutout.png
contessa-over-elbow-gloves,9185462517987,6,0,https://cdn.shopify.com/s/files/1/0788/2358/8067/files/2946089_5_3d.jpg?v=1774790225,contessa-over-elbow-gloves-cutout.png
copper-shard-athletic-tank,9184477446371,0,1,https://cdn.shopify.com/s/files/1/0788/2358/8067/files/0f835c78ed272403a8366629eafc4258.png?v=1778388796,copper-shard-athletic-tank-cutout.png
copper-shard-athletic-tank,9184477446371,1,0,https://cdn.shopify.com/s/files/1/0788/2358/8067/files/170gsm-mens-quick-dry-tank-topall-over-printing-4557409.png?v=1777423447,copper-shard-athletic-tank-cutout.png
copper-shard-athletic-tank,9184477446371,2,0,https://cdn.shopify.com/s/files/1/0788/2358/8067/files/9fd5ac43e603abd9974e69ce20f1470b.jpg?v=1774456358,copper-shard-athletic-tank-cutout.png
copper-shard-athletic-tank,9184477446371,3,0,https://cdn.shopify.com/s/files/1/0788/2358/8067/files/4c0069973067f3d2b9798413373d048e.jpg?v=1774456358,copper-shard-athletic-tank-cutout.png
copper-shard-athletic-tank,9184477446371,4,0,https://cdn.shopify.com/s/files/1/0788/2358/8067/files/0f835c78ed272403a8366629eafc4258.jpg?v=1774456358,copper-shard-athletic-tank-cutout.png
copper-shard-athletic-tank,9184477446371,5,0,https://cdn.shopify.com/s/files/1/0788/2358/8067/files/83d6445013f0111b62961ed42baacc34.jpg?v=1774456358,copper-shard-athletic-tank-cutout.png
copper-shard-athletic-tank,9184477446371,6,0,https://cdn.shopify.com/s/files/1/0788/2358/8067/files/20328a872b164513de4082a1a89403b3.jpg?v=1774456358,copper-shard-athletic-tank-cutout.png
copper-shard-athletic-tank,9184477446371,7,0,https://cdn.shopify.com/s/files/1/0788/2358/8067/files/af9a7a73f3e995ded022493b08065725.jpg?v=1774456358,copper-shard-athletic-tank-cutout.png
copper-shard-athletic-tank,9184477446371,8,0,https://cdn.shopify.com/s/files/1/0788/2358/8067/files/a92c7491912c1bb1ff4ded7937bb9615_9f23b12e-6d31-433e-9b1a-858218bd6a2c.jpg?v=1774456358,copper-shard-athletic-tank-cutout.png
copper-shard-athletic-tank,9184477446371,9,0,https://cdn.shopify.com/s/files/1/0788/2358/8067/files/8e05fc94289e5e9a7ce2181a898756e4_6ba2ca95-0788-4ed1-9c8e-ee3bd6f09e3b.jpg?v=1774456358,copper-shard-athletic-tank-cutout.png
copper-shard-athletic-tank,9184477446371,10,0,https://cdn.shopify.com/s/files/1/0788/2358/8067/files/8928e57b916a69f13ca71e0179919fa4_263c526e-0cf6-4432-8970-9ab8565da4dd.jpg?v=1774456358,copper-shard-athletic-tank-cutout.png
copper-shard-full-zip-hoodie,9184468140259,0,1,https://cdn.shopify.com/s/files/1/0788/2358/8067/files/230gsm-full-zip-up-hoodie-with-plush-liningall-over-printing-2137119.png?v=1778286007,copper-shard-full-zip-hoodie-cutout.png
copper-shard-full-zip-hoodie,9184468140259,1,0,https://cdn.shopify.com/s/files/1/0788/2358/8067/files/6b50c8c8c87bc5ad22d97b6f004e4a7d.jpg?v=1774456181,copper-shard-full-zip-hoodie-cutout.png
copper-shard-full-zip-hoodie,9184468140259,2,0,https://cdn.shopify.com/s/files/1/0788/2358/8067/files/1f7a5851fe3d6b67664ef24361a43625.jpg?v=1774456182,copper-shard-full-zip-hoodie-cutout.png
copper-shard-full-zip-hoodie,9184468140259,3,0,https://cdn.shopify.com/s/files/1/0788/2358/8067/files/068951265fada3bfbf70c7030e9da385.jpg?v=1774456182,copper-shard-full-zip-hoodie-cutout.png
copper-shard-full-zip-hoodie,9184468140259,4,0,https://cdn.shopify.com/s/files/1/0788/2358/8067/files/425380ca9856b187dc82d177f6e4788e.jpg?v=1774456181,copper-shard-full-zip-hoodie-cutout.png
copper-shard-full-zip-hoodie,9184468140259,5,0,https://cdn.shopify.com/s/files/1/0788/2358/8067/files/8e163154f11b1e1ea0784690bde8373b.jpg?v=1774456182,copper-shard-full-zip-hoodie-cutout.png
copper-shard-full-zip-hoodie,9184468140259,6,0,https://cdn.shopify.com/s/files/1/0788/2358/8067/files/c92a18a3df150daeda980bf8ad034c99_6d4e5a56-f541-46fd-bcf7-f8ea37088b00.jpg?v=1774456181,copper-shard-full-zip-hoodie-cutout.png
copper-shard-full-zip-hoodie,9184468140259,7,0,https://cdn.shopify.com/s/files/1/0788/2358/8067/files/b7c0ab748a704cf9af3d6cc246cd8dc9_d28c8536-9af8-4b53-a804-a0826e6bdaaa.jpg?v=1774456182,copper-shard-full-zip-hoodie-cutout.png
cosmic-abstract-hockey-jersey,9193887891683,0,1,https://cdn.shopify.com/s/files/1/0788/2358/8067/files/cosmic-abstract-hockey-jersey-for-streetwear-collectors-full-coverage-aop-mesh-rink-to-festival-statement-bold-print-sports-jersey-4678110.png?v=1782724330,cosmic-abstract-hockey-jersey-cutout.png
cosmic-abstract-hockey-jersey,9193887891683,1,0,https://cdn.shopify.com/s/files/1/0788/2358/8067/files/155733-1fa54f98-22c1-44e7-8aba-060d87cf813d.jpg?v=1774789574,cosmic-abstract-hockey-jersey-cutout.png
cosmic-abstract-hockey-jersey,9193887891683,2,0,https://cdn.shopify.com/s/files/1/0788/2358/8067/files/155733-1c057532-8446-4207-8429-e4e163953016.jpg?v=1774789574,cosmic-abstract-hockey-jersey-cutout.png
cosmic-abstract-hockey-jersey,9193887891683,3,0,https://cdn.shopify.com/s/files/1/0788/2358/8067/files/155733-086d01e4-c05e-4e47-846d-e4d6e57f83c3.jpg?v=1774789574,cosmic-abstract-hockey-jersey-cutout.png
cosmic-bloom-sunflower-raglan,9299158466787,0,1,https://cdn.shopify.com/s/files/1/0788/2358/8067/files/chaos-cosmic-bloom-raglan-for-alt-synth-pop-dressers-boundless-bleeds-aop-jersey-psychedelic-sunflower-obsidian-neon-8682503.jpg?v=1782724149,cosmic-bloom-sunflower-raglan-cutout.png
cosmic-bloom-sunflower-raglan,9299158466787,1,0,https://cdn.shopify.com/s/files/1/0788/2358/8067/files/chaos-cosmic-bloom-raglan-for-alt-synth-pop-dressers-boundless-bleeds-aop-jersey-psychedelic-sunflower-obsidian-neon-8554218.jpg?v=1782724149,cosmic-bloom-sunflower-raglan-cutout.png
cosmic-bloom-sunflower-raglan,9299158466787,2,0,https://cdn.shopify.com/s/files/1/0788/2358/8067/files/chaos-cosmic-bloom-raglan-for-alt-synth-pop-dressers-boundless-bleeds-aop-jersey-psychedelic-sunflower-obsidian-neon-7681745.jpg?v=1782724150,cosmic-bloom-sunflower-raglan-cutout.png
cosmic-bloom-sunflower-raglan,9299158466787,3,0,https://cdn.shopify.com/s/files/1/0788/2358/8067/files/chaos-cosmic-bloom-raglan-for-alt-synth-pop-dressers-boundless-bleeds-aop-jersey-psychedelic-sunflower-obsidian-neon-8464942.jpg?v=1782724149,cosmic-bloom-sunflower-raglan-cutout.png
cosmic-bloom-sunflower-raglan,9299158466787,4,0,https://cdn.shopify.com/s/files/1/0788/2358/8067/files/chaos-cosmic-bloom-raglan-for-alt-synth-pop-dressers-boundless-bleeds-aop-jersey-psychedelic-sunflower-obsidian-neon-8479782.png?v=1782724149,cosmic-bloom-sunflower-raglan-cutout.png
cosmic-bloom-tie-dye-raglan,9299638649059,0,1,https://cdn.shopify.com/s/files/1/0788/2358/8067/files/chaos-cosmic-bloom-all-over-print-raglan-boundless-bleeds-series-5152083.jpg?v=1782724209,cosmic-bloom-tie-dye-raglan-cutout.png
cosmic-bloom-tie-dye-raglan,9299638649059,1,0,https://cdn.shopify.com/s/files/1/0788/2358/8067/files/chaos-cosmic-bloom-all-over-print-raglan-boundless-bleeds-series-5417183.jpg?v=1782724209,cosmic-bloom-tie-dye-raglan-cutout.png
cosmic-bloom-tie-dye-raglan,9299638649059,2,0,https://cdn.shopify.com/s/files/1/0788/2358/8067/files/chaos-cosmic-bloom-all-over-print-raglan-boundless-bleeds-series-9845018.jpg?v=1782724209,cosmic-bloom-tie-dye-raglan-cutout.png
cosmic-bloom-tie-dye-raglan,9299638649059,3,0,https://cdn.shopify.com/s/files/1/0788/2358/8067/files/chaos-cosmic-bloom-all-over-print-raglan-boundless-bleeds-series-8793972.jpg?v=1782724209,cosmic-bloom-tie-dye-raglan-cutout.png
cosmic-bloom-tie-dye-raglan,9299638649059,4,0,https://cdn.shopify.com/s/files/1/0788/2358/8067/files/chaos-cosmic-bloom-all-over-print-raglan-boundless-bleeds-series-7756910.png?v=1782724209,cosmic-bloom-tie-dye-raglan-cutout.png
cosmic-chain-link-kimono-robe,9214499586275,0,1,https://cdn.shopify.com/s/files/1/0788/2358/8067/files/kimono-robe-dragon-ballistic-style-samurai-for-feminine-and-fierce-3962516.png?v=1777788608,cosmic-chain-link-kimono-robe-cutout.png
cosmic-chain-link-kimono-robe,9214499586275,1,0,https://cdn.shopify.com/s/files/1/0788/2358/8067/files/6255591769322398720_2048.jpg?v=1776080526,cosmic-chain-link-kimono-robe-cutout.png
cosmic-dot-painting-bucket-hat,9175878795491,0,1,https://cdn.shopify.com/s/files/1/0788/2358/8067/files/90bb8b82-il_fullxfull.7691992936_1yf0.jpg?v=1774455900,cosmic-dot-painting-bucket-hat-cutout.png
cosmic-dot-painting-bucket-hat,9175878795491,1,0,https://cdn.shopify.com/s/files/1/0788/2358/8067/files/84f0fbe3-il_fullxfull.7739936891_4q94.jpg?v=1774790707,cosmic-dot-painting-bucket-hat-cutout.png
cosmic-dot-painting-bucket-hat,9175878795491,2,0,https://cdn.shopify.com/s/files/1/0788/2358/8067/files/818aa547-il_fullxfull.7691993158_3rla.jpg?v=1774790707,cosmic-dot-painting-bucket-hat-cutout.png
cosmic-dot-painting-bucket-hat,9175878795491,3,0,https://cdn.shopify.com/s/files/1/0788/2358/8067/files/0daeff3f-il_fullxfull.7691993184_hldz.jpg?v=1774790707,cosmic-dot-painting-bucket-hat-cutout.png
cosmic-dot-painting-bucket-hat,9175878795491,4,0,https://cdn.shopify.com/s/files/1/0788/2358/8067/files/1bd3558f-il_fullxfull.7739937217_d4vp.jpg?v=1774790707,cosmic-dot-painting-bucket-hat-cutout.png
cosmic-dot-painting-bucket-hat,9175878795491,5,0,https://cdn.shopify.com/s/files/1/0788/2358/8067/files/7df91106-il_fullxfull.7691993528_bm3s.jpg?v=1774790707,cosmic-dot-painting-bucket-hat-cutout.png
cosmic-dot-painting-bucket-hat,9175878795491,6,0,https://cdn.shopify.com/s/files/1/0788/2358/8067/files/9beef63a-il_fullxfull.7739937313_lwhq.jpg?v=1774455900,cosmic-dot-painting-bucket-hat-cutout.png
cosmic-dot-painting-bucket-hat,9175878795491,7,0,https://cdn.shopify.com/s/files/1/0788/2358/8067/files/4cb458ba-il_fullxfull.7691993684_b2zw.jpg?v=1774790707,cosmic-dot-painting-bucket-hat-cutout.png
cosmic-dot-painting-bucket-hat,9175878795491,8,0,https://cdn.shopify.com/s/files/1/0788/2358/8067/files/0b571874-il_fullxfull.7739937471_15cs.jpg?v=1774455900,cosmic-dot-painting-bucket-hat-cutout.png
cosmic-mandala-combat-boots,9304901189859,0,1,https://cdn.shopify.com/s/files/1/0788/2358/8067/files/indigo-garden-martin-boots-blue-violet-folk-floral-aop-combat-boots-statement-festival-footwear-6350889.jpg?v=1782724156,cosmic-mandala-combat-boots-cutout.png
cosmic-mandala-combat-boots,9304901189859,1,0,https://cdn.shopify.com/s/files/1/0788/2358/8067/files/indigo-garden-martin-boots-blue-violet-folk-floral-aop-combat-boots-statement-festival-footwear-6257420.jpg?v=1782724156,cosmic-mandala-combat-boots-cutout.png
cosmic-mandala-combat-boots,9304901189859,2,0,https://cdn.shopify.com/s/files/1/0788/2358/8067/files/indigo-garden-martin-boots-blue-violet-folk-floral-aop-combat-boots-statement-festival-footwear-2381633.jpg?v=1782724156,cosmic-mandala-combat-boots-cutout.png
cosmic-mandala-combat-boots,9304901189859,3,0,https://cdn.shopify.com/s/files/1/0788/2358/8067/files/indigo-garden-martin-boots-blue-violet-folk-floral-aop-combat-boots-statement-festival-footwear-9047677.jpg?v=1782724156,cosmic-mandala-combat-boots-cutout.png
cosmic-pop-art-bomber-jacket,9175878664419,0,1,https://cdn.shopify.com/s/files/1/0788/2358/8067/files/5d4ac06d-il_fullxfull.7724266679_oaub.jpg?v=1774790764,cosmic-pop-art-bomber-jacket-cutout.png
cosmic-pop-art-bomber-jacket,9175878664419,1,0,https://cdn.shopify.com/s/files/1/0788/2358/8067/files/f76e8b3b-il_fullxfull.7676320586_1o3b.jpg?v=1774790764,cosmic-pop-art-bomber-jacket-cutout.png
cosmic-sunflower-raglan-tee,9299133006051,0,1,https://cdn.shopify.com/s/files/1/0788/2358/8067/files/fever-ray-cosmic-sunflower-raglan-for-avant-garde-synth-pop-dressers-neon-yellow-purple-black-aop-womens-tie-dye-electronic-music-festival-top-3357345.jpg?v=1782724030,cosmic-sunflower-raglan-tee-cutout.png
cosmic-sunflower-raglan-tee,9299133006051,1,0,https://cdn.shopify.com/s/files/1/0788/2358/8067/files/fever-ray-cosmic-sunflower-raglan-for-avant-garde-synth-pop-dressers-neon-yellow-purple-black-aop-womens-tie-dye-electronic-music-festival-top-4392780.jpg?v=1782724031,cosmic-sunflower-raglan-tee-cutout.png
cosmic-sunflower-raglan-tee,9299133006051,2,0,https://cdn.shopify.com/s/files/1/0788/2358/8067/files/fever-ray-cosmic-sunflower-raglan-for-avant-garde-synth-pop-dressers-neon-yellow-purple-black-aop-womens-tie-dye-electronic-music-festival-top-6358308.jpg?v=1782724030,cosmic-sunflower-raglan-tee-cutout.png
cosmic-sunflower-raglan-tee,9299133006051,3,0,https://cdn.shopify.com/s/files/1/0788/2358/8067/files/fever-ray-cosmic-sunflower-raglan-for-avant-garde-synth-pop-dressers-neon-yellow-purple-black-aop-womens-tie-dye-electronic-music-festival-top-7438657.jpg?v=1782724031,cosmic-sunflower-raglan-tee-cutout.png
cosmic-sunflower-raglan-tee,9299133006051,4,0,https://cdn.shopify.com/s/files/1/0788/2358/8067/files/fever-ray-cosmic-sunflower-raglan-for-avant-garde-synth-pop-dressers-neon-yellow-purple-black-aop-womens-tie-dye-electronic-music-festival-top-4246613.png?v=1782724030,cosmic-sunflower-raglan-tee-cutout.png
cosmic-svg-bundle-16-space-galaxy-cut-files,9529611223267,0,1,https://cdn.shopify.com/s/files/1/0788/2358/8067/files/cosmic-16-svg-bundle-for-cricut-sublimation-pod-cosmic-space-galaxy-designs-4695522.png?v=1782815106,cosmic-svg-bundle-16-space-galaxy-cut-files-cutout.png
cosmic-thunder-aop-long-sleeve-shirt,9175876042979,0,1,https://cdn.shopify.com/s/files/1/0788/2358/8067/files/geometric-glitch-art-button-down-for-90s-arcade-maximalists-aop-glitchcore-short-sleeve-shirt-bold-pixel-streetwear-statement-2272039.png?v=1782724568,cosmic-thunder-aop-long-sleeve-shirt-cutout.png
cosmic-thunder-aop-long-sleeve-shirt,9175876042979,1,0,https://cdn.shopify.com/s/files/1/0788/2358/8067/files/e396617b-il_fullxfull.7708160114_p2gm.jpg?v=1774790887,cosmic-thunder-aop-long-sleeve-shirt-cutout.png
cosmic-thunder-aop-long-sleeve-shirt,9175876042979,2,0,https://cdn.shopify.com/s/files/1/0788/2358/8067/files/91ce259b-il_fullxfull.7708160134_d4c5.jpg?v=1774790888,cosmic-thunder-aop-long-sleeve-shirt-cutout.png
cosmic-thunder-aop-long-sleeve-shirt,9175876042979,3,0,https://cdn.shopify.com/s/files/1/0788/2358/8067/files/890af2cb-il_fullxfull.7756099643_273z.jpg?v=1774790887,cosmic-thunder-aop-long-sleeve-shirt-cutout.png
cosmic-thunder-aop-long-sleeve-shirt,9175876042979,4,0,https://cdn.shopify.com/s/files/1/0788/2358/8067/files/8ab105c0-il_fullxfull.7708160064_qqng.jpg?v=1774790887,cosmic-thunder-aop-long-sleeve-shirt-cutout.png
cosmic-thunder-aop-long-sleeve-shirt,9175876042979,5,0,https://cdn.shopify.com/s/files/1/0788/2358/8067/files/e5f43702-il_fullxfull.7708160116_2o5d.jpg?v=1774790887,cosmic-thunder-aop-long-sleeve-shirt-cutout.png
cosmic-thunder-aop-long-sleeve-shirt,9175876042979,6,0,https://cdn.shopify.com/s/files/1/0788/2358/8067/files/536c5961-il_fullxfull.7756099621_cs7r.jpg?v=1774790888,cosmic-thunder-aop-long-sleeve-shirt-cutout.png
cosmic-thunder-aop-long-sleeve-shirt,9175876042979,7,0,https://cdn.shopify.com/s/files/1/0788/2358/8067/files/931094bd-il_fullxfull.7739774905_p9ep.jpg?v=1774790887,cosmic-thunder-aop-long-sleeve-shirt-cutout.png
cosmic-thunder-aop-long-sleeve-shirt,9175876042979,8,0,https://cdn.shopify.com/s/files/1/0788/2358/8067/files/b86b8a63-il_fullxfull.7739774959_10ln.jpg?v=1774790887,cosmic-thunder-aop-long-sleeve-shirt-cutout.png
cottagecore-svg-bundle-56-eclectic-cut-files,9529610862819,0,1,https://cdn.shopify.com/s/files/1/0788/2358/8067/files/cottagecore-56-svg-bundle-for-cricut-sublimation-pod-cottagecore-rustic-cottage-aesthetic-4189994.png?v=1782815106,cottagecore-svg-bundle-56-eclectic-cut-files-cutout.png
crimson-ocean-reversible-bucket-hat,9193905291491,0,1,https://cdn.shopify.com/s/files/1/0788/2358/8067/files/crimson-ocean-reversible-aop-bucket-hat-two-looks-one-hat-2033968.png?v=1777788608,crimson-ocean-reversible-bucket-hat-cutout.png
crimson-ocean-reversible-bucket-hat,9193905291491,1,0,https://cdn.shopify.com/s/files/1/0788/2358/8067/files/155733-5493a814-1f1e-42b4-9d08-cdd579ac32e2.jpg?v=1774789628,crimson-ocean-reversible-bucket-hat-cutout.png
crimson-ocean-reversible-bucket-hat,9193905291491,2,0,https://cdn.shopify.com/s/files/1/0788/2358/8067/files/155733-60fed0d9-f3d9-4dbe-ae5e-68516f78cd5f.jpg?v=1774789628,crimson-ocean-reversible-bucket-hat-cutout.png
crimson-ocean-reversible-bucket-hat,9193905291491,3,0,https://cdn.shopify.com/s/files/1/0788/2358/8067/files/155733-1ee87d43-75af-461f-89a9-350a16379f99.jpg?v=1774789629,crimson-ocean-reversible-bucket-hat-cutout.png
crimson-ocean-reversible-bucket-hat,9193905291491,4,0,https://cdn.shopify.com/s/files/1/0788/2358/8067/files/155733-05fe4a9b-cf42-4af1-8a07-50289f7c342f.jpg?v=1774789628,crimson-ocean-reversible-bucket-hat-cutout.png
crimson-ocean-reversible-bucket-hat,9193905291491,5,0,https://cdn.shopify.com/s/files/1/0788/2358/8067/files/155733-0992ed3d-2fe5-4e7e-9389-ed104cd53b11.jpg?v=1774789629,crimson-ocean-reversible-bucket-hat-cutout.png
crimson-ocean-reversible-bucket-hat,9193905291491,6,0,https://cdn.shopify.com/s/files/1/0788/2358/8067/files/155733-da2db3d8-b880-445f-856a-862b3fe78872.jpg?v=1774789628,crimson-ocean-reversible-bucket-hat-cutout.png
crimson-ocean-reversible-bucket-hat,9193905291491,7,0,https://cdn.shopify.com/s/files/1/0788/2358/8067/files/155733-952301ae-6abf-41f7-b0f3-20501373a439.jpg?v=1774789628,crimson-ocean-reversible-bucket-hat-cutout.png
crimson-ocean-reversible-bucket-hat,9193905291491,8,0,https://cdn.shopify.com/s/files/1/0788/2358/8067/files/b18ad02d-9520-4183-9e07-e1886dd02a2a.jpg?v=1774456236,crimson-ocean-reversible-bucket-hat-cutout.png
crimson-plume-bloom-polo,9175877026019,0,1,https://cdn.shopify.com/s/files/1/0788/2358/8067/files/artsy-floral-aop-mens-long-sleeve-polo-220gsm-painterly-botanical-print-polished-maximalist-workwear-for-hospitality-1727524.png?v=1782724508,crimson-plume-bloom-polo-cutout.png
crimson-plume-bloom-polo,9175877026019,1,0,https://cdn.shopify.com/s/files/1/0788/2358/8067/files/76c271af-il_fullxfull.7724267393_jn6h.jpg?v=1774790765,crimson-plume-bloom-polo-cutout.png
crimson-plume-bloom-polo,9175877026019,2,0,https://cdn.shopify.com/s/files/1/0788/2358/8067/files/b152c0a6-il_fullxfull.7676320862_5su0.jpg?v=1774790765,crimson-plume-bloom-polo-cutout.png
crimson-plume-bloom-polo,9175877026019,3,0,https://cdn.shopify.com/s/files/1/0788/2358/8067/files/738ea304-il_fullxfull.7724267913_nwsq.jpg?v=1774790765,crimson-plume-bloom-polo-cutout.png
crimson-plume-bloom-polo,9175877026019,4,0,https://cdn.shopify.com/s/files/1/0788/2358/8067/files/944cf2b3-il_fullxfull.7676321508_k7wn.jpg?v=1774790765,crimson-plume-bloom-polo-cutout.png
crimson-plume-bloom-polo,9175877026019,5,0,https://cdn.shopify.com/s/files/1/0788/2358/8067/files/c932b0d3-il_fullxfull.7676321864_ixqk.jpg?v=1774455948,crimson-plume-bloom-polo-cutout.png
crimson-plume-bloom-polo,9175877026019,6,0,https://cdn.shopify.com/s/files/1/0788/2358/8067/files/d489a625-il_fullxfull.7676322178_sebc.jpg?v=1774790765,crimson-plume-bloom-polo-cutout.png
crimson-plume-bloom-polo,9175877026019,7,0,https://cdn.shopify.com/s/files/1/0788/2358/8067/files/fed36bcd-il_fullxfull.7724269155_15ov.jpg?v=1774455949,crimson-plume-bloom-polo-cutout.png
crimson-plume-bloom-polo,9175877026019,8,0,https://cdn.shopify.com/s/files/1/0788/2358/8067/files/8d09c7c1-il_fullxfull.7676322736_poce.jpg?v=1774455948,crimson-plume-bloom-polo-cutout.png
crimson-plume-bloom-polo,9175877026019,9,0,https://cdn.shopify.com/s/files/1/0788/2358/8067/files/22ccc5ca-il_fullxfull.7676322980_lug1.jpg?v=1774455949,crimson-plume-bloom-polo-cutout.png
crimson-plume-bloom-polo,9175877026019,10,0,https://cdn.shopify.com/s/files/1/0788/2358/8067/files/94236ab6-il_fullxfull.7676323246_o61t.jpg?v=1774790765,crimson-plume-bloom-polo-cutout.png
crisp-burn-painted-strata-hoodie,9175878992099,0,1,https://cdn.shopify.com/s/files/1/0788/2358/8067/files/crisp-burn-painted-strata-zip-hoodie-sunset-wave-all-over-print-7302564.png?v=1778286006,crisp-burn-painted-strata-hoodie-cutout.png
crisp-burn-painted-strata-hoodie,9175878992099,1,0,https://cdn.shopify.com/s/files/1/0788/2358/8067/files/31d40495-il_fullxfull.7724264751_pya0.jpg?v=1774790832,crisp-burn-painted-strata-hoodie-cutout.png
crisp-burn-painted-strata-hoodie,9175878992099,2,0,https://cdn.shopify.com/s/files/1/0788/2358/8067/files/8a5253ec-il_fullxfull.7724265149_8xyf.jpg?v=1774790833,crisp-burn-painted-strata-hoodie-cutout.png
crisp-burn-painted-strata-hoodie,9175878992099,3,0,https://cdn.shopify.com/s/files/1/0788/2358/8067/files/e84823cd-il_fullxfull.7724265407_9jdq.jpg?v=1774790832,crisp-burn-painted-strata-hoodie-cutout.png
crisp-burn-painted-strata-hoodie,9175878992099,4,0,https://cdn.shopify.com/s/files/1/0788/2358/8067/files/e3ea0e92-il_fullxfull.7676318794_hz23.jpg?v=1774790832,crisp-burn-painted-strata-hoodie-cutout.png
crisp-burn-painted-strata-hoodie,9175878992099,5,0,https://cdn.shopify.com/s/files/1/0788/2358/8067/files/9339cf4f-il_fullxfull.7676319154_jhc6.jpg?v=1774790832,crisp-burn-painted-strata-hoodie-cutout.png
crisp-burn-painted-strata-hoodie,9175878992099,6,0,https://cdn.shopify.com/s/files/1/0788/2358/8067/files/d284c757-il_fullxfull.7676319524_jll4.jpg?v=1774790832,crisp-burn-painted-strata-hoodie-cutout.png
crisp-burn-painted-strata-hoodie,9175878992099,7,0,https://cdn.shopify.com/s/files/1/0788/2358/8067/files/7fd8fc51-il_fullxfull.7676319952_j2t2.jpg?v=1774790832,crisp-burn-painted-strata-hoodie-cutout.png
crisp-burn-painted-strata-hoodie,9175878992099,8,0,https://cdn.shopify.com/s/files/1/0788/2358/8067/files/04d29705-il_fullxfull.7676320256_9swj.jpg?v=1774790832,crisp-burn-painted-strata-hoodie-cutout.png
crowd-of-faces-blazer,9297182720227,0,1,https://cdn.shopify.com/s/files/1/0788/2358/8067/files/crowd-of-faces-aop-blazer-surreal-portrait-collage-flat-lapel-suit-jacket-for-gallery-night-rebels-3102169.jpg?v=1782724097,crowd-of-faces-blazer-cutout.png
crowd-of-faces-blazer,9297182720227,1,0,https://cdn.shopify.com/s/files/1/0788/2358/8067/files/crowd-of-faces-aop-blazer-surreal-portrait-collage-flat-lapel-suit-jacket-for-gallery-night-rebels-1174390.jpg?v=1782724097,crowd-of-faces-blazer-cutout.png
crowd-of-faces-blazer,9297182720227,2,0,https://cdn.shopify.com/s/files/1/0788/2358/8067/files/crowd-of-faces-aop-blazer-surreal-portrait-collage-flat-lapel-suit-jacket-for-gallery-night-rebels-6572640.jpg?v=1782724097,crowd-of-faces-blazer-cutout.png
crowd-of-faces-blazer,9297182720227,3,0,https://cdn.shopify.com/s/files/1/0788/2358/8067/files/crowd-of-faces-aop-blazer-surreal-portrait-collage-flat-lapel-suit-jacket-for-gallery-night-rebels-9090604.jpg?v=1782724097,crowd-of-faces-blazer-cutout.png
crowd-of-faces-blazer,9297182720227,4,0,https://cdn.shopify.com/s/files/1/0788/2358/8067/files/crowd-of-faces-aop-blazer-surreal-portrait-collage-flat-lapel-suit-jacket-for-gallery-night-rebels-7458007.png?v=1782724096,crowd-of-faces-blazer-cutout.png
crowd-theory-bucket-hat,9175878959331,0,1,https://cdn.shopify.com/s/files/1/0788/2358/8067/files/e565336e-il_fullxfull.7676317760_i3dx.jpg?v=1774790830,crowd-theory-bucket-hat-cutout.png
crowd-theory-bucket-hat,9175878959331,1,0,https://cdn.shopify.com/s/files/1/0788/2358/8067/files/89408c28-il_fullxfull.7724265139_com1.jpg?v=1774455876,crowd-theory-bucket-hat-cutout.png
crowd-theory-bucket-hat,9175878959331,2,0,https://cdn.shopify.com/s/files/1/0788/2358/8067/files/488f952b-il_fullxfull.7676318408_1o32.jpg?v=1774455876,crowd-theory-bucket-hat-cutout.png
crowd-theory-bucket-hat,9175878959331,3,0,https://cdn.shopify.com/s/files/1/0788/2358/8067/files/034d8358-il_fullxfull.7676318764_st2i.jpg?v=1774790829,crowd-theory-bucket-hat-cutout.png
crowd-theory-bucket-hat,9175878959331,4,0,https://cdn.shopify.com/s/files/1/0788/2358/8067/files/894ace64-il_fullxfull.7724266159_d1bt.jpg?v=1774455877,crowd-theory-bucket-hat-cutout.png
crowd-theory-bucket-hat,9175878959331,5,0,https://cdn.shopify.com/s/files/1/0788/2358/8067/files/588055ea-il_fullxfull.7724266553_cp9l.jpg?v=1774455876,crowd-theory-bucket-hat-cutout.png
crowd-theory-bucket-hat,9175878959331,6,0,https://cdn.shopify.com/s/files/1/0788/2358/8067/files/8b09e6be-il_fullxfull.7676319992_e7h5.jpg?v=1774790830,crowd-theory-bucket-hat-cutout.png
crowd-theory-bucket-hat,9175878959331,7,0,https://cdn.shopify.com/s/files/1/0788/2358/8067/files/a10bf877-il_fullxfull.7724267059_f73p.jpg?v=1774790830,crowd-theory-bucket-hat-cutout.png
cubist-stained-glass-henley-polo,9297181606115,0,1,https://cdn.shopify.com/s/files/1/0788/2358/8067/files/cubist-stained-glass-henley-polo-vivid-mosaic-aop-bamboo-feel-summer-shirt-for-art-forward-dressers-8721894.jpg?v=1782724036,cubist-stained-glass-henley-polo-cutout.png
cubist-stained-glass-henley-polo,9297181606115,1,0,https://cdn.shopify.com/s/files/1/0788/2358/8067/files/cubist-stained-glass-henley-polo-vivid-mosaic-aop-bamboo-feel-summer-shirt-for-art-forward-dressers-5789474.jpg?v=1782724037,cubist-stained-glass-henley-polo-cutout.png
cultural-archive-collage-long-sleeve-shirt,9193858728163,0,1,https://cdn.shopify.com/s/files/1/0788/2358/8067/files/155733-0581a56b-fbab-47b0-be7f-1d10abe1ade8.jpg?v=1774789631,cultural-archive-collage-long-sleeve-shirt-cutout.png
cultural-archive-collage-long-sleeve-shirt,9193858728163,1,0,https://cdn.shopify.com/s/files/1/0788/2358/8067/files/155733-7abfe81c-883f-4740-9ca6-f3728f6c331c.jpg?v=1774789631,cultural-archive-collage-long-sleeve-shirt-cutout.png
cultural-archive-collage-long-sleeve-shirt,9193858728163,2,0,https://cdn.shopify.com/s/files/1/0788/2358/8067/files/155733-964b8459-fda3-4bcf-894e-d905f3dcff4c.jpg?v=1774789631,cultural-archive-collage-long-sleeve-shirt-cutout.png
cultural-archive-collage-long-sleeve-shirt,9193858728163,3,0,https://cdn.shopify.com/s/files/1/0788/2358/8067/files/155733-3387d281-9e91-49ae-92be-d6ce449c19a9.jpg?v=1774789631,cultural-archive-collage-long-sleeve-shirt-cutout.png
cultural-archive-collage-long-sleeve-shirt,9193858728163,4,0,https://cdn.shopify.com/s/files/1/0788/2358/8067/files/155733-d0db3341-6d3c-4fb6-a00e-40015e8bf939.jpg?v=1774789631,cultural-archive-collage-long-sleeve-shirt-cutout.png
cultural-archive-collage-long-sleeve-shirt,9193858728163,5,0,https://cdn.shopify.com/s/files/1/0788/2358/8067/files/155733-ff350b33-91b8-4336-a1bf-dd7df0dba3f2.jpg?v=1774789631,cultural-archive-collage-long-sleeve-shirt-cutout.png
cultural-archive-collage-long-sleeve-shirt,9193858728163,6,0,https://cdn.shopify.com/s/files/1/0788/2358/8067/files/155733-a731a400-2bef-4859-9151-9717c2c9bef3.jpg?v=1774789631,cultural-archive-collage-long-sleeve-shirt-cutout.png
cultural-archive-collage-long-sleeve-shirt,9193858728163,7,0,https://cdn.shopify.com/s/files/1/0788/2358/8067/files/gatsbys-gear-aop-long-sleeve-button-up-shirt-art-deco-maximalist-print-slub-cotton-125gsm-xs-5xl-6762327.png?v=1782724337,cultural-archive-collage-long-sleeve-shirt-cutout.png
cyber-marble-liquid-glitch-henley,9175876075747,0,1,https://cdn.shopify.com/s/files/1/0788/2358/8067/files/cyber-marble-liquid-glitch-long-sleeve-henley-maximalist-aop-streetwear-top-280gsm-polyester-spandex-glitchcore-digital-marble-print-6361713.png?v=1782724568,cyber-marble-liquid-glitch-henley-cutout.png
cyber-marble-liquid-glitch-henley,9175876075747,1,0,https://cdn.shopify.com/s/files/1/0788/2358/8067/files/8eea2b3c-il_fullxfull.7705488966_10d1.jpg?v=1774791005,cyber-marble-liquid-glitch-henley-cutout.png
cyber-marble-liquid-glitch-henley,9175876075747,2,0,https://cdn.shopify.com/s/files/1/0788/2358/8067/files/5a73fe25-il_fullxfull.7705488952_sgkm.jpg?v=1774791005,cyber-marble-liquid-glitch-henley-cutout.png
cyber-marble-liquid-glitch-henley,9175876075747,3,0,https://cdn.shopify.com/s/files/1/0788/2358/8067/files/540ecdd6-il_fullxfull.7705488974_af3e.jpg?v=1774791005,cyber-marble-liquid-glitch-henley-cutout.png
cyber-marble-liquid-glitch-henley,9175876075747,4,0,https://cdn.shopify.com/s/files/1/0788/2358/8067/files/e5eba83f-il_fullxfull.7705488954_c7tx.jpg?v=1774791005,cyber-marble-liquid-glitch-henley-cutout.png
cyber-marble-liquid-glitch-henley,9175876075747,5,0,https://cdn.shopify.com/s/files/1/0788/2358/8067/files/cf9c98b3-il_fullxfull.7705488962_kwzf.jpg?v=1774791005,cyber-marble-liquid-glitch-henley-cutout.png
cyberpunk-network-hoodie,9175878271203,0,1,https://cdn.shopify.com/s/files/1/0788/2358/8067/files/1ccc5007-il_fullxfull.7676319182_nejq.jpg?v=1774790765,cyberpunk-network-hoodie-cutout.png
cyberpunk-network-hoodie,9175878271203,1,0,https://cdn.shopify.com/s/files/1/0788/2358/8067/files/ed6b3c2e-il_fullxfull.7724266413_fdvx.jpg?v=1774790765,cyberpunk-network-hoodie-cutout.png
cyberpunk-network-hoodie,9175878271203,2,0,https://cdn.shopify.com/s/files/1/0788/2358/8067/files/d13eb179-il_fullxfull.7724266653_hqkm.jpg?v=1774790765,cyberpunk-network-hoodie-cutout.png
cyberpunk-network-hoodie,9175878271203,3,0,https://cdn.shopify.com/s/files/1/0788/2358/8067/files/cfcfcbf3-il_fullxfull.7724266873_6n76.jpg?v=1774790765,cyberpunk-network-hoodie-cutout.png
cyberpunk-network-hoodie,9175878271203,4,0,https://cdn.shopify.com/s/files/1/0788/2358/8067/files/e8852b52-il_fullxfull.7724267159_emd9.jpg?v=1774790765,cyberpunk-network-hoodie-cutout.png
cyberpunk-network-hoodie,9175878271203,5,0,https://cdn.shopify.com/s/files/1/0788/2358/8067/files/9b26735a-il_fullxfull.7676320634_1vyt.jpg?v=1774790765,cyberpunk-network-hoodie-cutout.png
cyberpunk-network-hoodie,9175878271203,6,0,https://cdn.shopify.com/s/files/1/0788/2358/8067/files/41f7aaef-il_fullxfull.7724267781_6ifs.jpg?v=1774790765,cyberpunk-network-hoodie-cutout.png
cyberpunk-network-hoodie,9175878271203,7,0,https://cdn.shopify.com/s/files/1/0788/2358/8067/files/3c8aaca8-il_fullxfull.7676321328_75tl.jpg?v=1774790765,cyberpunk-network-hoodie-cutout.png
dark-bloom-botanical-aop-sweatshirt,9193884680419,0,1,https://cdn.shopify.com/s/files/1/0788/2358/8067/files/evil-intentions-aop-sweatshirt-320gsm-fleece-lined-dark-art-5190187.png?v=1778120046,dark-bloom-botanical-aop-sweatshirt-cutout.png
dark-bloom-botanical-aop-sweatshirt,9193884680419,1,0,https://cdn.shopify.com/s/files/1/0788/2358/8067/files/rn-image_picker_lib_temp_0c100a4f-1d87-436e-93b2-725a0fec1606.jpg?v=1784263938,dark-bloom-botanical-aop-sweatshirt-cutout.png
dark-bloom-botanical-aop-sweatshirt,9193884680419,2,0,https://cdn.shopify.com/s/files/1/0788/2358/8067/files/rn-image_picker_lib_temp_2a602bce-9067-4616-9e83-9f99f7bcf518.jpg?v=1784263938,dark-bloom-botanical-aop-sweatshirt-cutout.png
dark-bloom-botanical-aop-sweatshirt,9193884680419,3,0,https://cdn.shopify.com/s/files/1/0788/2358/8067/files/155733-322d4338-3b3b-4409-81c4-ea4dd3503e73.jpg?v=1774789805,dark-bloom-botanical-aop-sweatshirt-cutout.png
dark-bloom-botanical-aop-sweatshirt,9193884680419,4,0,https://cdn.shopify.com/s/files/1/0788/2358/8067/files/155733-869a81fa-16b0-499a-b90c-5c4b6d254d60.jpg?v=1774789805,dark-bloom-botanical-aop-sweatshirt-cutout.png
dark-bloom-botanical-aop-sweatshirt,9193884680419,5,0,https://cdn.shopify.com/s/files/1/0788/2358/8067/files/155733-8be9c530-27cb-46fc-b07f-ccb32b61caad.jpg?v=1774789804,dark-bloom-botanical-aop-sweatshirt-cutout.png
dark-bloom-botanical-aop-sweatshirt,9193884680419,6,0,https://cdn.shopify.com/s/files/1/0788/2358/8067/files/155733-c8a879a8-af36-425f-9472-37e5a04fc4a6.jpg?v=1774789805,dark-bloom-botanical-aop-sweatshirt-cutout.png
dark-bloom-botanical-aop-sweatshirt,9193884680419,7,0,https://cdn.shopify.com/s/files/1/0788/2358/8067/files/155733-f1cccc8b-fdc6-41b2-83ea-dd484683de90.jpg?v=1774789805,dark-bloom-botanical-aop-sweatshirt-cutout.png
dark-bloom-botanical-aop-sweatshirt,9193884680419,8,0,https://cdn.shopify.com/s/files/1/0788/2358/8067/files/155733-03a19905-b056-4efb-864f-ac74d03a64ca.jpg?v=1774789805,dark-bloom-botanical-aop-sweatshirt-cutout.png
dark-bloom-botanical-aop-sweatshirt,9193884680419,9,0,https://cdn.shopify.com/s/files/1/0788/2358/8067/files/8a801d0d-6359-4b1b-82b6-12bff6a13f8f_0eb08ce3-b6ec-4386-9999-ae0eb3e2d994.png?v=1774789805,dark-bloom-botanical-aop-sweatshirt-cutout.png
dark-bloom-botanical-aop-sweatshirt,9193884680419,10,0,https://cdn.shopify.com/s/files/1/0788/2358/8067/files/rn-image_picker_lib_temp_b85c51b2-1ce9-4bf2-8daf-01eda3cdaeee.png?v=1784263938,dark-bloom-botanical-aop-sweatshirt-cutout.png
dark-hydrangea-aop-athletic-hoodie,9214499684579,0,1,https://cdn.shopify.com/s/files/1/0788/2358/8067/files/floral-print-athletic-hoodie-cozy-gym-layer-nature-inspired-sportswear-perfect-gift-for-fitness-lovers-stylish-outdoor-apparel-9785525.png?v=1777788607,dark-hydrangea-aop-athletic-hoodie-cutout.png
dark-hydrangea-aop-athletic-hoodie,9214499684579,1,0,https://cdn.shopify.com/s/files/1/0788/2358/8067/files/13096352242391010700_2048.jpg?v=1775471016,dark-hydrangea-aop-athletic-hoodie-cutout.png
dark-hydrangea-aop-athletic-hoodie,9214499684579,2,0,https://cdn.shopify.com/s/files/1/0788/2358/8067/files/13096352242391010700_2048_940e15ee-b5ab-4d07-8029-50536e886c68.jpg?v=1775471020,dark-hydrangea-aop-athletic-hoodie-cutout.png
dark-hydrangea-aop-athletic-hoodie,9214499684579,3,0,https://cdn.shopify.com/s/files/1/0788/2358/8067/files/16841895774322017659_2048.jpg?v=1775471023,dark-hydrangea-aop-athletic-hoodie-cutout.png
dark-hydrangea-aop-athletic-hoodie,9214499684579,4,0,https://cdn.shopify.com/s/files/1/0788/2358/8067/files/11475333488114677115_2048.jpg?v=1775471027,dark-hydrangea-aop-athletic-hoodie-cutout.png
dark-hydrangea-aop-athletic-hoodie,9214499684579,5,0,https://cdn.shopify.com/s/files/1/0788/2358/8067/files/4793382008998853154_2048.jpg?v=1775471030,dark-hydrangea-aop-athletic-hoodie-cutout.png
dark-hydrangea-aop-athletic-hoodie,9214499684579,6,0,https://cdn.shopify.com/s/files/1/0788/2358/8067/files/9291734636145177728_2048.jpg?v=1775471034,dark-hydrangea-aop-athletic-hoodie-cutout.png
dark-hydrangea-aop-athletic-hoodie,9214499684579,7,0,https://cdn.shopify.com/s/files/1/0788/2358/8067/files/9713271177399801023_2048.jpg?v=1775471038,dark-hydrangea-aop-athletic-hoodie-cutout.png
dark-mixed-media-wall-svg,9260744966371,0,1,https://cdn.shopify.com/s/files/1/0788/2358/8067/files/dark_mixed_media_wall_v2.svg?v=1778523194,dark-mixed-media-wall-svg-cutout.png
dearly-departed-basketball-shorts,9261119701219,0,1,https://cdn.shopify.com/s/files/1/0788/2358/8067/files/neon-skeletal-mosaic-aop-shorts-for-rave-and-streetwear-collectors-bold-retro-neon-athletic-basketball-shorts-quick-dry-festival-gym-activewear-9878584.png?v=1782724032,dearly-departed-basketball-shorts-cutout.png
dearly-departed-basketball-shorts,9261119701219,1,0,https://cdn.shopify.com/s/files/1/0788/2358/8067/files/neon-skeletal-mosaic-aop-shorts-for-rave-and-streetwear-collectors-bold-retro-neon-athletic-basketball-shorts-quick-dry-festival-gym-activewear-6135270.png?v=1782724032,dearly-departed-basketball-shorts-cutout.png
dearly-departed-basketball-shorts,9261119701219,2,0,https://cdn.shopify.com/s/files/1/0788/2358/8067/files/neon-skeletal-mosaic-aop-shorts-for-rave-and-streetwear-collectors-bold-retro-neon-athletic-basketball-shorts-quick-dry-festival-gym-activewear-7619863.jpg?v=1782724032,dearly-departed-basketball-shorts-cutout.png
dearly-departed-basketball-shorts,9261119701219,3,0,https://cdn.shopify.com/s/files/1/0788/2358/8067/files/neon-skeletal-mosaic-aop-shorts-for-rave-and-streetwear-collectors-bold-retro-neon-athletic-basketball-shorts-quick-dry-festival-gym-activewear-9181309.jpg?v=1782724033,dearly-departed-basketball-shorts-cutout.png
dearly-departed-basketball-shorts,9261119701219,4,0,https://cdn.shopify.com/s/files/1/0788/2358/8067/files/neon-skeletal-mosaic-aop-shorts-for-rave-and-streetwear-collectors-bold-retro-neon-athletic-basketball-shorts-quick-dry-festival-gym-activewear-9473712.jpg?v=1782724033,dearly-departed-basketball-shorts-cutout.png
dearly-departed-basketball-shorts,9261119701219,5,0,https://cdn.shopify.com/s/files/1/0788/2358/8067/files/neon-skeletal-mosaic-aop-shorts-for-rave-and-streetwear-collectors-bold-retro-neon-athletic-basketball-shorts-quick-dry-festival-gym-activewear-3902837.jpg?v=1782724032,dearly-departed-basketball-shorts-cutout.png
dearly-departed-basketball-shorts,9261119701219,6,0,https://cdn.shopify.com/s/files/1/0788/2358/8067/files/neon-skeletal-mosaic-aop-shorts-for-rave-and-streetwear-collectors-bold-retro-neon-athletic-basketball-shorts-quick-dry-festival-gym-activewear-2548668.jpg?v=1782724034,dearly-departed-basketball-shorts-cutout.png
deep-teal-bioluminescent-scale-scuba-jacket,9300241154275,0,1,https://cdn.shopify.com/s/files/1/0788/2358/8067/files/scuba-irregular-hem-jacket-deep-teal-bioluminescent-scale-print-2296233.jpg?v=1782724094,deep-teal-bioluminescent-scale-scuba-jacket-cutout.png
deep-teal-bioluminescent-scale-scuba-jacket,9300241154275,1,0,https://cdn.shopify.com/s/files/1/0788/2358/8067/files/scuba-irregular-hem-jacket-deep-teal-bioluminescent-scale-print-5043299.jpg?v=1782724094,deep-teal-bioluminescent-scale-scuba-jacket-cutout.png
deep-teal-bioluminescent-scale-scuba-jacket,9300241154275,2,0,https://cdn.shopify.com/s/files/1/0788/2358/8067/files/scuba-irregular-hem-jacket-deep-teal-bioluminescent-scale-print-2876231.jpg?v=1782724095,deep-teal-bioluminescent-scale-scuba-jacket-cutout.png
deep-teal-bioluminescent-scale-scuba-jacket,9300241154275,3,0,https://cdn.shopify.com/s/files/1/0788/2358/8067/files/scuba-irregular-hem-jacket-deep-teal-bioluminescent-scale-print-8632928.jpg?v=1782724094,deep-teal-bioluminescent-scale-scuba-jacket-cutout.png
deep-teal-bioluminescent-scale-scuba-jacket,9300241154275,4,0,https://cdn.shopify.com/s/files/1/0788/2358/8067/files/scuba-irregular-hem-jacket-deep-teal-bioluminescent-scale-print-6709911.png?v=1782724095,deep-teal-bioluminescent-scale-scuba-jacket-cutout.png
desert-coral-cell-vexel-svg,9260746866915,0,1,https://cdn.shopify.com/s/files/1/0788/2358/8067/files/desert_coral_cell_vexel_v47.svg?v=1778522677,desert-coral-cell-vexel-svg-cutout.png
digital-distortion-hoodie,9175879614691,0,1,https://cdn.shopify.com/s/files/1/0788/2358/8067/files/e2e8ef94-il_fullxfull.7724264611_sh1g.jpg?v=1774790645,digital-distortion-hoodie-cutout.png
digital-distortion-hoodie,9175879614691,1,0,https://cdn.shopify.com/s/files/1/0788/2358/8067/files/ccb73f47-il_fullxfull.7676317802_giga.jpg?v=1774790645,digital-distortion-hoodie-cutout.png
digital-distortion-hoodie,9175879614691,2,0,https://cdn.shopify.com/s/files/1/0788/2358/8067/files/d8048651-il_fullxfull.7724265051_kecy.jpg?v=1774790645,digital-distortion-hoodie-cutout.png
digital-distortion-hoodie,9175879614691,3,0,https://cdn.shopify.com/s/files/1/0788/2358/8067/files/2e844888-il_fullxfull.7724265331_9xdw.jpg?v=1774790645,digital-distortion-hoodie-cutout.png
digital-distortion-hoodie,9175879614691,4,0,https://cdn.shopify.com/s/files/1/0788/2358/8067/files/473e147a-il_fullxfull.7676318550_ukih.jpg?v=1774790645,digital-distortion-hoodie-cutout.png
digital-distortion-hoodie,9175879614691,5,0,https://cdn.shopify.com/s/files/1/0788/2358/8067/files/2ac3ea01-il_fullxfull.7724265895_s67v.jpg?v=1774455983,digital-distortion-hoodie-cutout.png
digital-drip-aop-graffiti-beanie,9175875616995,0,1,https://cdn.shopify.com/s/files/1/0788/2358/8067/files/digital-drip-aop-beanie-abstract-camo-double-sided-knit-cap-2915342.png?v=1783063927,digital-drip-aop-graffiti-beanie-cutout.png
digital-drip-aop-graffiti-beanie,9175875616995,1,0,https://cdn.shopify.com/s/files/1/0788/2358/8067/files/digital-drip-aop-beanie-abstract-camo-double-sided-knit-cap-3147496.png?v=1783063927,digital-drip-aop-graffiti-beanie-cutout.png
digital-drip-aop-graffiti-beanie,9175875616995,2,0,https://cdn.shopify.com/s/files/1/0788/2358/8067/files/e4e20fe1-il_fullxfull.7676322118_o481.jpg?v=1774791012,digital-drip-aop-graffiti-beanie-cutout.png
digital-drip-aop-graffiti-beanie,9175875616995,3,0,https://cdn.shopify.com/s/files/1/0788/2358/8067/files/3357efe5-il_fullxfull.7724269311_ii3k.jpg?v=1774791012,digital-drip-aop-graffiti-beanie-cutout.png
digital-drip-aop-graffiti-beanie,9175875616995,4,0,https://cdn.shopify.com/s/files/1/0788/2358/8067/files/86d057c0-il_fullxfull.7676322890_k0or.jpg?v=1774791012,digital-drip-aop-graffiti-beanie-cutout.png
digital-drip-aop-graffiti-beanie,9175875616995,5,0,https://cdn.shopify.com/s/files/1/0788/2358/8067/files/4844737f-il_fullxfull.7676323236_ohtc.jpg?v=1774791012,digital-drip-aop-graffiti-beanie-cutout.png
digital-drip-aop-graffiti-beanie,9175875616995,6,0,https://cdn.shopify.com/s/files/1/0788/2358/8067/files/26dc1705-il_fullxfull.7724270409_n8xd.jpg?v=1774791012,digital-drip-aop-graffiti-beanie-cutout.png
digital-fiber-snapback,9175875977443,0,1,https://cdn.shopify.com/s/files/1/0788/2358/8067/files/abstract-fractal-art-flat-brim-cap-maximalist-streetwear-snapback-2892890.png?v=1778286067,digital-fiber-snapback-cutout.png
digital-fiber-snapback,9175875977443,1,0,https://cdn.shopify.com/s/files/1/0788/2358/8067/files/6f168ed0-il_fullxfull.7771144844_h4r2.jpg?v=1774791016,digital-fiber-snapback-cutout.png
digital-fiber-snapback,9175875977443,2,0,https://cdn.shopify.com/s/files/1/0788/2358/8067/files/46ea07cd-il_fullxfull.7793139797_fs2h.jpg?v=1774791016,digital-fiber-snapback-cutout.png
digital-fiber-snapback,9175875977443,3,0,https://cdn.shopify.com/s/files/1/0788/2358/8067/files/cc5315a1-il_fullxfull.7792943193_khqx.jpg?v=1774791016,digital-fiber-snapback-cutout.png
digital-fiber-snapback,9175875977443,4,0,https://cdn.shopify.com/s/files/1/0788/2358/8067/files/32686265-il_fullxfull.7792943839_jjh3.jpg?v=1774791016,digital-fiber-snapback-cutout.png
digital-fiber-snapback,9175875977443,5,0,https://cdn.shopify.com/s/files/1/0788/2358/8067/files/5b474401-il_fullxfull.7792941555_kpt0.jpg?v=1774791016,digital-fiber-snapback-cutout.png
digital-fiber-snapback,9175875977443,6,0,https://cdn.shopify.com/s/files/1/0788/2358/8067/files/b51ce8b8-il_fullxfull.7792944721_qnn4.jpg?v=1774455831,digital-fiber-snapback-cutout.png
digital-fiber-snapback,9175875977443,7,0,https://cdn.shopify.com/s/files/1/0788/2358/8067/files/f3e6fb27-il_fullxfull.7744983678_1o9e.jpg?v=1774791016,digital-fiber-snapback-cutout.png
digital-fiber-snapback,9175875977443,8,0,https://cdn.shopify.com/s/files/1/0788/2358/8067/files/df5823a9-il_fullxfull.7744988890_j6rs.jpg?v=1774791016,digital-fiber-snapback-cutout.png
digital-fiber-snapback,9175875977443,9,0,https://cdn.shopify.com/s/files/1/0788/2358/8067/files/27d659ed-il_fullxfull.7744990212_lk3p.jpg?v=1774455831,digital-fiber-snapback-cutout.png
digital-impasto-half-zip,9175878238435,0,1,https://cdn.shopify.com/s/files/1/0788/2358/8067/files/f8241bf2-il_fullxfull.7737619819_l3fv.jpg?v=1774790706,digital-impasto-half-zip-cutout.png
digital-impasto-half-zip,9175878238435,1,0,https://cdn.shopify.com/s/files/1/0788/2358/8067/files/0bbc8be5-il_fullxfull.7737619137_e0hd.jpg?v=1774790706,digital-impasto-half-zip-cutout.png
digital-impasto-half-zip,9175878238435,2,0,https://cdn.shopify.com/s/files/1/0788/2358/8067/files/407b8c88-il_fullxfull.7689677376_evg6.jpg?v=1774790706,digital-impasto-half-zip-cutout.png
digital-impasto-half-zip,9175878238435,3,0,https://cdn.shopify.com/s/files/1/0788/2358/8067/files/b7d582a0-il_fullxfull.7689677274_d19i.jpg?v=1774790706,digital-impasto-half-zip-cutout.png
digital-impasto-half-zip,9175878238435,4,0,https://cdn.shopify.com/s/files/1/0788/2358/8067/files/7a45b310-il_fullxfull.7737618447_55sh.jpg?v=1774790706,digital-impasto-half-zip-cutout.png
digital-impasto-half-zip,9175878238435,5,0,https://cdn.shopify.com/s/files/1/0788/2358/8067/files/c965de91-il_fullxfull.7737619765_5tkq.jpg?v=1774790706,digital-impasto-half-zip-cutout.png
digital-impasto-half-zip,9175878238435,6,0,https://cdn.shopify.com/s/files/1/0788/2358/8067/files/2e97c32e-il_fullxfull.7737619305_rpu0.jpg?v=1774790706,digital-impasto-half-zip-cutout.png
digital-impasto-half-zip,9175878238435,7,0,https://cdn.shopify.com/s/files/1/0788/2358/8067/files/6c43ec9b-il_fullxfull.7689676948_779m.jpg?v=1774790706,digital-impasto-half-zip-cutout.png
digital-impasto-half-zip,9175878238435,8,0,https://cdn.shopify.com/s/files/1/0788/2358/8067/files/3e8e5525-il_fullxfull.7689677126_d2lc.jpg?v=1774790706,digital-impasto-half-zip-cutout.png
digital-impasto-half-zip,9175878238435,9,0,https://cdn.shopify.com/s/files/1/0788/2358/8067/files/e3939722-il_fullxfull.7689677080_9etn.jpg?v=1774790706,digital-impasto-half-zip-cutout.png
digital-sunrise-psychedelic-tank,9175877976291,0,1,https://cdn.shopify.com/s/files/1/0788/2358/8067/files/0edb9e9c-il_fullxfull.7676319926_amsv.jpg?v=1774455821,digital-sunrise-psychedelic-tank-cutout.png
digital-sunrise-psychedelic-tank,9175877976291,1,0,https://cdn.shopify.com/s/files/1/0788/2358/8067/files/96ee0bff-il_fullxfull.7724266979_j1oy.jpg?v=1774455821,digital-sunrise-psychedelic-tank-cutout.png
digital-sunrise-psychedelic-tank,9175877976291,2,0,https://cdn.shopify.com/s/files/1/0788/2358/8067/files/cca22739-il_fullxfull.7676320576_t5j8.jpg?v=1774455821,digital-sunrise-psychedelic-tank-cutout.png
digital-sunrise-psychedelic-tank,9175877976291,3,0,https://cdn.shopify.com/s/files/1/0788/2358/8067/files/cf1d1f17-il_fullxfull.7676320986_k3u0.jpg?v=1774790764,digital-sunrise-psychedelic-tank-cutout.png
digital-sunrise-psychedelic-tank,9175877976291,4,0,https://cdn.shopify.com/s/files/1/0788/2358/8067/files/b11e5fed-il_fullxfull.7676321280_5xf5.jpg?v=1774455821,digital-sunrise-psychedelic-tank-cutout.png
digital-sunrise-psychedelic-tank,9175877976291,5,0,https://cdn.shopify.com/s/files/1/0788/2358/8067/files/bc9d18fc-il_fullxfull.7724268215_ewhn.jpg?v=1774455821,digital-sunrise-psychedelic-tank-cutout.png
digital-sunrise-psychedelic-tank,9175877976291,6,0,https://cdn.shopify.com/s/files/1/0788/2358/8067/files/f454d99a-il_fullxfull.7676321782_p2jg.jpg?v=1774455821,digital-sunrise-psychedelic-tank-cutout.png
digital-sunrise-psychedelic-tank,9175877976291,7,0,https://cdn.shopify.com/s/files/1/0788/2358/8067/files/7697909f-il_fullxfull.7724268823_mk4u.jpg?v=1774455821,digital-sunrise-psychedelic-tank-cutout.png
digital-sunset-chevron-hoodie,9261117243619,0,1,https://cdn.shopify.com/s/files/1/0788/2358/8067/files/digital-sunset-chevron-hoodie-crimson-cobalt-vector-wave-aop-pullover-from-maximalist-motifs-8570448.png?v=1782724091,digital-sunset-chevron-hoodie-cutout.png
digital-sunset-chevron-hoodie,9261117243619,1,0,https://cdn.shopify.com/s/files/1/0788/2358/8067/files/digital-sunset-chevron-hoodie-crimson-cobalt-vector-wave-aop-pullover-from-maximalist-motifs-9391802.png?v=1782724091,digital-sunset-chevron-hoodie-cutout.png
digital-sunset-chevron-hoodie,9261117243619,2,0,https://cdn.shopify.com/s/files/1/0788/2358/8067/files/digital-sunset-chevron-hoodie-crimson-cobalt-vector-wave-aop-pullover-from-maximalist-motifs-9507998.jpg?v=1782724091,digital-sunset-chevron-hoodie-cutout.png
digital-sunset-chevron-hoodie,9261117243619,3,0,https://cdn.shopify.com/s/files/1/0788/2358/8067/files/digital-sunset-chevron-hoodie-crimson-cobalt-vector-wave-aop-pullover-from-maximalist-motifs-2341866.jpg?v=1782724090,digital-sunset-chevron-hoodie-cutout.png
digital-sunset-chevron-hoodie,9261117243619,4,0,https://cdn.shopify.com/s/files/1/0788/2358/8067/files/digital-sunset-chevron-hoodie-crimson-cobalt-vector-wave-aop-pullover-from-maximalist-motifs-8102019.jpg?v=1782724091,digital-sunset-chevron-hoodie-cutout.png
digital-sunset-chevron-hoodie,9261117243619,5,0,https://cdn.shopify.com/s/files/1/0788/2358/8067/files/digital-sunset-chevron-hoodie-crimson-cobalt-vector-wave-aop-pullover-from-maximalist-motifs-3173433.jpg?v=1782724091,digital-sunset-chevron-hoodie-cutout.png
dna-thread-button-up-shirt,9193767829731,0,1,https://cdn.shopify.com/s/files/1/0788/2358/8067/files/maximalist-long-sleeve-shirt-for-creative-directors-dna-thread-aop-button-up-art-forward-workwear-founder-uniform-gallery-ready-menswear-7632806.png?v=1782724336,dna-thread-button-up-shirt-cutout.png
dna-thread-button-up-shirt,9193767829731,1,0,https://cdn.shopify.com/s/files/1/0788/2358/8067/files/maximalist-long-sleeve-shirt-for-creative-directors-dna-thread-aop-button-up-art-forward-workwear-founder-uniform-gallery-ready-menswear-1215710.png?v=1782724336,dna-thread-button-up-shirt-cutout.png
dna-thread-button-up-shirt,9193767829731,2,0,https://cdn.shopify.com/s/files/1/0788/2358/8067/files/155733-036ff26b-0aa9-4eef-943b-d072db3c7759.jpg?v=1774789508,dna-thread-button-up-shirt-cutout.png
dna-thread-button-up-shirt,9193767829731,3,0,https://cdn.shopify.com/s/files/1/0788/2358/8067/files/155733-809771cf-349d-4cbc-8290-76bbb8c3e3a8.jpg?v=1774789508,dna-thread-button-up-shirt-cutout.png
dna-thread-button-up-shirt,9193767829731,4,0,https://cdn.shopify.com/s/files/1/0788/2358/8067/files/cbc77747-7e2c-4e95-9203-1d70bf9e0c9d.png?v=1774789508,dna-thread-button-up-shirt-cutout.png
dockyard-dusk-borg-fleece-coat,9528488296675,0,1,https://cdn.shopify.com/s/files/1/0788/2358/8067/files/all-over-print-unisex-borg-fleece-stand-up-collar-coat-with-zipper-closureplus-size-6079301.jpg?v=1782724211,dockyard-dusk-borg-fleece-coat-cutout.png
dockyard-dusk-borg-fleece-coat,9528488296675,1,0,https://cdn.shopify.com/s/files/1/0788/2358/8067/files/all-over-print-unisex-borg-fleece-stand-up-collar-coat-with-zipper-closureplus-size-4718722.jpg?v=1782724211,dockyard-dusk-borg-fleece-coat-cutout.png
dockyard-dusk-borg-fleece-coat,9528488296675,2,0,https://cdn.shopify.com/s/files/1/0788/2358/8067/files/all-over-print-unisex-borg-fleece-stand-up-collar-coat-with-zipper-closureplus-size-7978642.jpg?v=1782724211,dockyard-dusk-borg-fleece-coat-cutout.png
dockyard-dusk-borg-fleece-coat,9528488296675,3,0,https://cdn.shopify.com/s/files/1/0788/2358/8067/files/all-over-print-unisex-borg-fleece-stand-up-collar-coat-with-zipper-closureplus-size-2181230.jpg?v=1782724210,dockyard-dusk-borg-fleece-coat-cutout.png
dockyard-dusk-borg-fleece-coat,9528488296675,4,0,https://cdn.shopify.com/s/files/1/0788/2358/8067/files/all-over-print-unisex-borg-fleece-stand-up-collar-coat-with-zipper-closureplus-size-6504234.jpg?v=1782724212,dockyard-dusk-borg-fleece-coat-cutout.png
dockyard-dusk-borg-fleece-coat,9528488296675,5,0,https://cdn.shopify.com/s/files/1/0788/2358/8067/files/all-over-print-unisex-borg-fleece-stand-up-collar-coat-with-zipper-closureplus-size-8517273.jpg?v=1782724211,dockyard-dusk-borg-fleece-coat-cutout.png
dockyard-dusk-borg-fleece-coat,9528488296675,6,0,https://cdn.shopify.com/s/files/1/0788/2358/8067/files/all-over-print-unisex-borg-fleece-stand-up-collar-coat-with-zipper-closureplus-size-6376709.png?v=1782724211,dockyard-dusk-borg-fleece-coat-cutout.png
doodle-pop-baseball-jersey,9231810363619,0,1,https://cdn.shopify.com/s/files/1/0788/2358/8067/files/all-over-print-mens-short-sleeve-baseball-jersey-with-pinstripes-2265215.png?v=1776796692,doodle-pop-baseball-jersey-cutout.png
doodle-pop-baseball-jersey,9231810363619,1,0,https://cdn.shopify.com/s/files/1/0788/2358/8067/files/all-over-print-mens-short-sleeve-baseball-jersey-with-pinstripes-4277613.jpg?v=1776720279,doodle-pop-baseball-jersey-cutout.png
doodle-pop-baseball-jersey,9231810363619,2,0,https://cdn.shopify.com/s/files/1/0788/2358/8067/files/all-over-print-mens-short-sleeve-baseball-jersey-with-pinstripes-1645970.jpg?v=1776720279,doodle-pop-baseball-jersey-cutout.png
doodle-pop-baseball-jersey,9231810363619,3,0,https://cdn.shopify.com/s/files/1/0788/2358/8067/files/all-over-print-mens-short-sleeve-baseball-jersey-with-pinstripes-9201407.jpg?v=1776720279,doodle-pop-baseball-jersey-cutout.png
doodle-pop-baseball-jersey,9231810363619,4,0,https://cdn.shopify.com/s/files/1/0788/2358/8067/files/all-over-print-mens-short-sleeve-baseball-jersey-with-pinstripes-1402844.jpg?v=1776720279,doodle-pop-baseball-jersey-cutout.png
doodle-pop-baseball-jersey,9231810363619,5,0,https://cdn.shopify.com/s/files/1/0788/2358/8067/files/all-over-print-mens-short-sleeve-baseball-jersey-with-pinstripes-4971902.jpg?v=1776720279,doodle-pop-baseball-jersey-cutout.png
doodle-pop-baseball-jersey,9231810363619,6,0,https://cdn.shopify.com/s/files/1/0788/2358/8067/files/all-over-print-mens-short-sleeve-baseball-jersey-with-pinstripes-7399972.jpg?v=1776720279,doodle-pop-baseball-jersey-cutout.png
doodle-riot-kids-tee,9561410502883,0,1,https://cdn.shopify.com/s/files/1/0788/2358/8067/files/155733-a5cd8e9b-013b-4648-b9b7-8b2c78ca8f02.jpg?v=1784007241,doodle-riot-kids-tee-cutout.png
doodle-riot-kids-tee,9561410502883,1,0,https://cdn.shopify.com/s/files/1/0788/2358/8067/files/155733-c4ca76da-49b0-481b-a5d2-b520b6e31145.jpg?v=1784007242,doodle-riot-kids-tee-cutout.png
doodle-riot-kids-tee,9561410502883,2,0,https://cdn.shopify.com/s/files/1/0788/2358/8067/files/c7c51d29-96f6-43e1-a0ae-3166811cf79d.png?v=1784007243,doodle-riot-kids-tee-cutout.png
doodle-riot-scribble-hoodie,9231539306723,0,1,https://cdn.shopify.com/s/files/1/0788/2358/8067/files/all-over-print-unisex-pullover-hoodie-310gsm-cotton-2533700.png?v=1776796691,doodle-riot-scribble-hoodie-cutout.png
doodle-riot-scribble-hoodie,9231539306723,1,0,https://cdn.shopify.com/s/files/1/0788/2358/8067/files/all-over-print-unisex-pullover-hoodie-310gsm-cotton-6409209.jpg?v=1776745976,doodle-riot-scribble-hoodie-cutout.png
doodle-riot-scribble-hoodie,9231539306723,2,0,https://cdn.shopify.com/s/files/1/0788/2358/8067/files/all-over-print-unisex-pullover-hoodie-310gsm-cotton-5957183.jpg?v=1776745976,doodle-riot-scribble-hoodie-cutout.png
doodle-riot-scribble-hoodie,9231539306723,3,0,https://cdn.shopify.com/s/files/1/0788/2358/8067/files/all-over-print-unisex-pullover-hoodie-310gsm-cotton-2615589.jpg?v=1776745976,doodle-riot-scribble-hoodie-cutout.png
doodle-riot-scribble-hoodie,9231539306723,4,0,https://cdn.shopify.com/s/files/1/0788/2358/8067/files/all-over-print-unisex-pullover-hoodie-310gsm-cotton-7262040.jpg?v=1776745976,doodle-riot-scribble-hoodie-cutout.png
doodle-riot-scribble-hoodie,9231539306723,5,0,https://cdn.shopify.com/s/files/1/0788/2358/8067/files/all-over-print-unisex-pullover-hoodie-310gsm-cotton-4057053.jpg?v=1776745976,doodle-riot-scribble-hoodie-cutout.png
doodle-riot-scribble-hoodie,9231539306723,6,0,https://cdn.shopify.com/s/files/1/0788/2358/8067/files/all-over-print-unisex-pullover-hoodie-310gsm-cotton-2857041.png?v=1776745976,doodle-riot-scribble-hoodie-cutout.png
doodle-riot-scribble-hoodie,9231539306723,7,0,https://cdn.shopify.com/s/files/1/0788/2358/8067/files/all-over-print-unisex-pullover-hoodie-agent-orange-geometric-bold-graphic-310gsm-cotton-6513125.png?v=1776745976,doodle-riot-scribble-hoodie-cutout.png
dot-constellation-maxi-dress,9231811903715,0,1,https://cdn.shopify.com/s/files/1/0788/2358/8067/files/all-over-print-womens-maxi-dressplus-size-7201773.png?v=1776713887,dot-constellation-maxi-dress-cutout.png
dot-constellation-maxi-dress,9231811903715,1,0,https://cdn.shopify.com/s/files/1/0788/2358/8067/files/all-over-print-womens-maxi-dressplus-size-4347915.jpg?v=1776713544,dot-constellation-maxi-dress-cutout.png
dot-constellation-maxi-dress,9231811903715,2,0,https://cdn.shopify.com/s/files/1/0788/2358/8067/files/all-over-print-womens-maxi-dressplus-size-3189149.jpg?v=1776713544,dot-constellation-maxi-dress-cutout.png
dot-constellation-maxi-dress,9231811903715,3,0,https://cdn.shopify.com/s/files/1/0788/2358/8067/files/all-over-print-womens-maxi-dressplus-size-7362405.jpg?v=1776713544,dot-constellation-maxi-dress-cutout.png
dreadful-thorns-chromatic-aop-hoodie,9231541666019,0,1,https://cdn.shopify.com/s/files/1/0788/2358/8067/files/all-over-print-unisex-pullover-hoodie-310gsm-cotton-5062760.jpg?v=1776731448,dreadful-thorns-chromatic-aop-hoodie-cutout.png
dreadful-thorns-chromatic-aop-hoodie,9231541666019,1,0,https://cdn.shopify.com/s/files/1/0788/2358/8067/files/all-over-print-unisex-pullover-hoodie-310gsm-cotton-4654613.jpg?v=1776731448,dreadful-thorns-chromatic-aop-hoodie-cutout.png
dreadful-thorns-chromatic-aop-hoodie,9231541666019,2,0,https://cdn.shopify.com/s/files/1/0788/2358/8067/files/all-over-print-unisex-pullover-hoodie-310gsm-cotton-6385288.jpg?v=1776534072,dreadful-thorns-chromatic-aop-hoodie-cutout.png
dreadful-thorns-chromatic-aop-hoodie,9231541666019,3,0,https://cdn.shopify.com/s/files/1/0788/2358/8067/files/all-over-print-unisex-pullover-hoodie-310gsm-cotton-5141889.png?v=1776534073,dreadful-thorns-chromatic-aop-hoodie-cutout.png
dreadful-thorns-half-zip-pullover,9231543173347,0,1,https://cdn.shopify.com/s/files/1/0788/2358/8067/files/dreadful-thorns-all-over-print-half-zip-pullover-shirt-bold-graphic-streetwear-mens-s-5xl-3526356.png?v=1776796691,dreadful-thorns-half-zip-pullover-cutout.png
dreadful-thorns-half-zip-pullover,9231543173347,1,0,https://cdn.shopify.com/s/files/1/0788/2358/8067/files/dreadful-thorns-all-over-print-half-zip-pullover-shirt-bold-graphic-streetwear-mens-s-5xl-9030660.png?v=1776720629,dreadful-thorns-half-zip-pullover-cutout.png
dreadful-thorns-half-zip-pullover,9231543173347,2,0,https://cdn.shopify.com/s/files/1/0788/2358/8067/files/dreadful-thorns-all-over-print-half-zip-pullover-shirt-bold-graphic-streetwear-mens-s-5xl-2663022.png?v=1776720629,dreadful-thorns-half-zip-pullover-cutout.png
dreadful-thorns-half-zip-pullover,9231543173347,3,0,https://cdn.shopify.com/s/files/1/0788/2358/8067/files/dreadful-thorns-all-over-print-half-zip-pullover-shirt-bold-graphic-streetwear-mens-s-5xl-7339242.png?v=1776720629,dreadful-thorns-half-zip-pullover-cutout.png
dreadful-thorns-half-zip-pullover,9231543173347,4,0,https://cdn.shopify.com/s/files/1/0788/2358/8067/files/dreadful-thorns-all-over-print-half-zip-pullover-shirt-bold-graphic-streetwear-mens-s-5xl-1817510.png?v=1776720629,dreadful-thorns-half-zip-pullover-cutout.png
dreadful-thorns-half-zip-pullover,9231543173347,5,0,https://cdn.shopify.com/s/files/1/0788/2358/8067/files/dreadful-thorns-all-over-print-half-zip-pullover-shirt-bold-graphic-streetwear-mens-s-5xl-5152077.png?v=1776720629,dreadful-thorns-half-zip-pullover-cutout.png
dreadful-thorns-half-zip-pullover,9231543173347,6,0,https://cdn.shopify.com/s/files/1/0788/2358/8067/files/dreadful-thorns-all-over-print-half-zip-pullover-shirt-bold-graphic-streetwear-mens-s-5xl-7177833.png?v=1776720629,dreadful-thorns-half-zip-pullover-cutout.png
dreadful-thorns-half-zip-pullover,9231543173347,7,0,https://cdn.shopify.com/s/files/1/0788/2358/8067/files/dreadful-thorns-all-over-print-half-zip-pullover-shirt-bold-graphic-streetwear-mens-s-5xl-4718496.png?v=1776720629,dreadful-thorns-half-zip-pullover-cutout.png
dreadful-thorns-half-zip-pullover,9231543173347,8,0,https://cdn.shopify.com/s/files/1/0788/2358/8067/files/all-over-print-mens-casual-pullover-shirt-with-half-zipper-6108249.jpg?v=1776720629,dreadful-thorns-half-zip-pullover-cutout.png
dreadful-thorns-half-zip-pullover,9231543173347,9,0,https://cdn.shopify.com/s/files/1/0788/2358/8067/files/all-over-print-mens-casual-pullover-shirt-with-half-zipper-3055214.jpg?v=1776720629,dreadful-thorns-half-zip-pullover-cutout.png
dreadful-thorns-half-zip-pullover,9231543173347,10,0,https://cdn.shopify.com/s/files/1/0788/2358/8067/files/all-over-print-mens-casual-pullover-shirt-with-half-zipper-7992284.jpg?v=1776720629,dreadful-thorns-half-zip-pullover-cutout.png
dreadful-thorns-half-zip-pullover,9231543173347,11,0,https://cdn.shopify.com/s/files/1/0788/2358/8067/files/dreadful-thorns-all-over-print-half-zip-pullover-shirt-bold-graphic-streetwear-mens-s-5xl-7450097.jpg?v=1776720629,dreadful-thorns-half-zip-pullover-cutout.png
earth-tone-mixed-media-svg,9260745752803,0,1,https://cdn.shopify.com/s/files/1/0788/2358/8067/files/earth_tone_mixed_media_wall.svg?v=1778523102,earth-tone-mixed-media-svg-cutout.png
echo-chamber-pointillist-dot-wave-silk-shirt,9299127140579,0,1,https://cdn.shopify.com/s/files/1/0788/2358/8067/files/echo-chamber-wearable-installation-shirt-for-visual-noise-collectors-cognitive-drift-aop-imitation-silk-optical-illusion-mirror-print-6245804.png?v=1782724091,echo-chamber-pointillist-dot-wave-silk-shirt-cutout.png
echo-chamber-pointillist-dot-wave-silk-shirt,9299127140579,1,0,https://cdn.shopify.com/s/files/1/0788/2358/8067/files/echo-chamber-wearable-installation-shirt-for-visual-noise-collectors-cognitive-drift-aop-imitation-silk-optical-illusion-mirror-print-9536102.png?v=1782724092,echo-chamber-pointillist-dot-wave-silk-shirt-cutout.png
echo-chamber-pointillist-dot-wave-silk-shirt,9299127140579,2,0,https://cdn.shopify.com/s/files/1/0788/2358/8067/files/echo-chamber-wearable-installation-shirt-for-visual-noise-collectors-cognitive-drift-aop-imitation-silk-optical-illusion-mirror-print-1499254.jpg?v=1782724090,echo-chamber-pointillist-dot-wave-silk-shirt-cutout.png
echo-chamber-pointillist-dot-wave-silk-shirt,9299127140579,3,0,https://cdn.shopify.com/s/files/1/0788/2358/8067/files/echo-chamber-wearable-installation-shirt-for-visual-noise-collectors-cognitive-drift-aop-imitation-silk-optical-illusion-mirror-print-8343660.jpg?v=1782724091,echo-chamber-pointillist-dot-wave-silk-shirt-cutout.png
echo-chamber-pointillist-dot-wave-silk-shirt,9299127140579,4,0,https://cdn.shopify.com/s/files/1/0788/2358/8067/files/echo-chamber-wearable-installation-shirt-for-visual-noise-collectors-cognitive-drift-aop-imitation-silk-optical-illusion-mirror-print-4651704.jpg?v=1782724090,echo-chamber-pointillist-dot-wave-silk-shirt-cutout.png
echo-chamber-pointillist-dot-wave-silk-shirt,9299127140579,5,0,https://cdn.shopify.com/s/files/1/0788/2358/8067/files/echo-chamber-wearable-installation-shirt-for-visual-noise-collectors-cognitive-drift-aop-imitation-silk-optical-illusion-mirror-print-8545723.jpg?v=1782724091,echo-chamber-pointillist-dot-wave-silk-shirt-cutout.png
echo-chamber-pointillist-dot-wave-silk-shirt,9299127140579,6,0,https://cdn.shopify.com/s/files/1/0788/2358/8067/files/echo-chamber-wearable-installation-shirt-for-visual-noise-collectors-cognitive-drift-aop-imitation-silk-optical-illusion-mirror-print-7143703.png?v=1782724090,echo-chamber-pointillist-dot-wave-silk-shirt-cutout.png
electric-cell-burst-svg,9260746506467,0,1,https://cdn.shopify.com/s/files/1/0788/2358/8067/files/electric_cell_burst_v40.svg?v=1778522804,electric-cell-burst-svg-cutout.png
electric-windows-foldable-wallet,9231811051747,0,1,https://cdn.shopify.com/s/files/1/0788/2358/8067/files/foldable-wallet-8037991.jpg?v=1776724831,electric-windows-foldable-wallet-cutout.png
electric-windows-foldable-wallet,9231811051747,1,0,https://cdn.shopify.com/s/files/1/0788/2358/8067/files/foldable-wallet-5791139.jpg?v=1776616932,electric-windows-foldable-wallet-cutout.png
electric-windows-foldable-wallet,9231811051747,2,0,https://cdn.shopify.com/s/files/1/0788/2358/8067/files/foldable-wallet-9128104.jpg?v=1776616933,electric-windows-foldable-wallet-cutout.png
electric-windows-foldable-wallet,9231811051747,3,0,https://cdn.shopify.com/s/files/1/0788/2358/8067/files/foldable-wallet-1962220.jpg?v=1776616933,electric-windows-foldable-wallet-cutout.png
electric-windows-foldable-wallet,9231811051747,4,0,https://cdn.shopify.com/s/files/1/0788/2358/8067/files/foldable-wallet-7069710.jpg?v=1776616934,electric-windows-foldable-wallet-cutout.png
ember-camo-ink-bomb-svg,9260747915491,0,1,https://cdn.shopify.com/s/files/1/0788/2358/8067/files/ember_camo_ink_bomb.svg?v=1778522308,ember-camo-ink-bomb-svg-cutout.png
ember-spiral-canvas-print,9556304986339,0,1,https://cdn.shopify.com/s/files/1/0788/2358/8067/files/155733-5a285be1-2948-4521-844a-913341e82c60.jpg?v=1783546190,ember-spiral-canvas-print-cutout.png
ember-spiral-canvas-print,9556304986339,1,0,https://cdn.shopify.com/s/files/1/0788/2358/8067/files/155733-50193dd0-b2ad-41e3-ace4-2a69c9266a82.jpg?v=1783546188,ember-spiral-canvas-print-cutout.png
ember-spiral-canvas-print,9556304986339,2,0,https://cdn.shopify.com/s/files/1/0788/2358/8067/files/155733-6badcb0d-c822-49e8-beed-5b02c6d58972.jpg?v=1783546191,ember-spiral-canvas-print-cutout.png
ember-strike-kimono-robe,9261115343075,0,1,https://cdn.shopify.com/s/files/1/0788/2358/8067/files/long-sleeve-aop-kimono-robe-for-maximalist-home-dressers-bold-all-over-print-womens-duster-robe-gallery-lounge-statement-8807833.jpg?v=1782724151,ember-strike-kimono-robe-cutout.png
ember-strike-kimono-robe,9261115343075,1,0,https://cdn.shopify.com/s/files/1/0788/2358/8067/files/long-sleeve-aop-kimono-robe-for-maximalist-home-dressers-bold-all-over-print-womens-duster-robe-gallery-lounge-statement-1622622.jpg?v=1782724151,ember-strike-kimono-robe-cutout.png
ember-strike-kimono-robe,9261115343075,2,0,https://cdn.shopify.com/s/files/1/0788/2358/8067/files/long-sleeve-aop-kimono-robe-for-maximalist-home-dressers-bold-all-over-print-womens-duster-robe-gallery-lounge-statement-5184697.jpg?v=1782724151,ember-strike-kimono-robe-cutout.png
ember-strike-kimono-robe,9261115343075,3,0,https://cdn.shopify.com/s/files/1/0788/2358/8067/files/long-sleeve-aop-kimono-robe-for-maximalist-home-dressers-bold-all-over-print-womens-duster-robe-gallery-lounge-statement-5141472.jpg?v=1782724151,ember-strike-kimono-robe-cutout.png
ember-strike-kimono-robe,9261115343075,4,0,https://cdn.shopify.com/s/files/1/0788/2358/8067/files/long-sleeve-aop-kimono-robe-for-maximalist-home-dressers-bold-all-over-print-womens-duster-robe-gallery-lounge-statement-4384656.jpg?v=1782724151,ember-strike-kimono-robe-cutout.png
emerald-shards-aop-cotton-poplin-shirt,9175878729955,0,1,https://cdn.shopify.com/s/files/1/0788/2358/8067/files/8327423a-il_fullxfull.7724265605_1un9.jpg?v=1774455900,emerald-shards-aop-cotton-poplin-shirt-cutout.png
emerald-shards-aop-cotton-poplin-shirt,9175878729955,1,0,https://cdn.shopify.com/s/files/1/0788/2358/8067/files/c36615ba-il_fullxfull.7676318766_ohxx.jpg?v=1774455900,emerald-shards-aop-cotton-poplin-shirt-cutout.png
emerald-shards-aop-cotton-poplin-shirt,9175878729955,2,0,https://cdn.shopify.com/s/files/1/0788/2358/8067/files/50966277-il_fullxfull.7724266047_7z57.jpg?v=1774455900,emerald-shards-aop-cotton-poplin-shirt-cutout.png
emerald-shards-aop-cotton-poplin-shirt,9175878729955,3,0,https://cdn.shopify.com/s/files/1/0788/2358/8067/files/cfb517c1-il_fullxfull.7724266371_ffpt.jpg?v=1774455900,emerald-shards-aop-cotton-poplin-shirt-cutout.png
emerald-shards-aop-cotton-poplin-shirt,9175878729955,4,0,https://cdn.shopify.com/s/files/1/0788/2358/8067/files/7a7b8d31-il_fullxfull.7724266597_wg8x.jpg?v=1774455901,emerald-shards-aop-cotton-poplin-shirt-cutout.png
emerald-shards-aop-cotton-poplin-shirt,9175878729955,5,0,https://cdn.shopify.com/s/files/1/0788/2358/8067/files/98e31a78-il_fullxfull.7724266815_c887.jpg?v=1774455900,emerald-shards-aop-cotton-poplin-shirt-cutout.png
emerald-shards-aop-cotton-poplin-shirt,9175878729955,6,0,https://cdn.shopify.com/s/files/1/0788/2358/8067/files/57737ad4-il_fullxfull.7724267091_42qf.jpg?v=1774791005,emerald-shards-aop-cotton-poplin-shirt-cutout.png
emerald-shards-aop-cotton-poplin-shirt,9175878729955,7,0,https://cdn.shopify.com/s/files/1/0788/2358/8067/files/3f3a0ba9-il_fullxfull.7724267513_1qba.jpg?v=1774455900,emerald-shards-aop-cotton-poplin-shirt-cutout.png
emoji-expose-collared-shirt,9225774301411,0,1,https://cdn.shopify.com/s/files/1/0788/2358/8067/files/emoji-expose-collared-shirt-all-over-print-100-cotton-maximalist-streetwear-lapel-4405828.png?v=1776796693,emoji-expose-collared-shirt-cutout.png
emoji-expose-collared-shirt,9225774301411,1,0,https://cdn.shopify.com/s/files/1/0788/2358/8067/files/all-over-print-mens-casual-lapel-long-sleeve-shirt125gsm-cotton-9296928.jpg?v=1776779004,emoji-expose-collared-shirt-cutout.png
emoji-expose-collared-shirt,9225774301411,2,0,https://cdn.shopify.com/s/files/1/0788/2358/8067/files/all-over-print-mens-casual-lapel-long-sleeve-shirt125gsm-cotton-5817559.jpg?v=1776779004,emoji-expose-collared-shirt-cutout.png
emoji-expose-collared-shirt,9225774301411,3,0,https://cdn.shopify.com/s/files/1/0788/2358/8067/files/all-over-print-mens-casual-lapel-long-sleeve-shirt125gsm-cotton-8267527.jpg?v=1776779004,emoji-expose-collared-shirt-cutout.png
emoji-expose-collared-shirt,9225774301411,4,0,https://cdn.shopify.com/s/files/1/0788/2358/8067/files/all-over-print-mens-casual-lapel-long-sleeve-shirt125gsm-cotton-9397352.jpg?v=1776779004,emoji-expose-collared-shirt-cutout.png
emoji-expose-collared-shirt,9225774301411,5,0,https://cdn.shopify.com/s/files/1/0788/2358/8067/files/all-over-print-mens-casual-lapel-long-sleeve-shirt125gsm-cotton-2882791.jpg?v=1776779004,emoji-expose-collared-shirt-cutout.png
emoji-expose-collared-shirt,9225774301411,6,0,https://cdn.shopify.com/s/files/1/0788/2358/8067/files/all-over-print-mens-casual-lapel-long-sleeve-shirt125gsm-cotton-9354225.jpg?v=1776779004,emoji-expose-collared-shirt-cutout.png
emoji-expose-collared-shirt,9225774301411,7,0,https://cdn.shopify.com/s/files/1/0788/2358/8067/files/all-over-print-mens-casual-lapel-long-sleeve-shirt125gsm-cotton-8073983.jpg?v=1776779004,emoji-expose-collared-shirt-cutout.png
ethereal-zebra-psychedelic-button-up,9175879319779,0,1,https://cdn.shopify.com/s/files/1/0788/2358/8067/files/d0054102-il_fullxfull.7724264975_f9kb.jpg?v=1774790705,ethereal-zebra-psychedelic-button-up-cutout.png
ethereal-zebra-psychedelic-button-up,9175879319779,1,0,https://cdn.shopify.com/s/files/1/0788/2358/8067/files/0d403a04-il_fullxfull.7724265257_qd67.jpg?v=1774455859,ethereal-zebra-psychedelic-button-up-cutout.png
ethereal-zebra-psychedelic-button-up,9175879319779,2,0,https://cdn.shopify.com/s/files/1/0788/2358/8067/files/a9bf7b31-il_fullxfull.7676318366_1k2j.jpg?v=1774455860,ethereal-zebra-psychedelic-button-up-cutout.png
ethereal-zebra-psychedelic-button-up,9175879319779,3,0,https://cdn.shopify.com/s/files/1/0788/2358/8067/files/3bd54010-il_fullxfull.7724265575_6ogo.jpg?v=1774455860,ethereal-zebra-psychedelic-button-up-cutout.png
ethereal-zebra-psychedelic-button-up,9175879319779,4,0,https://cdn.shopify.com/s/files/1/0788/2358/8067/files/38973d3e-il_fullxfull.7676318784_tf6s.jpg?v=1774455860,ethereal-zebra-psychedelic-button-up-cutout.png
ethereal-zebra-psychedelic-button-up,9175879319779,5,0,https://cdn.shopify.com/s/files/1/0788/2358/8067/files/3ca89048-il_fullxfull.7724266035_1zy1.jpg?v=1774790705,ethereal-zebra-psychedelic-button-up-cutout.png
ethereal-zebra-psychedelic-button-up,9175879319779,6,0,https://cdn.shopify.com/s/files/1/0788/2358/8067/files/5c5a7307-il_fullxfull.7676319242_4yle.jpg?v=1774455860,ethereal-zebra-psychedelic-button-up-cutout.png
ethereal-zebra-psychedelic-button-up,9175879319779,7,0,https://cdn.shopify.com/s/files/1/0788/2358/8067/files/aa9cf334-il_fullxfull.7676319552_1ueb.jpg?v=1774790705,ethereal-zebra-psychedelic-button-up-cutout.png
evergreen-aop-hawaiian-shirt,9193883009251,0,1,https://cdn.shopify.com/s/files/1/0788/2358/8067/files/evergreen-aop-hawaiian-shirt-for-summers-most-intentional-dresser-150gsm-bamboo-texture-polyester-auto-matched-stitch-full-bleed-resort-statement-4398784.png?v=1782724337,evergreen-aop-hawaiian-shirt-cutout.png
evergreen-aop-hawaiian-shirt,9193883009251,1,0,https://cdn.shopify.com/s/files/1/0788/2358/8067/files/155733-7c7fbb88-f29d-4758-9ba5-8daecd213334.jpg?v=1774789575,evergreen-aop-hawaiian-shirt-cutout.png
evergreen-aop-hawaiian-shirt,9193883009251,2,0,https://cdn.shopify.com/s/files/1/0788/2358/8067/files/155733-1c98ef5c-6e91-4dfd-b2be-c9a068b15864.jpg?v=1774789575,evergreen-aop-hawaiian-shirt-cutout.png
everything-mashup-aop-jumpsuit,9259959517411,0,1,https://cdn.shopify.com/s/files/1/0788/2358/8067/files/graffiti-aop-heavyweight-jumpsuit-for-everything-mashup-maximalists-310gsm-bold-street-art-all-over-print-skull-festival-streetwear-5427696.png?v=1782724210,everything-mashup-aop-jumpsuit-cutout.png
everything-mashup-aop-jumpsuit,9259959517411,1,0,https://cdn.shopify.com/s/files/1/0788/2358/8067/files/graffiti-aop-heavyweight-jumpsuit-for-everything-mashup-maximalists-310gsm-bold-street-art-all-over-print-skull-festival-streetwear-2140802.jpg?v=1782724210,everything-mashup-aop-jumpsuit-cutout.png
everything-mashup-aop-jumpsuit,9259959517411,2,0,https://cdn.shopify.com/s/files/1/0788/2358/8067/files/graffiti-aop-heavyweight-jumpsuit-for-everything-mashup-maximalists-310gsm-bold-street-art-all-over-print-skull-festival-streetwear-6074631.jpg?v=1782724210,everything-mashup-aop-jumpsuit-cutout.png
everything-mashup-aop-jumpsuit,9259959517411,3,0,https://cdn.shopify.com/s/files/1/0788/2358/8067/files/graffiti-aop-heavyweight-jumpsuit-for-everything-mashup-maximalists-310gsm-bold-street-art-all-over-print-skull-festival-streetwear-3553587.jpg?v=1782724211,everything-mashup-aop-jumpsuit-cutout.png
everything-mashup-aop-jumpsuit,9259959517411,4,0,https://cdn.shopify.com/s/files/1/0788/2358/8067/files/graffiti-aop-heavyweight-jumpsuit-for-everything-mashup-maximalists-310gsm-bold-street-art-all-over-print-skull-festival-streetwear-1864140.jpg?v=1782724210,everything-mashup-aop-jumpsuit-cutout.png
everything-mashup-aop-jumpsuit,9259959517411,5,0,https://cdn.shopify.com/s/files/1/0788/2358/8067/files/graffiti-aop-heavyweight-jumpsuit-for-everything-mashup-maximalists-310gsm-bold-street-art-all-over-print-skull-festival-streetwear-9686646.png?v=1782724210,everything-mashup-aop-jumpsuit-cutout.png
exotic-bloom-boho-duster-jacket,9508269326563,0,1,https://cdn.shopify.com/s/files/1/0788/2358/8067/files/exotic-bloom-womens-long-sleeve-outwear-lightweight-boho-v-neck-duster-jacket-5437216.jpg?v=1782724034,exotic-bloom-boho-duster-jacket-cutout.png
exotic-bloom-boho-duster-jacket,9508269326563,1,0,https://cdn.shopify.com/s/files/1/0788/2358/8067/files/exotic-bloom-womens-long-sleeve-outwear-lightweight-boho-v-neck-duster-jacket-6386551.jpg?v=1782724034,exotic-bloom-boho-duster-jacket-cutout.png
exotic-bloom-boho-duster-jacket,9508269326563,2,0,https://cdn.shopify.com/s/files/1/0788/2358/8067/files/exotic-bloom-womens-long-sleeve-outwear-lightweight-boho-v-neck-duster-jacket-1546286.jpg?v=1782724034,exotic-bloom-boho-duster-jacket-cutout.png
exotic-bloom-boho-duster-jacket,9508269326563,3,0,https://cdn.shopify.com/s/files/1/0788/2358/8067/files/exotic-bloom-womens-long-sleeve-outwear-lightweight-boho-v-neck-duster-jacket-9358004.jpg?v=1782724034,exotic-bloom-boho-duster-jacket-cutout.png
exotic-bloom-boho-duster-jacket,9508269326563,4,0,https://cdn.shopify.com/s/files/1/0788/2358/8067/files/exotic-bloom-womens-long-sleeve-outwear-lightweight-boho-v-neck-duster-jacket-4245021.png?v=1782724033,exotic-bloom-boho-duster-jacket-cutout.png
f-minimalism-tee,9260922994915,0,1,https://cdn.shopify.com/s/files/1/0788/2358/8067/files/f-minimalism-anti-minimalist-slogan-tee-for-maximalist-rebels-airlume-cotton-bold-typography-statement-shirt-gift-for-the-chronically-expressive-7510343.jpg?v=1782724093,f-minimalism-tee-cutout.png
f-minimalism-tee,9260922994915,1,0,https://cdn.shopify.com/s/files/1/0788/2358/8067/files/f-minimalism-anti-minimalist-slogan-tee-for-maximalist-rebels-airlume-cotton-bold-typography-statement-shirt-gift-for-the-chronically-expressive-7806397.jpg?v=1782724155,f-minimalism-tee-cutout.png
f-minimalism-tee,9260922994915,2,0,https://cdn.shopify.com/s/files/1/0788/2358/8067/files/f-minimalism-anti-minimalist-slogan-tee-for-maximalist-rebels-airlume-cotton-bold-typography-statement-shirt-gift-for-the-chronically-expressive-1581604.jpg?v=1782724154,f-minimalism-tee-cutout.png
f-minimalism-tee,9260922994915,3,0,https://cdn.shopify.com/s/files/1/0788/2358/8067/files/f-minimalism-anti-minimalist-slogan-tee-for-maximalist-rebels-airlume-cotton-bold-typography-statement-shirt-gift-for-the-chronically-expressive-9675866.jpg?v=1782724153,f-minimalism-tee-cutout.png
f-minimalism-tee,9260922994915,4,0,https://cdn.shopify.com/s/files/1/0788/2358/8067/files/f-minimalism-anti-minimalist-slogan-tee-for-maximalist-rebels-airlume-cotton-bold-typography-statement-shirt-gift-for-the-chronically-expressive-4820440.jpg?v=1782724154,f-minimalism-tee-cutout.png
f-minimalism-tee,9260922994915,5,0,https://cdn.shopify.com/s/files/1/0788/2358/8067/files/f-minimalism-anti-minimalist-slogan-tee-for-maximalist-rebels-airlume-cotton-bold-typography-statement-shirt-gift-for-the-chronically-expressive-9671528.jpg?v=1782724094,f-minimalism-tee-cutout.png
f-minimalism-tee,9260922994915,6,0,https://cdn.shopify.com/s/files/1/0788/2358/8067/files/f-minimalism-anti-minimalist-slogan-tee-for-maximalist-rebels-airlume-cotton-bold-typography-statement-shirt-gift-for-the-chronically-expressive-3800001.jpg?v=1782724093,f-minimalism-tee-cutout.png
f-minimalism-tee,9260922994915,7,0,https://cdn.shopify.com/s/files/1/0788/2358/8067/files/f-minimalism-anti-minimalist-slogan-tee-for-maximalist-rebels-airlume-cotton-bold-typography-statement-shirt-gift-for-the-chronically-expressive-4109264.jpg?v=1782724153,f-minimalism-tee-cutout.png
f-minimalism-tee,9260922994915,8,0,https://cdn.shopify.com/s/files/1/0788/2358/8067/files/f-minimalism-anti-minimalist-slogan-tee-for-maximalist-rebels-airlume-cotton-bold-typography-statement-shirt-gift-for-the-chronically-expressive-9644882.jpg?v=1782724093,f-minimalism-tee-cutout.png
f-minimalism-tee,9260922994915,9,0,https://cdn.shopify.com/s/files/1/0788/2358/8067/files/f-minimalism-anti-minimalist-slogan-tee-for-maximalist-rebels-airlume-cotton-bold-typography-statement-shirt-gift-for-the-chronically-expressive-2323578.jpg?v=1782724109,f-minimalism-tee-cutout.png
f-minimalism-tee,9260922994915,10,0,https://cdn.shopify.com/s/files/1/0788/2358/8067/files/f-minimalism-anti-minimalist-slogan-tee-for-maximalist-rebels-airlume-cotton-bold-typography-statement-shirt-gift-for-the-chronically-expressive-5285073.jpg?v=1782724155,f-minimalism-tee-cutout.png
f-minimalism-tee,9260922994915,11,0,https://cdn.shopify.com/s/files/1/0788/2358/8067/files/f-minimalism-anti-minimalist-slogan-tee-for-maximalist-rebels-airlume-cotton-bold-typography-statement-shirt-gift-for-the-chronically-expressive-5616665.jpg?v=1782724215,f-minimalism-tee-cutout.png
fan-bloom-full-zip-hoodie,9518375076067,0,1,https://cdn.shopify.com/s/files/1/0788/2358/8067/files/mens-psychedelic-festival-hoodie-bold-spiral-all-over-print-full-zip-rave-jacket-trippy-streetwear-8851433_e552bea3-deef-4b20-be25-745e681a38ab.png?v=1784123921,fan-bloom-full-zip-hoodie-cutout.png
fan-bloom-full-zip-hoodie,9518375076067,1,0,https://cdn.shopify.com/s/files/1/0788/2358/8067/files/mens-psychedelic-festival-hoodie-bold-spiral-all-over-print-full-zip-rave-jacket-trippy-streetwear-8851433.png?v=1784123856,fan-bloom-full-zip-hoodie-cutout.png
fan-bloom-full-zip-hoodie,9518375076067,2,0,https://cdn.shopify.com/s/files/1/0788/2358/8067/files/mens-psychedelic-festival-hoodie-bold-spiral-all-over-print-full-zip-rave-jacket-trippy-streetwear-8870951.jpg?v=1782724098,fan-bloom-full-zip-hoodie-cutout.png
fan-bloom-full-zip-hoodie,9518375076067,3,0,https://cdn.shopify.com/s/files/1/0788/2358/8067/files/mens-psychedelic-festival-hoodie-bold-spiral-all-over-print-full-zip-rave-jacket-trippy-streetwear-4080808.jpg?v=1782724098,fan-bloom-full-zip-hoodie-cutout.png
fan-bloom-full-zip-hoodie,9518375076067,4,0,https://cdn.shopify.com/s/files/1/0788/2358/8067/files/mens-psychedelic-festival-hoodie-bold-spiral-all-over-print-full-zip-rave-jacket-trippy-streetwear-8851433.jpg?v=1782724099,fan-bloom-full-zip-hoodie-cutout.png
fan-bloom-full-zip-hoodie,9518375076067,5,0,https://cdn.shopify.com/s/files/1/0788/2358/8067/files/mens-psychedelic-festival-hoodie-bold-spiral-all-over-print-full-zip-rave-jacket-trippy-streetwear-1331655.jpg?v=1782724099,fan-bloom-full-zip-hoodie-cutout.png
fault-line-zip-hoodie,9175878697187,0,1,https://cdn.shopify.com/s/files/1/0788/2358/8067/files/a8bf951a-il_fullxfull.7724266511_o45j.jpg?v=1774790717,fault-line-zip-hoodie-cutout.png
fault-line-zip-hoodie,9175878697187,1,0,https://cdn.shopify.com/s/files/1/0788/2358/8067/files/adc436be-il_fullxfull.7676319932_rjvp.jpg?v=1774790717,fault-line-zip-hoodie-cutout.png
fault-line-zip-hoodie,9175878697187,2,0,https://cdn.shopify.com/s/files/1/0788/2358/8067/files/8054df6b-il_fullxfull.7724266953_12l5.jpg?v=1774790717,fault-line-zip-hoodie-cutout.png
fault-line-zip-hoodie,9175878697187,3,0,https://cdn.shopify.com/s/files/1/0788/2358/8067/files/b9386881-il_fullxfull.7724267233_2bji.jpg?v=1774455901,fault-line-zip-hoodie-cutout.png
fault-line-zip-hoodie,9175878697187,4,0,https://cdn.shopify.com/s/files/1/0788/2358/8067/files/40dc0d32-il_fullxfull.7724267401_mr9q.jpg?v=1774790717,fault-line-zip-hoodie-cutout.png
fireball-cosmos-kids-tee,9561440780515,0,1,https://cdn.shopify.com/s/files/1/0788/2358/8067/files/155733-3e538894-d7ac-4044-b106-edff6093660d.jpg?v=1784011328,fireball-cosmos-kids-tee-cutout.png
fireball-cosmos-kids-tee,9561440780515,1,0,https://cdn.shopify.com/s/files/1/0788/2358/8067/files/155733-5fee1d2a-5f12-4131-916d-c1147fc7bef7.jpg?v=1784011329,fireball-cosmos-kids-tee-cutout.png
fireball-cosmos-kids-tee,9561440780515,2,0,https://cdn.shopify.com/s/files/1/0788/2358/8067/files/c7c51d29-96f6-43e1-a0ae-3166811cf79d_042b2057-c19b-4a45-8b1f-9abf5ad0bc9a.png?v=1784011329,fireball-cosmos-kids-tee-cutout.png
floral-fusion-psychedelic-crewneck,9175875485923,0,1,https://cdn.shopify.com/s/files/1/0788/2358/8067/files/a8c3c0a2-il_fullxfull.7806883539_j9s7.jpg?v=1774790955,floral-fusion-psychedelic-crewneck-cutout.png
floral-fusion-psychedelic-crewneck,9175875485923,1,0,https://cdn.shopify.com/s/files/1/0788/2358/8067/files/360086c6-il_fullxfull.7739784541_7u74.jpg?v=1774790955,floral-fusion-psychedelic-crewneck-cutout.png
floral-fusion-psychedelic-crewneck,9175875485923,2,0,https://cdn.shopify.com/s/files/1/0788/2358/8067/files/68d8e9ec-il_fullxfull.7806883063_t2uy.jpg?v=1774790955,floral-fusion-psychedelic-crewneck-cutout.png
floral-fusion-psychedelic-crewneck,9175875485923,3,0,https://cdn.shopify.com/s/files/1/0788/2358/8067/files/4d398ed7-il_fullxfull.7758917882_tbm5.jpg?v=1774790955,floral-fusion-psychedelic-crewneck-cutout.png
floral-fusion-psychedelic-crewneck,9175875485923,4,0,https://cdn.shopify.com/s/files/1/0788/2358/8067/files/eee13f77-il_fullxfull.7758917902_fxz6.jpg?v=1774790955,floral-fusion-psychedelic-crewneck-cutout.png
floral-fusion-psychedelic-crewneck,9175875485923,5,0,https://cdn.shopify.com/s/files/1/0788/2358/8067/files/534fcee4-il_fullxfull.7806865665_k009.jpg?v=1774790955,floral-fusion-psychedelic-crewneck-cutout.png
floral-fusion-psychedelic-crewneck,9175875485923,6,0,https://cdn.shopify.com/s/files/1/0788/2358/8067/files/3993b1cd-il_fullxfull.7758918112_81iw.jpg?v=1774790955,floral-fusion-psychedelic-crewneck-cutout.png
floral-fusion-psychedelic-crewneck,9175875485923,7,0,https://cdn.shopify.com/s/files/1/0788/2358/8067/files/44d3e9eb-il_fullxfull.7806865745_iwdu.jpg?v=1774790955,floral-fusion-psychedelic-crewneck-cutout.png
floral-fusion-psychedelic-crewneck,9175875485923,8,0,https://cdn.shopify.com/s/files/1/0788/2358/8067/files/041fc8be-il_fullxfull.7806865793_bc2k.jpg?v=1774790955,floral-fusion-psychedelic-crewneck-cutout.png
floral-fusion-psychedelic-crewneck,9175875485923,9,0,https://cdn.shopify.com/s/files/1/0788/2358/8067/files/1df4aaff-il_fullxfull.7806865851_sr5c.jpg?v=1774790955,floral-fusion-psychedelic-crewneck-cutout.png
floral-heart-snapback,9175876501731,0,1,https://cdn.shopify.com/s/files/1/0788/2358/8067/files/psychedelic-graffiti-aop-snapback-for-rave-festival-street-art-collectors-bold-weirdcore-hip-hop-hat-hypebeast-maximalist-cap-3159233.png?v=1782724508,floral-heart-snapback-cutout.png
floral-heart-snapback,9175876501731,1,0,https://cdn.shopify.com/s/files/1/0788/2358/8067/files/4c00d3ab-il_fullxfull.7703887800_rixj.jpg?v=1774790827,floral-heart-snapback-cutout.png
floral-heart-snapback,9175876501731,2,0,https://cdn.shopify.com/s/files/1/0788/2358/8067/files/c91f2247-il_fullxfull.7724268411_eiuz.jpg?v=1774790826,floral-heart-snapback-cutout.png
floral-heart-snapback,9175876501731,3,0,https://cdn.shopify.com/s/files/1/0788/2358/8067/files/ab71dd2d-il_fullxfull.7751832841_rcr6.jpg?v=1774790827,floral-heart-snapback-cutout.png
floral-heart-snapback,9175876501731,4,0,https://cdn.shopify.com/s/files/1/0788/2358/8067/files/a10903fe-il_fullxfull.7676322452_s68t.jpg?v=1774790826,floral-heart-snapback-cutout.png
floral-heart-snapback,9175876501731,5,0,https://cdn.shopify.com/s/files/1/0788/2358/8067/files/011e2731-il_fullxfull.7676322734_bajf.jpg?v=1774790826,floral-heart-snapback-cutout.png
floral-heart-snapback,9175876501731,6,0,https://cdn.shopify.com/s/files/1/0788/2358/8067/files/02ee5fd4-il_fullxfull.7724269719_c0an.jpg?v=1774790826,floral-heart-snapback-cutout.png
floral-heart-snapback,9175876501731,7,0,https://cdn.shopify.com/s/files/1/0788/2358/8067/files/d0cc8f0b-il_fullxfull.7724270061_8abt.jpg?v=1774790826,floral-heart-snapback-cutout.png
floral-heart-snapback,9175876501731,8,0,https://cdn.shopify.com/s/files/1/0788/2358/8067/files/71959834-il_fullxfull.7676323510_kry6.jpg?v=1774790827,floral-heart-snapback-cutout.png
floral-heart-snapback,9175876501731,9,0,https://cdn.shopify.com/s/files/1/0788/2358/8067/files/3cbfcddf-il_fullxfull.7676323732_nvd0.jpg?v=1774790826,floral-heart-snapback-cutout.png
floral-heart-snapback,9175876501731,10,0,https://cdn.shopify.com/s/files/1/0788/2358/8067/files/7f602cca-il_fullxfull.7724270747_39z5.jpg?v=1774790826,floral-heart-snapback-cutout.png
floral-heart-trucker-hat,9175875420387,0,1,https://cdn.shopify.com/s/files/1/0788/2358/8067/files/maximalist-aop-trucker-hat-bold-all-over-print-snapback-with-black-half-mesh-for-festival-street-style-2859861.png?v=1782724567,floral-heart-trucker-hat-cutout.png
floral-heart-trucker-hat,9175875420387,1,0,https://cdn.shopify.com/s/files/1/0788/2358/8067/files/df491ca2-il_fullxfull.7691837554_eonx.jpg?v=1774791071,floral-heart-trucker-hat-cutout.png
floral-heart-trucker-hat,9175875420387,2,0,https://cdn.shopify.com/s/files/1/0788/2358/8067/files/db961aca-il_fullxfull.7691837502_c7ba.jpg?v=1774791071,floral-heart-trucker-hat-cutout.png
flow-bish-svg,9252387127523,0,1,https://cdn.shopify.com/s/files/1/0788/2358/8067/files/Flow_Bish.svg?v=1777629162,flow-bish-svg-cutout.png
fluidic-nebula-svg,9257415442659,0,1,https://cdn.shopify.com/s/files/1/0788/2358/8067/files/fluidic-nebula-2097-path-neon-collision-svg-cosmic-fluid-wave-aop-digital-download-2823706.png?v=1778202906,fluidic-nebula-svg-cutout.png
fractured-wings-aop-collared-jacket,9193887727843,0,1,https://cdn.shopify.com/s/files/1/0788/2358/8067/files/155733-1c8998fe-b826-467b-81ad-edbaa464973f.jpg?v=1774789575,fractured-wings-aop-collared-jacket-cutout.png
fractured-wings-aop-collared-jacket,9193887727843,1,0,https://cdn.shopify.com/s/files/1/0788/2358/8067/files/155733-f071f15d-fe6d-4104-bccb-43519481c99e.jpg?v=1774789575,fractured-wings-aop-collared-jacket-cutout.png
frisco-sticker-collage-mesh-top,9563828158691,0,1,https://cdn.shopify.com/s/files/1/0788/2358/8067/files/155733-d11c8a38-c2a7-4b93-9be7-2c79fe995bd9.jpg?v=1784039794,frisco-sticker-collage-mesh-top-cutout.png
frisco-sticker-collage-mesh-top,9563828158691,1,0,https://cdn.shopify.com/s/files/1/0788/2358/8067/files/155733-40ad42e1-785c-4967-bff6-1eb31980b804.jpg?v=1784039795,frisco-sticker-collage-mesh-top-cutout.png
frisco-sticker-collage-mesh-top,9563828158691,2,0,https://cdn.shopify.com/s/files/1/0788/2358/8067/files/155733-087ead79-f620-405f-b330-0a28bb0acbc6.jpg?v=1784039796,frisco-sticker-collage-mesh-top-cutout.png
frisco-sticker-collage-mesh-top,9563828158691,3,0,https://cdn.shopify.com/s/files/1/0788/2358/8067/files/155733-553cb11b-b941-4450-a88c-5e6e23bb8fe4.jpg?v=1784039796,frisco-sticker-collage-mesh-top-cutout.png
frisco-sticker-collage-mesh-top,9563828158691,4,0,https://cdn.shopify.com/s/files/1/0788/2358/8067/files/155733-eea414e2-4aca-4630-a2ca-f4da84379a0d.jpg?v=1784039798,frisco-sticker-collage-mesh-top-cutout.png
frisco-sticker-collage-mesh-top,9563828158691,5,0,https://cdn.shopify.com/s/files/1/0788/2358/8067/files/01efaf96-270d-4dc9-86f3-772264582b88.png?v=1784039797,frisco-sticker-collage-mesh-top-cutout.png
gadget-pop-aop-body-pillow,9455369781475,0,1,https://cdn.shopify.com/s/files/1/0788/2358/8067/files/graffiti-collage-aop-body-pillow-street-art-comic-print-long-cushion-dopamine-decor-for-loud-bedrooms-9877794.jpg?v=1782724039,gadget-pop-aop-body-pillow-cutout.png
gadget-pop-aop-body-pillow,9455369781475,1,0,https://cdn.shopify.com/s/files/1/0788/2358/8067/files/graffiti-collage-aop-body-pillow-street-art-comic-print-long-cushion-dopamine-decor-for-loud-bedrooms-9499192.jpg?v=1782724038,gadget-pop-aop-body-pillow-cutout.png
gadget-pop-aop-body-pillow,9455369781475,2,0,https://cdn.shopify.com/s/files/1/0788/2358/8067/files/graffiti-collage-aop-body-pillow-street-art-comic-print-long-cushion-dopamine-decor-for-loud-bedrooms-6587697.jpg?v=1782724038,gadget-pop-aop-body-pillow-cutout.png
gadget-pop-aop-body-pillow,9455369781475,3,0,https://cdn.shopify.com/s/files/1/0788/2358/8067/files/graffiti-collage-aop-body-pillow-street-art-comic-print-long-cushion-dopamine-decor-for-loud-bedrooms-5721926.jpg?v=1782724038,gadget-pop-aop-body-pillow-cutout.png
gadget-pop-aop-body-pillow,9455369781475,4,0,https://cdn.shopify.com/s/files/1/0788/2358/8067/files/graffiti-collage-aop-body-pillow-street-art-comic-print-long-cushion-dopamine-decor-for-loud-bedrooms-9249937.jpg?v=1782724038,gadget-pop-aop-body-pillow-cutout.png
gadget-pop-aop-body-pillow,9455369781475,5,0,https://cdn.shopify.com/s/files/1/0788/2358/8067/files/graffiti-collage-aop-body-pillow-street-art-comic-print-long-cushion-dopamine-decor-for-loud-bedrooms-4806270.jpg?v=1782724039,gadget-pop-aop-body-pillow-cutout.png
gem-pebble-mosaic-foldable-wallet,9231812231395,0,1,https://cdn.shopify.com/s/files/1/0788/2358/8067/files/foldable-wallet-8672704.jpg?v=1776713244,gem-pebble-mosaic-foldable-wallet-cutout.png
gem-pebble-mosaic-foldable-wallet,9231812231395,1,0,https://cdn.shopify.com/s/files/1/0788/2358/8067/files/foldable-wallet-1182349.jpg?v=1776713244,gem-pebble-mosaic-foldable-wallet-cutout.png
gem-pebble-mosaic-foldable-wallet,9231812231395,2,0,https://cdn.shopify.com/s/files/1/0788/2358/8067/files/foldable-wallet-3644569.jpg?v=1776713244,gem-pebble-mosaic-foldable-wallet-cutout.png
gem-pebble-mosaic-foldable-wallet,9231812231395,3,0,https://cdn.shopify.com/s/files/1/0788/2358/8067/files/foldable-wallet-6887618.jpg?v=1776616933,gem-pebble-mosaic-foldable-wallet-cutout.png
gem-pebble-mosaic-foldable-wallet,9231812231395,4,0,https://cdn.shopify.com/s/files/1/0788/2358/8067/files/foldable-wallet-9220832.jpg?v=1776616932,gem-pebble-mosaic-foldable-wallet-cutout.png
gem-pebble-mosaic-foldable-wallet,9231812231395,5,0,https://cdn.shopify.com/s/files/1/0788/2358/8067/files/foldable-wallet-9292171.png?v=1776616933,gem-pebble-mosaic-foldable-wallet-cutout.png
geometric-cubist-abstract-aop-jogger-pants,9175874863331,0,1,https://cdn.shopify.com/s/files/1/0788/2358/8067/files/colorful-abstract-floral-cotton-pants-for-bold-self-expressers-maximalist-botanical-aop-elastic-waist-unisex-streetwear-bottoms-7410600.png?v=1782724509,geometric-cubist-abstract-aop-jogger-pants-cutout.png
geometric-cubist-abstract-aop-jogger-pants,9175874863331,1,0,https://cdn.shopify.com/s/files/1/0788/2358/8067/files/bfa1dd92-il_fullxfull.7691840288_jojl.jpg?v=1782944861,geometric-cubist-abstract-aop-jogger-pants-cutout.png
geometric-cubist-abstract-aop-jogger-pants,9175874863331,2,0,https://cdn.shopify.com/s/files/1/0788/2358/8067/files/c711ef7a-il_fullxfull.7691840322_em21.jpg?v=1782944943,geometric-cubist-abstract-aop-jogger-pants-cutout.png
geometric-cubist-abstract-aop-jogger-pants,9175874863331,3,0,https://cdn.shopify.com/s/files/1/0788/2358/8067/files/bfa1dd92-il_fullxfull.7691840288_jojl.png?v=1782945022,geometric-cubist-abstract-aop-jogger-pants-cutout.png
geometric-cubist-abstract-aop-jogger-pants,9175874863331,4,0,https://cdn.shopify.com/s/files/1/0788/2358/8067/files/colorful-abstract-floral-cotton-pants-for-bold-self-expressers-maximalist-botanical-aop-elastic-waist-unisex-streetwear-bottoms-3256702.png?v=1782724509,geometric-cubist-abstract-aop-jogger-pants-cutout.png
geometric-cubist-abstract-aop-jogger-pants,9175874863331,5,0,https://cdn.shopify.com/s/files/1/0788/2358/8067/files/18062c39-il_fullxfull.7739784585_rhgt.jpg?v=1774790896,geometric-cubist-abstract-aop-jogger-pants-cutout.png
geometric-whimsigoth-art-deco-svg-bundle-800-cut-files,9529610272995,0,1,https://cdn.shopify.com/s/files/1/0788/2358/8067/files/geometric-whimsigoth-art-deco-800-svg-bundle-for-cricut-sublimation-pod-geometric-whimsigoth-art-deco-vectors-5993705.png?v=1782815106,geometric-whimsigoth-art-deco-svg-bundle-800-cut-files-cutout.png
gilded-hour-baroque-tee,9493168193763,0,1,https://cdn.shopify.com/s/files/1/0788/2358/8067/files/all-over-print-womens-loose-fit-t-shirt-6484699.jpg?v=1782724215,gilded-hour-baroque-tee-cutout.png
gilded-hour-baroque-tee,9493168193763,1,0,https://cdn.shopify.com/s/files/1/0788/2358/8067/files/all-over-print-womens-loose-fit-t-shirt-6263235.jpg?v=1782724214,gilded-hour-baroque-tee-cutout.png
glitch-art-aop-pullover-hoodie,9175878631651,0,1,https://cdn.shopify.com/s/files/1/0788/2358/8067/files/glitch-art-aop-pullover-hoodie-mind-trip-psychedelic-swirl-streetwear-for-all-genders-8758680.png?v=1782898148,glitch-art-aop-pullover-hoodie-cutout.png
glitch-art-aop-pullover-hoodie,9175878631651,1,0,https://cdn.shopify.com/s/files/1/0788/2358/8067/files/glitch-art-aop-pullover-hoodie-mind-trip-psychedelic-swirl-streetwear-for-all-genders-6580861.png?v=1782898148,glitch-art-aop-pullover-hoodie-cutout.png
glitch-art-aop-pullover-hoodie,9175878631651,2,0,https://cdn.shopify.com/s/files/1/0788/2358/8067/files/081e51b9-il_fullxfull.7724266713_s3ub.jpg?v=1774790766,glitch-art-aop-pullover-hoodie-cutout.png
glitch-art-aop-pullover-hoodie,9175878631651,3,0,https://cdn.shopify.com/s/files/1/0788/2358/8067/files/544acdb5-il_fullxfull.7676320152_i5dz.jpg?v=1774790766,glitch-art-aop-pullover-hoodie-cutout.png
glitch-art-aop-pullover-hoodie,9175878631651,4,0,https://cdn.shopify.com/s/files/1/0788/2358/8067/files/fc11217d-il_fullxfull.7676320512_jrlc.jpg?v=1774790766,glitch-art-aop-pullover-hoodie-cutout.png
glitch-art-aop-pullover-hoodie,9175878631651,5,0,https://cdn.shopify.com/s/files/1/0788/2358/8067/files/glitch-art-aop-pullover-hoodie-mind-trip-psychedelic-swirl-streetwear-for-all-genders-7245112.png?v=1782898148,glitch-art-aop-pullover-hoodie-cutout.png
glow-insect-fan-blade-decals,9175875879139,0,1,https://cdn.shopify.com/s/files/1/0788/2358/8067/files/b8dd3cb8-il_fullxfull.7712126566_h39y.jpg?v=1774790946,glow-insect-fan-blade-decals-cutout.png
glow-insect-fan-blade-decals,9175875879139,1,0,https://cdn.shopify.com/s/files/1/0788/2358/8067/files/58f8c229-il_fullxfull.7712125980_g601.jpg?v=1774790946,glow-insect-fan-blade-decals-cutout.png
glow-insect-fan-blade-decals,9175875879139,2,0,https://cdn.shopify.com/s/files/1/0788/2358/8067/files/98581c93-il_fullxfull.7712126902_tc4f.jpg?v=1774790946,glow-insect-fan-blade-decals-cutout.png
glow-insect-fan-blade-decals,9175875879139,3,0,https://cdn.shopify.com/s/files/1/0788/2358/8067/files/0e273cd7-il_fullxfull.7712126884_necs.jpg?v=1774790946,glow-insect-fan-blade-decals-cutout.png
glow-insect-fan-blade-decals,9175875879139,4,0,https://cdn.shopify.com/s/files/1/0788/2358/8067/files/56c7a11a-il_fullxfull.7712126914_h7fh.jpg?v=1774790946,glow-insect-fan-blade-decals-cutout.png
glow-insect-fan-blade-decals,9175875879139,5,0,https://cdn.shopify.com/s/files/1/0788/2358/8067/files/f17c2744-il_fullxfull.7760070537_rk32.jpg?v=1774790946,glow-insect-fan-blade-decals-cutout.png
golden-current-liquid-marble-bodysuit,9301031780579,0,1,https://cdn.shopify.com/s/files/1/0788/2358/8067/files/golden-current-liquid-marble-hooded-bodysuit-navy-amber-swirl-aop-raglan-base-layer-for-bold-dressers-3879964.jpg?v=1782724031,golden-current-liquid-marble-bodysuit-cutout.png
golden-current-liquid-marble-bodysuit,9301031780579,1,0,https://cdn.shopify.com/s/files/1/0788/2358/8067/files/golden-current-liquid-marble-hooded-bodysuit-navy-amber-swirl-aop-raglan-base-layer-for-bold-dressers-4238834.jpg?v=1782724032,golden-current-liquid-marble-bodysuit-cutout.png
golden-current-liquid-marble-bodysuit,9301031780579,2,0,https://cdn.shopify.com/s/files/1/0788/2358/8067/files/golden-current-liquid-marble-hooded-bodysuit-navy-amber-swirl-aop-raglan-base-layer-for-bold-dressers-8675861.jpg?v=1782724031,golden-current-liquid-marble-bodysuit-cutout.png
golden-current-liquid-marble-bodysuit,9301031780579,3,0,https://cdn.shopify.com/s/files/1/0788/2358/8067/files/golden-current-liquid-marble-hooded-bodysuit-navy-amber-swirl-aop-raglan-base-layer-for-bold-dressers-5302532.jpg?v=1782724032,golden-current-liquid-marble-bodysuit-cutout.png
golden-current-liquid-marble-bodysuit,9301031780579,4,0,https://cdn.shopify.com/s/files/1/0788/2358/8067/files/golden-current-liquid-marble-hooded-bodysuit-navy-amber-swirl-aop-raglan-base-layer-for-bold-dressers-6921378.jpg?v=1782724031,golden-current-liquid-marble-bodysuit-cutout.png
golden-current-liquid-marble-bodysuit,9301031780579,5,0,https://cdn.shopify.com/s/files/1/0788/2358/8067/files/golden-current-liquid-marble-hooded-bodysuit-navy-amber-swirl-aop-raglan-base-layer-for-bold-dressers-7219313.jpg?v=1782724031,golden-current-liquid-marble-bodysuit-cutout.png
golden-current-liquid-marble-bodysuit,9301031780579,6,0,https://cdn.shopify.com/s/files/1/0788/2358/8067/files/golden-current-liquid-marble-hooded-bodysuit-navy-amber-swirl-aop-raglan-base-layer-for-bold-dressers-2787911.png?v=1782724031,golden-current-liquid-marble-bodysuit-cutout.png
golden-hour-spiral-hoodie,9556265042147,0,1,https://cdn.shopify.com/s/files/1/0788/2358/8067/files/155733-9eb8caf6-2b8b-444d-817b-76d941971049.jpg?v=1783544192,golden-hour-spiral-hoodie-cutout.png
golden-hour-spiral-hoodie,9556265042147,1,0,https://cdn.shopify.com/s/files/1/0788/2358/8067/files/155733-2521a818-392e-4604-bc93-a57fe911607e.jpg?v=1783544193,golden-hour-spiral-hoodie-cutout.png
golden-hour-spiral-hoodie,9556265042147,2,0,https://cdn.shopify.com/s/files/1/0788/2358/8067/files/14909fea-d0d6-4736-87f6-5252ce1f1842_24b30ca5-383a-41ad-94dc-5d3104d7bc8c.png?v=1783544194,golden-hour-spiral-hoodie-cutout.png
gradient-kaleidoscope-camp-shirt,9261116653795,0,1,https://cdn.shopify.com/s/files/1/0788/2358/8067/files/mens-aop-hawaiian-camp-shirt-for-bold-summer-maximalists-all-over-print-streetwear-button-up-festival-resort-statement-top-assembled-in-usa-8467319.jpg?v=1782724152,gradient-kaleidoscope-camp-shirt-cutout.png
gradient-kaleidoscope-camp-shirt,9261116653795,1,0,https://cdn.shopify.com/s/files/1/0788/2358/8067/files/mens-aop-hawaiian-camp-shirt-for-bold-summer-maximalists-all-over-print-streetwear-button-up-festival-resort-statement-top-assembled-in-usa-5282834.jpg?v=1782724153,gradient-kaleidoscope-camp-shirt-cutout.png
gradient-kaleidoscope-camp-shirt,9261116653795,2,0,https://cdn.shopify.com/s/files/1/0788/2358/8067/files/mens-aop-hawaiian-camp-shirt-for-bold-summer-maximalists-all-over-print-streetwear-button-up-festival-resort-statement-top-assembled-in-usa-7721529.jpg?v=1782724152,gradient-kaleidoscope-camp-shirt-cutout.png
gradient-kaleidoscope-camp-shirt,9261116653795,3,0,https://cdn.shopify.com/s/files/1/0788/2358/8067/files/mens-aop-hawaiian-camp-shirt-for-bold-summer-maximalists-all-over-print-streetwear-button-up-festival-resort-statement-top-assembled-in-usa-3134549.jpg?v=1782724151,gradient-kaleidoscope-camp-shirt-cutout.png
gradient-kaleidoscope-camp-shirt,9261116653795,4,0,https://cdn.shopify.com/s/files/1/0788/2358/8067/files/mens-aop-hawaiian-camp-shirt-for-bold-summer-maximalists-all-over-print-streetwear-button-up-festival-resort-statement-top-assembled-in-usa-6469812.jpg?v=1782724152,gradient-kaleidoscope-camp-shirt-cutout.png
graffiti-bomb-crop-tee,9261118488803,0,1,https://cdn.shopify.com/s/files/1/0788/2358/8067/files/graffiti-print-crop-tee-for-colorful-urban-street-art-dressers-bold-aop-hip-hop-crop-top-festival-party-summer-statement-6229229.jpg?v=1782724094,graffiti-bomb-crop-tee-cutout.png
graffiti-bomb-crop-tee,9261118488803,1,0,https://cdn.shopify.com/s/files/1/0788/2358/8067/files/graffiti-print-crop-tee-for-colorful-urban-street-art-dressers-bold-aop-hip-hop-crop-top-festival-party-summer-statement-1576526.jpg?v=1782724093,graffiti-bomb-crop-tee-cutout.png
graffiti-bomb-crop-tee,9261118488803,2,0,https://cdn.shopify.com/s/files/1/0788/2358/8067/files/graffiti-print-crop-tee-for-colorful-urban-street-art-dressers-bold-aop-hip-hop-crop-top-festival-party-summer-statement-4950594.jpg?v=1782724092,graffiti-bomb-crop-tee-cutout.png
graffiti-bomb-crop-tee,9261118488803,3,0,https://cdn.shopify.com/s/files/1/0788/2358/8067/files/graffiti-print-crop-tee-for-colorful-urban-street-art-dressers-bold-aop-hip-hop-crop-top-festival-party-summer-statement-9620538.jpg?v=1782724093,graffiti-bomb-crop-tee-cutout.png
graffiti-bomb-crop-tee,9261118488803,4,0,https://cdn.shopify.com/s/files/1/0788/2358/8067/files/graffiti-print-crop-tee-for-colorful-urban-street-art-dressers-bold-aop-hip-hop-crop-top-festival-party-summer-statement-7176853.jpg?v=1782724093,graffiti-bomb-crop-tee-cutout.png
graffiti-bomb-crop-tee,9261118488803,5,0,https://cdn.shopify.com/s/files/1/0788/2358/8067/files/graffiti-print-crop-tee-for-colorful-urban-street-art-dressers-bold-aop-hip-hop-crop-top-festival-party-summer-statement-2812008.jpg?v=1782724094,graffiti-bomb-crop-tee-cutout.png
graffiti-bomb-crop-tee,9261118488803,6,0,https://cdn.shopify.com/s/files/1/0788/2358/8067/files/graffiti-print-crop-tee-for-colorful-urban-street-art-dressers-bold-aop-hip-hop-crop-top-festival-party-summer-statement-5528667.jpg?v=1782724093,graffiti-bomb-crop-tee-cutout.png
graffiti-bomb-crop-tee,9261118488803,7,0,https://cdn.shopify.com/s/files/1/0788/2358/8067/files/graffiti-print-crop-tee-for-colorful-urban-street-art-dressers-bold-aop-hip-hop-crop-top-festival-party-summer-statement-8350303.jpg?v=1782724093,graffiti-bomb-crop-tee-cutout.png
graffiti-bomb-crop-tee,9261118488803,8,0,https://cdn.shopify.com/s/files/1/0788/2358/8067/files/graffiti-print-crop-tee-for-colorful-urban-street-art-dressers-bold-aop-hip-hop-crop-top-festival-party-summer-statement-1569167.jpg?v=1782724093,graffiti-bomb-crop-tee-cutout.png
graffiti-chaos-neon-street-art-aop-hoodie,9236004536547,0,1,https://cdn.shopify.com/s/files/1/0788/2358/8067/files/graffiti-chaos-hoodie-neon-street-art-all-over-print-warmup-hoodie-8646151.jpg?v=1777751056,graffiti-chaos-neon-street-art-aop-hoodie-cutout.png
graffiti-chaos-neon-street-art-aop-hoodie,9236004536547,1,0,https://cdn.shopify.com/s/files/1/0788/2358/8067/files/graffiti-chaos-hoodie-neon-street-art-all-over-print-6133700.png?v=1777705747,graffiti-chaos-neon-street-art-aop-hoodie-cutout.png
graffiti-chaos-neon-street-art-aop-hoodie,9236004536547,2,0,https://cdn.shopify.com/s/files/1/0788/2358/8067/files/graffiti-chaos-hoodie-neon-street-art-all-over-print-1335129.png?v=1777705747,graffiti-chaos-neon-street-art-aop-hoodie-cutout.png
graffiti-chaos-neon-street-art-aop-hoodie,9236004536547,3,0,https://cdn.shopify.com/s/files/1/0788/2358/8067/files/graffiti-chaos-hoodie-neon-street-art-all-over-print-warmup-hoodie-4693322.jpg?v=1776879559,graffiti-chaos-neon-street-art-aop-hoodie-cutout.png
graffiti-chaos-neon-street-art-aop-hoodie,9236004536547,4,0,https://cdn.shopify.com/s/files/1/0788/2358/8067/files/graffiti-chaos-hoodie-neon-street-art-all-over-print-warmup-hoodie-5148675.jpg?v=1776879560,graffiti-chaos-neon-street-art-aop-hoodie-cutout.png
graffiti-chaos-neon-street-art-aop-hoodie,9236004536547,5,0,https://cdn.shopify.com/s/files/1/0788/2358/8067/files/graffiti-chaos-hoodie-neon-street-art-all-over-print-warmup-hoodie-7083166.jpg?v=1776879560,graffiti-chaos-neon-street-art-aop-hoodie-cutout.png
graffiti-mural-camp-shirt,9193900671203,0,1,https://cdn.shopify.com/s/files/1/0788/2358/8067/files/graffiti-mural-aop-lapel-shirt-125gsm-slub-cotton-long-sleeve-5856155.png?v=1778120047,graffiti-mural-camp-shirt-cutout.png
graffiti-mural-camp-shirt,9193900671203,1,0,https://cdn.shopify.com/s/files/1/0788/2358/8067/files/155733-cf18e3a6-60bf-4529-be0f-074c668f45e2.jpg?v=1774789515,graffiti-mural-camp-shirt-cutout.png
graffiti-mural-camp-shirt,9193900671203,2,0,https://cdn.shopify.com/s/files/1/0788/2358/8067/files/155733-cf6fa79b-b43c-4832-861a-d4c473631679.jpg?v=1774789515,graffiti-mural-camp-shirt-cutout.png
graffiti-mural-camp-shirt,9193900671203,3,0,https://cdn.shopify.com/s/files/1/0788/2358/8067/files/155733-6139c018-9cb5-42a6-9f91-951f3b5c5848.jpg?v=1774789515,graffiti-mural-camp-shirt-cutout.png
graffiti-mural-camp-shirt,9193900671203,4,0,https://cdn.shopify.com/s/files/1/0788/2358/8067/files/155733-4ca8d2ea-a51f-44db-982c-bc0e7e1fa338.jpg?v=1774789515,graffiti-mural-camp-shirt-cutout.png
graffiti-mural-camp-shirt,9193900671203,5,0,https://cdn.shopify.com/s/files/1/0788/2358/8067/files/155733-eade336f-239d-4706-be36-93c09520261d.jpg?v=1774789515,graffiti-mural-camp-shirt-cutout.png
graffiti-mural-camp-shirt,9193900671203,6,0,https://cdn.shopify.com/s/files/1/0788/2358/8067/files/155733-c993d925-d737-4d0f-9918-b31667fbf543.jpg?v=1774789515,graffiti-mural-camp-shirt-cutout.png
graffiti-mural-camp-shirt,9193900671203,7,0,https://cdn.shopify.com/s/files/1/0788/2358/8067/files/155733-352cc95c-bb35-40fa-9ced-3330c8ca14a1.jpg?v=1774789515,graffiti-mural-camp-shirt-cutout.png
graffiti-patch-heavyweight-crewneck,9175876337891,0,1,https://cdn.shopify.com/s/files/1/0788/2358/8067/files/abstract-all-over-print-sweatshirt-heavyweight-cotton-crewneck-4028315.png?v=1778286067,graffiti-patch-heavyweight-crewneck-cutout.png
graffiti-patch-heavyweight-crewneck,9175876337891,1,0,https://cdn.shopify.com/s/files/1/0788/2358/8067/files/9477edbe-il_fullxfull.7752447713_fx9w.jpg?v=1774790765,graffiti-patch-heavyweight-crewneck-cutout.png
graffiti-patch-heavyweight-crewneck,9175876337891,2,0,https://cdn.shopify.com/s/files/1/0788/2358/8067/files/2fd29349-il_fullxfull.7752367347_gx5i.jpg?v=1774790765,graffiti-patch-heavyweight-crewneck-cutout.png
graffiti-patch-heavyweight-crewneck,9175876337891,3,0,https://cdn.shopify.com/s/files/1/0788/2358/8067/files/39a68a36-il_fullxfull.7691840208_h64w.jpg?v=1774790765,graffiti-patch-heavyweight-crewneck-cutout.png
graffiti-patch-heavyweight-crewneck,9175876337891,4,0,https://cdn.shopify.com/s/files/1/0788/2358/8067/files/d1029a28-il_fullxfull.7752360407_wihg.jpg?v=1774790765,graffiti-patch-heavyweight-crewneck-cutout.png
graffiti-patch-heavyweight-crewneck,9175876337891,5,0,https://cdn.shopify.com/s/files/1/0788/2358/8067/files/31f66af7-il_fullxfull.7704421730_5y4d.jpg?v=1774790766,graffiti-patch-heavyweight-crewneck-cutout.png
graffiti-patch-heavyweight-crewneck,9175876337891,6,0,https://cdn.shopify.com/s/files/1/0788/2358/8067/files/b8192f9a-il_fullxfull.7752361807_gffa.jpg?v=1774790765,graffiti-patch-heavyweight-crewneck-cutout.png
graffiti-patch-heavyweight-crewneck,9175876337891,7,0,https://cdn.shopify.com/s/files/1/0788/2358/8067/files/b4e0d0fe-il_fullxfull.7752359493_9s48.jpg?v=1774790765,graffiti-patch-heavyweight-crewneck-cutout.png
graffiti-patch-heavyweight-crewneck,9175876337891,8,0,https://cdn.shopify.com/s/files/1/0788/2358/8067/files/7f5d9e7a-il_fullxfull.7704423716_83if.jpg?v=1774790765,graffiti-patch-heavyweight-crewneck-cutout.png
graffiti-patch-heavyweight-crewneck,9175876337891,9,0,https://cdn.shopify.com/s/files/1/0788/2358/8067/files/bcf6046c-il_fullxfull.7752365449_fpm7.jpg?v=1774790765,graffiti-patch-heavyweight-crewneck-cutout.png
graffiti-patch-heavyweight-crewneck,9175876337891,10,0,https://cdn.shopify.com/s/files/1/0788/2358/8067/files/50486225-il_fullxfull.7752365995_7l6m.jpg?v=1774790765,graffiti-patch-heavyweight-crewneck-cutout.png
graffiti-storm-suit-set,9184084590819,0,1,https://cdn.shopify.com/s/files/1/0788/2358/8067/files/260gsm-two-button-suitall-over-printing-5000509.png?v=1778286007,graffiti-storm-suit-set-cutout.png
graffiti-storm-suit-set,9184084590819,1,0,https://cdn.shopify.com/s/files/1/0788/2358/8067/files/0fd9b7d509505946c27765832c3aa9d2.jpg?v=1774455947,graffiti-storm-suit-set-cutout.png
graffiti-storm-suit-set,9184084590819,2,0,https://cdn.shopify.com/s/files/1/0788/2358/8067/files/baf0684db96de827659a295312fc8818.jpg?v=1774455947,graffiti-storm-suit-set-cutout.png
graffiti-storm-suit-set,9184084590819,3,0,https://cdn.shopify.com/s/files/1/0788/2358/8067/files/fabce94912695bc646d5bc9a42bcbf6b.jpg?v=1774455947,graffiti-storm-suit-set-cutout.png
graffiti-storm-suit-set,9184084590819,4,0,https://cdn.shopify.com/s/files/1/0788/2358/8067/files/fcadffed3749962a3d180926dc06a276.jpg?v=1774455947,graffiti-storm-suit-set-cutout.png
graffiti-storm-suit-set,9184084590819,5,0,https://cdn.shopify.com/s/files/1/0788/2358/8067/files/fddb208e878f97134a750d58adad1530.jpg?v=1774455946,graffiti-storm-suit-set-cutout.png
graffiti-storm-suit-set,9184084590819,6,0,https://cdn.shopify.com/s/files/1/0788/2358/8067/files/6457f85cc75525eb761969356f89c503.jpg?v=1774455946,graffiti-storm-suit-set-cutout.png
graffiti-storm-suit-set,9184084590819,7,0,https://cdn.shopify.com/s/files/1/0788/2358/8067/files/5b3b591f2605d4e8f6f7d7b70c27f2cc.jpg?v=1774455946,graffiti-storm-suit-set-cutout.png
graffiti-storm-suit-set,9184084590819,8,0,https://cdn.shopify.com/s/files/1/0788/2358/8067/files/57f1a939c4c10aa11a7400aa217d2561.jpg?v=1774455946,graffiti-storm-suit-set-cutout.png
graffiti-street-art-svg-bundle-155-cut-files,9529610600675,0,1,https://cdn.shopify.com/s/files/1/0788/2358/8067/files/graffiti-street-art-155-svg-bundle-for-cricut-sublimation-pod-graffiti-street-art-vectors-7466539.png?v=1782815106,graffiti-street-art-svg-bundle-155-cut-files-cutout.png
graffiti-tag-shearling-boots,9304902762723,0,1,https://cdn.shopify.com/s/files/1/0788/2358/8067/files/graffiti-tag-high-top-plush-boots-white-street-art-aop-fleece-lined-winter-statement-footwear-2813351.jpg?v=1782724098,graffiti-tag-shearling-boots-cutout.png
graffiti-tag-shearling-boots,9304902762723,1,0,https://cdn.shopify.com/s/files/1/0788/2358/8067/files/graffiti-tag-high-top-plush-boots-white-street-art-aop-fleece-lined-winter-statement-footwear-4700765.jpg?v=1782724097,graffiti-tag-shearling-boots-cutout.png
graffiti-tag-shearling-boots,9304902762723,2,0,https://cdn.shopify.com/s/files/1/0788/2358/8067/files/graffiti-tag-high-top-plush-boots-white-street-art-aop-fleece-lined-winter-statement-footwear-6984618.jpg?v=1782724096,graffiti-tag-shearling-boots-cutout.png
graffiti-tag-shearling-boots,9304902762723,3,0,https://cdn.shopify.com/s/files/1/0788/2358/8067/files/graffiti-tag-high-top-plush-boots-white-street-art-aop-fleece-lined-winter-statement-footwear-8303266.png?v=1782724096,graffiti-tag-shearling-boots-cutout.png
graffiti-tag-shearling-boots,9304902762723,4,0,https://cdn.shopify.com/s/files/1/0788/2358/8067/files/graffiti-tag-high-top-plush-boots-white-street-art-aop-fleece-lined-winter-statement-footwear-7186983.png?v=1782724096,graffiti-tag-shearling-boots-cutout.png
graffiti-tag-shearling-boots,9304902762723,5,0,https://cdn.shopify.com/s/files/1/0788/2358/8067/files/graffiti-tag-high-top-plush-boots-white-street-art-aop-fleece-lined-winter-statement-footwear-8243774.png?v=1782724097,graffiti-tag-shearling-boots-cutout.png
graffiti-tag-shearling-boots,9304902762723,6,0,https://cdn.shopify.com/s/files/1/0788/2358/8067/files/graffiti-tag-high-top-plush-boots-white-street-art-aop-fleece-lined-winter-statement-footwear-4590838.jpg?v=1782724097,graffiti-tag-shearling-boots-cutout.png
graffiti-tag-shearling-boots,9304902762723,7,0,https://cdn.shopify.com/s/files/1/0788/2358/8067/files/graffiti-tag-high-top-plush-boots-white-street-art-aop-fleece-lined-winter-statement-footwear-4395838.jpg?v=1782724095,graffiti-tag-shearling-boots-cutout.png
graffiti-tag-shearling-boots,9304902762723,8,0,https://cdn.shopify.com/s/files/1/0788/2358/8067/files/graffiti-tag-high-top-plush-boots-white-street-art-aop-fleece-lined-winter-statement-footwear-7589513.jpg?v=1782724095,graffiti-tag-shearling-boots-cutout.png
graffiti-tag-shearling-boots,9304902762723,9,0,https://cdn.shopify.com/s/files/1/0788/2358/8067/files/graffiti-tag-high-top-plush-boots-white-street-art-aop-fleece-lined-winter-statement-footwear-8166398.png?v=1782724096,graffiti-tag-shearling-boots-cutout.png
graffiti-tag-steering-wheel-cover,9175877746915,0,1,https://cdn.shopify.com/s/files/1/0788/2358/8067/files/4511bbe0-il_fullxfull.7724267467_cfjp.jpg?v=1774455791,graffiti-tag-steering-wheel-cover-cutout.png
graffiti-tag-steering-wheel-cover,9175877746915,1,0,https://cdn.shopify.com/s/files/1/0788/2358/8067/files/d2ffc613-il_fullxfull.7724267893_mhdk.jpg?v=1774455791,graffiti-tag-steering-wheel-cover-cutout.png
graffiti-tag-steering-wheel-cover,9175877746915,2,0,https://cdn.shopify.com/s/files/1/0788/2358/8067/files/38314514-il_fullxfull.7676321558_5909.jpg?v=1774455791,graffiti-tag-steering-wheel-cover-cutout.png
graffiti-tag-steering-wheel-cover,9175877746915,3,0,https://cdn.shopify.com/s/files/1/0788/2358/8067/files/d0c37583-il_fullxfull.7724268601_s5v5.jpg?v=1774455791,graffiti-tag-steering-wheel-cover-cutout.png
graffiti-tag-steering-wheel-cover,9175877746915,4,0,https://cdn.shopify.com/s/files/1/0788/2358/8067/files/c6aed883-il_fullxfull.7676322256_6pgg.jpg?v=1774455791,graffiti-tag-steering-wheel-cover-cutout.png
graffiti-wall-aop-crossbody-fanny-pack,9175876665571,0,1,https://cdn.shopify.com/s/files/1/0788/2358/8067/files/4bd09f77-il_fullxfull.7685103084_tt5e.jpg?v=1774790765,graffiti-wall-aop-crossbody-fanny-pack-cutout.png
graffiti-wall-aop-crossbody-fanny-pack,9175876665571,1,0,https://cdn.shopify.com/s/files/1/0788/2358/8067/files/086ceffe-il_fullxfull.7733047273_1yd6.jpg?v=1774790765,graffiti-wall-aop-crossbody-fanny-pack-cutout.png
graffiti-wall-aop-crossbody-fanny-pack,9175876665571,2,0,https://cdn.shopify.com/s/files/1/0788/2358/8067/files/fc09901a-il_fullxfull.7685103018_dmkg.jpg?v=1774790765,graffiti-wall-aop-crossbody-fanny-pack-cutout.png
graffiti-wall-aop-crossbody-fanny-pack,9175876665571,3,0,https://cdn.shopify.com/s/files/1/0788/2358/8067/files/20dc17af-il_fullxfull.7685103354_s6yl.jpg?v=1774790765,graffiti-wall-aop-crossbody-fanny-pack-cutout.png
graffiti-wall-aop-crossbody-fanny-pack,9175876665571,4,0,https://cdn.shopify.com/s/files/1/0788/2358/8067/files/3e2af286-il_fullxfull.7685103066_rae7.jpg?v=1774790765,graffiti-wall-aop-crossbody-fanny-pack-cutout.png
graffiti-wall-aop-crossbody-fanny-pack,9175876665571,5,0,https://cdn.shopify.com/s/files/1/0788/2358/8067/files/56ec6b28-il_fullxfull.7733047347_41yv.jpg?v=1774790766,graffiti-wall-aop-crossbody-fanny-pack-cutout.png
graffiti-wall-aop-crossbody-fanny-pack,9175876665571,6,0,https://cdn.shopify.com/s/files/1/0788/2358/8067/files/5b8bb3d4-il_fullxfull.7733047359_pz9f.jpg?v=1774790765,graffiti-wall-aop-crossbody-fanny-pack-cutout.png
graffiti-wall-aop-crossbody-fanny-pack,9175876665571,7,0,https://cdn.shopify.com/s/files/1/0788/2358/8067/files/fe353de3-il_fullxfull.7724269355_dtz3.jpg?v=1774455783,graffiti-wall-aop-crossbody-fanny-pack-cutout.png
graffiti-wall-aop-crossbody-fanny-pack,9175876665571,8,0,https://cdn.shopify.com/s/files/1/0788/2358/8067/files/52afda0a-il_fullxfull.7724270305_43s6.jpg?v=1774455783,graffiti-wall-aop-crossbody-fanny-pack-cutout.png
graffiti-wall-aop-crossbody-fanny-pack,9175876665571,9,0,https://cdn.shopify.com/s/files/1/0788/2358/8067/files/92941531-il_fullxfull.7676323830_c4mg.jpg?v=1774455784,graffiti-wall-aop-crossbody-fanny-pack-cutout.png
graffiti-wall-aop-sports-headband,9175874961635,0,1,https://cdn.shopify.com/s/files/1/0788/2358/8067/files/graffiti-street-art-aop-sports-headband-for-urban-fitness-dressers-sweat-wicking-bold-print-gym-peloton-hiit-activewear-accessory-7479698.png?v=1782724567,graffiti-wall-aop-sports-headband-cutout.png
graffiti-wall-aop-sports-headband,9175874961635,1,0,https://cdn.shopify.com/s/files/1/0788/2358/8067/files/6b705228-il_fullxfull.7691993006_893k.jpg?v=1774790954,graffiti-wall-aop-sports-headband-cutout.png
graffiti-wall-aop-sports-headband,9175874961635,2,0,https://cdn.shopify.com/s/files/1/0788/2358/8067/files/7d46535f-il_fullxfull.7739936825_i7o3.jpg?v=1774790954,graffiti-wall-aop-sports-headband-cutout.png
graffiti-wall-aop-sports-headband,9175874961635,3,0,https://cdn.shopify.com/s/files/1/0788/2358/8067/files/a71a6dd3-il_fullxfull.7691993102_km8y.jpg?v=1774790954,graffiti-wall-aop-sports-headband-cutout.png
graffiti-wall-aop-sports-headband,9175874961635,4,0,https://cdn.shopify.com/s/files/1/0788/2358/8067/files/966924d1-il_fullxfull.7739936917_c2d6.jpg?v=1774790954,graffiti-wall-aop-sports-headband-cutout.png
graffiti-wall-aop-sports-headband,9175874961635,5,0,https://cdn.shopify.com/s/files/1/0788/2358/8067/files/ccf23347-il_fullxfull.7739936951_trx5.jpg?v=1774790954,graffiti-wall-aop-sports-headband-cutout.png
graffiti-wall-aop-sports-headband,9175874961635,6,0,https://cdn.shopify.com/s/files/1/0788/2358/8067/files/cacc9c9c-il_fullxfull.7739936979_cg3v.jpg?v=1774790954,graffiti-wall-aop-sports-headband-cutout.png
graffiti-wall-aop-sports-headband,9175874961635,7,0,https://cdn.shopify.com/s/files/1/0788/2358/8067/files/31870466-il_fullxfull.7739937015_1x7y.jpg?v=1774790955,graffiti-wall-aop-sports-headband-cutout.png
graffiti-wall-aop-sports-headband,9175874961635,8,0,https://cdn.shopify.com/s/files/1/0788/2358/8067/files/3e430b12-il_fullxfull.7691993260_5aob.jpg?v=1774790954,graffiti-wall-aop-sports-headband-cutout.png
graffiti-wall-aop-sports-headband,9175874961635,9,0,https://cdn.shopify.com/s/files/1/0788/2358/8067/files/902f028c-il_fullxfull.7691993290_eb21.jpg?v=1774790954,graffiti-wall-aop-sports-headband-cutout.png
graffiti-wall-aop-sports-headband,9175874961635,10,0,https://cdn.shopify.com/s/files/1/0788/2358/8067/files/0d805261-il_fullxfull.7739937097_n3no.jpg?v=1774455743,graffiti-wall-aop-sports-headband-cutout.png
graffiti-wall-bucket-hat,9175876927715,0,1,https://cdn.shopify.com/s/files/1/0788/2358/8067/files/graffiti-print-aop-bucket-hat-maximalist-all-over-print-urban-festival-sun-hat-2466029.png?v=1782724506,graffiti-wall-bucket-hat-cutout.png
graffiti-wall-bucket-hat,9175876927715,1,0,https://cdn.shopify.com/s/files/1/0788/2358/8067/files/280ceab4-il_fullxfull.7724264985_trie.jpg?v=1774790956,graffiti-wall-bucket-hat-cutout.png
graffiti-wall-bucket-hat,9175876927715,2,0,https://cdn.shopify.com/s/files/1/0788/2358/8067/files/3f5b0ade-il_fullxfull.7676318266_mp9r.jpg?v=1774790956,graffiti-wall-bucket-hat-cutout.png
graffiti-wall-bucket-hat,9175876927715,3,0,https://cdn.shopify.com/s/files/1/0788/2358/8067/files/ec459dea-il_fullxfull.7724265665_h6lg.jpg?v=1774455833,graffiti-wall-bucket-hat-cutout.png
graffiti-wall-bucket-hat,9175876927715,4,0,https://cdn.shopify.com/s/files/1/0788/2358/8067/files/801d83d3-il_fullxfull.7724265997_7jam.jpg?v=1774790956,graffiti-wall-bucket-hat-cutout.png
graffiti-wall-bucket-hat,9175876927715,5,0,https://cdn.shopify.com/s/files/1/0788/2358/8067/files/5bb1e793-il_fullxfull.7724266353_e61q.jpg?v=1774790956,graffiti-wall-bucket-hat-cutout.png
graffiti-wall-bucket-hat,9175876927715,6,0,https://cdn.shopify.com/s/files/1/0788/2358/8067/files/9e543ce9-il_fullxfull.7724266703_fe3j.jpg?v=1774455834,graffiti-wall-bucket-hat-cutout.png
graffiti-wall-bucket-hat,9175876927715,7,0,https://cdn.shopify.com/s/files/1/0788/2358/8067/files/34303380-il_fullxfull.7676320374_p50n.jpg?v=1774455834,graffiti-wall-bucket-hat-cutout.png
graffiti-wall-bucket-hat,9175876927715,8,0,https://cdn.shopify.com/s/files/1/0788/2358/8067/files/cfc4b6bf-il_fullxfull.7676320894_pk1z.jpg?v=1774455833,graffiti-wall-bucket-hat-cutout.png
graffiti-wildstyle-reversible-bucket-hat,9528488591587,0,1,https://cdn.shopify.com/s/files/1/0788/2358/8067/files/double-side-printing-bucket-hat-8047513.jpg?v=1782724033,graffiti-wildstyle-reversible-bucket-hat-cutout.png
graffiti-wildstyle-reversible-bucket-hat,9528488591587,1,0,https://cdn.shopify.com/s/files/1/0788/2358/8067/files/double-side-printing-bucket-hat-2552473.jpg?v=1782724032,graffiti-wildstyle-reversible-bucket-hat-cutout.png
graffiti-wildstyle-reversible-bucket-hat,9528488591587,2,0,https://cdn.shopify.com/s/files/1/0788/2358/8067/files/double-side-printing-bucket-hat-9741897.jpg?v=1782724033,graffiti-wildstyle-reversible-bucket-hat-cutout.png
graffiti-wildstyle-reversible-bucket-hat,9528488591587,3,0,https://cdn.shopify.com/s/files/1/0788/2358/8067/files/double-side-printing-bucket-hat-8451276.jpg?v=1782724033,graffiti-wildstyle-reversible-bucket-hat-cutout.png
graffiti-wildstyle-reversible-bucket-hat,9528488591587,4,0,https://cdn.shopify.com/s/files/1/0788/2358/8067/files/double-side-printing-bucket-hat-1299795.jpg?v=1782724032,graffiti-wildstyle-reversible-bucket-hat-cutout.png
graffiti-wildstyle-reversible-bucket-hat,9528488591587,5,0,https://cdn.shopify.com/s/files/1/0788/2358/8067/files/double-side-printing-bucket-hat-3092435.jpg?v=1782724033,graffiti-wildstyle-reversible-bucket-hat-cutout.png
graffiti-wildstyle-reversible-bucket-hat,9528488591587,6,0,https://cdn.shopify.com/s/files/1/0788/2358/8067/files/double-side-printing-bucket-hat-8800004.jpg?v=1782724033,graffiti-wildstyle-reversible-bucket-hat-cutout.png
graffiti-wildstyle-reversible-bucket-hat,9528488591587,7,0,https://cdn.shopify.com/s/files/1/0788/2358/8067/files/double-side-printing-bucket-hat-5579470.jpg?v=1782724033,graffiti-wildstyle-reversible-bucket-hat-cutout.png
graffiti-wildstyle-snapback-cap,9175875289315,0,1,https://cdn.shopify.com/s/files/1/0788/2358/8067/files/aop-flat-brim-snapback-cap-all-over-print-6-panel-streetwear-hat-for-festival-alt-fashion-fits-5643698.png?v=1782724508,graffiti-wildstyle-snapback-cap-cutout.png
graffiti-wildstyle-snapback-cap,9175875289315,1,0,https://cdn.shopify.com/s/files/1/0788/2358/8067/files/fe0c0a34-il_fullxfull.7739781795_c2f7.jpg?v=1774790945,graffiti-wildstyle-snapback-cap-cutout.png
graffiti-wildstyle-snapback-cap,9175875289315,2,0,https://cdn.shopify.com/s/files/1/0788/2358/8067/files/39887cb8-il_fullxfull.7691837548_c17g.jpg?v=1774790945,graffiti-wildstyle-snapback-cap-cutout.png
graffiti-wildstyle-snapback-cap,9175875289315,3,0,https://cdn.shopify.com/s/files/1/0788/2358/8067/files/98d883da-il_fullxfull.7691837510_dmmv.jpg?v=1774790945,graffiti-wildstyle-snapback-cap-cutout.png
halftone-drift-tee,9528488689891,0,1,https://cdn.shopify.com/s/files/1/0788/2358/8067/files/all-over-print-mens-o-neck-t-shirt-190gsm-cotton-7238564.jpg?v=1782724030,halftone-drift-tee-cutout.png
halftone-drift-tee,9528488689891,1,0,https://cdn.shopify.com/s/files/1/0788/2358/8067/files/all-over-print-mens-o-neck-t-shirt-190gsm-cotton-5754925.jpg?v=1782724029,halftone-drift-tee-cutout.png
halftone-drift-tee,9528488689891,2,0,https://cdn.shopify.com/s/files/1/0788/2358/8067/files/all-over-print-mens-o-neck-t-shirt-190gsm-cotton-2870856.jpg?v=1782724029,halftone-drift-tee-cutout.png
headline-riot-graffiti-blazer,9191941832931,0,1,https://cdn.shopify.com/s/files/1/0788/2358/8067/files/articles-articles-aop-graffiti-suit-jacket-for-the-professional-rebels-4681243.png?v=1778285947,headline-riot-graffiti-blazer-cutout.png
headline-riot-graffiti-blazer,9191941832931,1,0,https://cdn.shopify.com/s/files/1/0788/2358/8067/files/ebae6ca69a42b544bc6a57924fe8f33e.jpg?v=1774456195,headline-riot-graffiti-blazer-cutout.png
headline-riot-graffiti-blazer,9191941832931,2,0,https://cdn.shopify.com/s/files/1/0788/2358/8067/files/3c673957266676a5ab185bc5a2b67b19.jpg?v=1774456194,headline-riot-graffiti-blazer-cutout.png
headline-riot-graffiti-blazer,9191941832931,3,0,https://cdn.shopify.com/s/files/1/0788/2358/8067/files/5069906d70c00b9070196ec1c29e01fc.jpg?v=1774456195,headline-riot-graffiti-blazer-cutout.png
headline-riot-graffiti-blazer,9191941832931,4,0,https://cdn.shopify.com/s/files/1/0788/2358/8067/files/b62354a137e730128f38a5cc7c8106f4.jpg?v=1774456195,headline-riot-graffiti-blazer-cutout.png
headline-riot-graffiti-blazer,9191941832931,5,0,https://cdn.shopify.com/s/files/1/0788/2358/8067/files/0320cf3545f6335f7ca2086e07e042da.jpg?v=1774456195,headline-riot-graffiti-blazer-cutout.png
headline-riot-graffiti-blazer,9191941832931,6,0,https://cdn.shopify.com/s/files/1/0788/2358/8067/files/e291b53cf87ce3c24fdf27f20fab43f7.jpg?v=1774456195,headline-riot-graffiti-blazer-cutout.png
headline-riot-graffiti-blazer,9191941832931,7,0,https://cdn.shopify.com/s/files/1/0788/2358/8067/files/5b3b591f2605d4e8f6f7d7b70c27f2cc_4954cd34-9de9-48f2-9c34-dcc82b1f77ce.jpg?v=1774456195,headline-riot-graffiti-blazer-cutout.png
headline-riot-graffiti-blazer,9191941832931,8,0,https://cdn.shopify.com/s/files/1/0788/2358/8067/files/57f1a939c4c10aa11a7400aa217d2561_c6002933-5fee-4a76-99a8-604e6c3ab75c.jpg?v=1774456195,headline-riot-graffiti-blazer-cutout.png
high-on-potenuse-tee,9366716514531,0,1,https://cdn.shopify.com/s/files/1/0788/2358/8067/files/high-on-potenuse-heavyweight-washed-t-shirt-neon-graffiti-math-pun-front-print-250gsm-usa-printed-5739227.jpg?v=1782724029,high-on-potenuse-tee-cutout.png
high-on-potenuse-tee,9366716514531,1,0,https://cdn.shopify.com/s/files/1/0788/2358/8067/files/high-on-potenuse-heavyweight-washed-t-shirt-neon-graffiti-math-pun-front-print-250gsm-usa-printed-9667511.jpg?v=1782724030,high-on-potenuse-tee-cutout.png
high-on-potenuse-tee,9366716514531,2,0,https://cdn.shopify.com/s/files/1/0788/2358/8067/files/high-on-potenuse-heavyweight-washed-t-shirt-neon-graffiti-math-pun-front-print-250gsm-usa-printed-8595456.jpg?v=1782724029,high-on-potenuse-tee-cutout.png
high-on-potenuse-washed-tee,9366732701923,0,1,https://cdn.shopify.com/s/files/1/0788/2358/8067/files/high-on-potenuse-washed-tee-double-sided-graffiti-math-pun-print-250gsm-heavyweight-made-in-usa-2181028.jpg?v=1782724213,high-on-potenuse-washed-tee-cutout.png
high-on-potenuse-washed-tee,9366732701923,1,0,https://cdn.shopify.com/s/files/1/0788/2358/8067/files/high-on-potenuse-washed-tee-double-sided-graffiti-math-pun-print-250gsm-heavyweight-made-in-usa-5207072.jpg?v=1782724213,high-on-potenuse-washed-tee-cutout.png
high-on-potenuse-washed-tee,9366732701923,2,0,https://cdn.shopify.com/s/files/1/0788/2358/8067/files/high-on-potenuse-washed-tee-double-sided-graffiti-math-pun-print-250gsm-heavyweight-made-in-usa-8331355.jpg?v=1782724213,high-on-potenuse-washed-tee-cutout.png
hypno-pebble-bucket-hat,9214499520739,0,1,https://cdn.shopify.com/s/files/1/0788/2358/8067/files/bucket-hat-mind-melting-visuals-collection-head-turning-design-aesthetic-rebellion-unique-bucket-hat-statement-accessory-trendy-bucket-8896640.png?v=1777788607,hypno-pebble-bucket-hat-cutout.png
hypno-pebble-bucket-hat,9214499520739,1,0,https://cdn.shopify.com/s/files/1/0788/2358/8067/files/14420245970256757103_2048.jpg?v=1775470931,hypno-pebble-bucket-hat-cutout.png
hypno-pebble-bucket-hat,9214499520739,2,0,https://cdn.shopify.com/s/files/1/0788/2358/8067/files/999635549920799807_2048.jpg?v=1775470935,hypno-pebble-bucket-hat-cutout.png
hypno-pebble-bucket-hat,9214499520739,3,0,https://cdn.shopify.com/s/files/1/0788/2358/8067/files/971113680712539071_2048.jpg?v=1775470940,hypno-pebble-bucket-hat-cutout.png
hypno-pebble-bucket-hat,9214499520739,4,0,https://cdn.shopify.com/s/files/1/0788/2358/8067/files/4639713938734250525_2048.jpg?v=1775470944,hypno-pebble-bucket-hat-cutout.png
hypno-pebble-bucket-hat,9214499520739,5,0,https://cdn.shopify.com/s/files/1/0788/2358/8067/files/11185684022063604661_2048.jpg?v=1775470949,hypno-pebble-bucket-hat-cutout.png
hypno-pebble-bucket-hat,9214499520739,6,0,https://cdn.shopify.com/s/files/1/0788/2358/8067/files/6508437755695215683_2048.jpg?v=1775470952,hypno-pebble-bucket-hat-cutout.png
hypno-pebble-bucket-hat,9214499520739,7,0,https://cdn.shopify.com/s/files/1/0788/2358/8067/files/4085337911227635601_2048.jpg?v=1775470957,hypno-pebble-bucket-hat-cutout.png
hypno-pebble-bucket-hat,9214499520739,8,0,https://cdn.shopify.com/s/files/1/0788/2358/8067/files/469778977132546737_2048.jpg?v=1775470961,hypno-pebble-bucket-hat-cutout.png
hypno-pebble-bucket-hat,9214499520739,9,0,https://cdn.shopify.com/s/files/1/0788/2358/8067/files/10411187387010223058_2048.jpg?v=1775470965,hypno-pebble-bucket-hat-cutout.png
hypno-pebble-bucket-hat,9214499520739,10,0,https://cdn.shopify.com/s/files/1/0788/2358/8067/files/11946846257430846629_2048.jpg?v=1775470971,hypno-pebble-bucket-hat-cutout.png
hypno-pebble-bucket-hat,9214499520739,11,0,https://cdn.shopify.com/s/files/1/0788/2358/8067/files/4574968594265590191_2048.jpg?v=1775470975,hypno-pebble-bucket-hat-cutout.png
indie-sleaze-collage-snapback,9231812165859,0,1,https://cdn.shopify.com/s/files/1/0788/2358/8067/files/baseball-cap-with-flat-brim-1539132.jpg?v=1776713151,indie-sleaze-collage-snapback-cutout.png
indie-sleaze-collage-snapback,9231812165859,1,0,https://cdn.shopify.com/s/files/1/0788/2358/8067/files/indie-sleaze-collage-aop-flat-brim-cap-all-over-print-snapback-streetwear-hat-for-y2k-revival-alt-fashion-festival-crowd-8099638.jpg?v=1782724212,indie-sleaze-collage-snapback-cutout.png
indie-sleaze-collage-snapback,9231812165859,2,0,https://cdn.shopify.com/s/files/1/0788/2358/8067/files/indie-sleaze-collage-aop-flat-brim-cap-all-over-print-snapback-streetwear-hat-for-y2k-revival-alt-fashion-festival-crowd-8541784.jpg?v=1782724215,indie-sleaze-collage-snapback-cutout.png
indie-sleaze-collage-snapback,9231812165859,3,0,https://cdn.shopify.com/s/files/1/0788/2358/8067/files/baseball-cap-with-flat-brim-8492560.jpg?v=1776616931,indie-sleaze-collage-snapback-cutout.png
indie-sleaze-collage-snapback,9231812165859,4,0,https://cdn.shopify.com/s/files/1/0788/2358/8067/files/baseball-cap-with-flat-brim-8780260.jpg?v=1776616932,indie-sleaze-collage-snapback-cutout.png
indie-sleaze-collage-snapback,9231812165859,5,0,https://cdn.shopify.com/s/files/1/0788/2358/8067/files/baseball-cap-with-flat-brim-9961526.png?v=1776713886,indie-sleaze-collage-snapback-cutout.png
inferno-vortex-hoodie,9261119144163,0,1,https://cdn.shopify.com/s/files/1/0788/2358/8067/files/inferno-vortex-tie-dye-aop-hoodie-for-psychedelic-streetwear-collectors-spiral-rainbow-all-over-print-95-poly-spandex-5650871.png?v=1782724093,inferno-vortex-hoodie-cutout.png
inferno-vortex-hoodie,9261119144163,1,0,https://cdn.shopify.com/s/files/1/0788/2358/8067/files/inferno-vortex-tie-dye-aop-hoodie-for-psychedelic-streetwear-collectors-spiral-rainbow-all-over-print-95-poly-spandex-1826696.png?v=1782724093,inferno-vortex-hoodie-cutout.png
inferno-vortex-hoodie,9261119144163,2,0,https://cdn.shopify.com/s/files/1/0788/2358/8067/files/inferno-vortex-tie-dye-aop-hoodie-for-psychedelic-streetwear-collectors-spiral-rainbow-all-over-print-95-poly-spandex-3386639.png?v=1782724093,inferno-vortex-hoodie-cutout.png
inferno-vortex-hoodie,9261119144163,3,0,https://cdn.shopify.com/s/files/1/0788/2358/8067/files/inferno-vortex-tie-dye-aop-hoodie-for-psychedelic-streetwear-collectors-spiral-rainbow-all-over-print-95-poly-spandex-2694672.jpg?v=1782724092,inferno-vortex-hoodie-cutout.png
inferno-vortex-hoodie,9261119144163,4,0,https://cdn.shopify.com/s/files/1/0788/2358/8067/files/inferno-vortex-tie-dye-aop-hoodie-for-psychedelic-streetwear-collectors-spiral-rainbow-all-over-print-95-poly-spandex-8188071.jpg?v=1782724095,inferno-vortex-hoodie-cutout.png
inferno-vortex-hoodie,9261119144163,5,0,https://cdn.shopify.com/s/files/1/0788/2358/8067/files/inferno-vortex-tie-dye-aop-hoodie-for-psychedelic-streetwear-collectors-spiral-rainbow-all-over-print-95-poly-spandex-9664199.jpg?v=1782724093,inferno-vortex-hoodie-cutout.png
inferno-vortex-hoodie,9261119144163,6,0,https://cdn.shopify.com/s/files/1/0788/2358/8067/files/inferno-vortex-tie-dye-aop-hoodie-for-psychedelic-streetwear-collectors-spiral-rainbow-all-over-print-95-poly-spandex-2721733.jpg?v=1782724094,inferno-vortex-hoodie-cutout.png
inferno-vortex-hoodie,9261119144163,7,0,https://cdn.shopify.com/s/files/1/0788/2358/8067/files/inferno-vortex-tie-dye-aop-hoodie-for-psychedelic-streetwear-collectors-spiral-rainbow-all-over-print-95-poly-spandex-8266838.jpg?v=1782724094,inferno-vortex-hoodie-cutout.png
inferno-vortex-hoodie,9261119144163,8,0,https://cdn.shopify.com/s/files/1/0788/2358/8067/files/inferno-vortex-tie-dye-aop-hoodie-for-psychedelic-streetwear-collectors-spiral-rainbow-all-over-print-95-poly-spandex-3783158.png?v=1782724093,inferno-vortex-hoodie-cutout.png
iridescent-wave-martin-boots,9304900993251,0,1,https://cdn.shopify.com/s/files/1/0788/2358/8067/files/kaleido-bloom-martin-boots-rainbow-mandala-floral-aop-combat-boots-wearable-art-footwear-7803320.jpg?v=1782724036,iridescent-wave-martin-boots-cutout.png
iridescent-wave-martin-boots,9304900993251,1,0,https://cdn.shopify.com/s/files/1/0788/2358/8067/files/kaleido-bloom-martin-boots-rainbow-mandala-floral-aop-combat-boots-wearable-art-footwear-6591392.jpg?v=1782724037,iridescent-wave-martin-boots-cutout.png
iridescent-wave-martin-boots,9304900993251,2,0,https://cdn.shopify.com/s/files/1/0788/2358/8067/files/kaleido-bloom-martin-boots-rainbow-mandala-floral-aop-combat-boots-wearable-art-footwear-3815764.jpg?v=1782724037,iridescent-wave-martin-boots-cutout.png
iridescent-wave-martin-boots,9304900993251,3,0,https://cdn.shopify.com/s/files/1/0788/2358/8067/files/kaleido-bloom-martin-boots-rainbow-mandala-floral-aop-combat-boots-wearable-art-footwear-2498060.jpg?v=1782724036,iridescent-wave-martin-boots-cutout.png
jellyfish-bloom-reversible-silk-bomber,9185461469411,0,1,https://cdn.shopify.com/s/files/1/0788/2358/8067/files/jellyfish-bloom-reversible-silk-bomber-abstract-art-jacket-7165059.png?v=1778120107,jellyfish-bloom-reversible-silk-bomber-cutout.png
jellyfish-bloom-reversible-silk-bomber,9185461469411,1,0,https://cdn.shopify.com/s/files/1/0788/2358/8067/files/2945860_0_3d.jpg?v=1774790226,jellyfish-bloom-reversible-silk-bomber-cutout.png
jellyfish-bloom-reversible-silk-bomber,9185461469411,2,0,https://cdn.shopify.com/s/files/1/0788/2358/8067/files/2945860_1_3d.jpg?v=1774790226,jellyfish-bloom-reversible-silk-bomber-cutout.png
jellyfish-bloom-reversible-silk-bomber,9185461469411,3,0,https://cdn.shopify.com/s/files/1/0788/2358/8067/files/2945860_2_3d.jpg?v=1774790226,jellyfish-bloom-reversible-silk-bomber-cutout.png
jellyfish-bloom-reversible-silk-bomber,9185461469411,4,0,https://cdn.shopify.com/s/files/1/0788/2358/8067/files/2945860_3_3d.jpg?v=1774790226,jellyfish-bloom-reversible-silk-bomber-cutout.png
jellyfish-bloom-reversible-silk-bomber,9185461469411,5,0,https://cdn.shopify.com/s/files/1/0788/2358/8067/files/2945860_4_3d.jpg?v=1774790226,jellyfish-bloom-reversible-silk-bomber-cutout.png
jellyfish-bloom-reversible-silk-bomber,9185461469411,6,0,https://cdn.shopify.com/s/files/1/0788/2358/8067/files/2945860_5_3d.jpg?v=1774790226,jellyfish-bloom-reversible-silk-bomber-cutout.png
jellyfish-bloom-reversible-silk-bomber,9185461469411,7,0,https://cdn.shopify.com/s/files/1/0788/2358/8067/files/2945860_6_3d.jpg?v=1774790226,jellyfish-bloom-reversible-silk-bomber-cutout.png
jellyfish-bloom-reversible-silk-bomber,9185461469411,8,0,https://cdn.shopify.com/s/files/1/0788/2358/8067/files/2945860_7_3d.jpg?v=1774790226,jellyfish-bloom-reversible-silk-bomber-cutout.png
jellyfish-bloom-reversible-silk-bomber,9185461469411,9,0,https://cdn.shopify.com/s/files/1/0788/2358/8067/files/2945860_8_3d.jpg?v=1774790226,jellyfish-bloom-reversible-silk-bomber-cutout.png
jellyfish-bloom-reversible-silk-bomber,9185461469411,10,0,https://cdn.shopify.com/s/files/1/0788/2358/8067/files/2945860_9_3d.jpg?v=1774790226,jellyfish-bloom-reversible-silk-bomber-cutout.png
jewel-stripe-blouse,9175875059939,0,1,https://cdn.shopify.com/s/files/1/0788/2358/8067/files/modern-abstract-geometric-brushstroke-blouse-for-earthy-jewel-tone-dressers-dyles-mavis-aop-acid-marble-top-chaos-core-liquid-stretch-fashion-8546489.png?v=1782724506,jewel-stripe-blouse-cutout.png
jewel-stripe-blouse,9175875059939,1,0,https://cdn.shopify.com/s/files/1/0788/2358/8067/files/4e8089b8-il_fullxfull.7806728687_5b4d.jpg?v=1774790893,jewel-stripe-blouse-cutout.png
jewel-stripe-blouse,9175875059939,2,0,https://cdn.shopify.com/s/files/1/0788/2358/8067/files/f47bf281-il_fullxfull.7691827862_jcqa.jpg?v=1774455744,jewel-stripe-blouse-cutout.png
jewel-stripe-blouse,9175875059939,3,0,https://cdn.shopify.com/s/files/1/0788/2358/8067/files/f8202768-il_fullxfull.7691827824_g3ep.jpg?v=1774790893,jewel-stripe-blouse-cutout.png
jewel-stripe-blouse,9175875059939,4,0,https://cdn.shopify.com/s/files/1/0788/2358/8067/files/29615137-il_fullxfull.7806714879_j9g4.jpg?v=1774455744,jewel-stripe-blouse-cutout.png
jewel-stripe-blouse,9175875059939,5,0,https://cdn.shopify.com/s/files/1/0788/2358/8067/files/979c9142-il_fullxfull.7758767710_7zls.jpg?v=1774790893,jewel-stripe-blouse-cutout.png
jewel-stripe-blouse,9175875059939,6,0,https://cdn.shopify.com/s/files/1/0788/2358/8067/files/4343202c-il_fullxfull.7806715003_qlbn.jpg?v=1774790893,jewel-stripe-blouse-cutout.png
jewel-stripe-blouse,9175875059939,7,0,https://cdn.shopify.com/s/files/1/0788/2358/8067/files/13a02cc1-il_fullxfull.7758767744_4jba.jpg?v=1774790893,jewel-stripe-blouse-cutout.png
jewel-stripe-blouse,9175875059939,8,0,https://cdn.shopify.com/s/files/1/0788/2358/8067/files/3fb8c2eb-il_fullxfull.7758772778_fqg2.jpg?v=1774790893,jewel-stripe-blouse-cutout.png
jewel-stripe-blouse,9175875059939,9,0,https://cdn.shopify.com/s/files/1/0788/2358/8067/files/a9ccb458-il_fullxfull.7806720291_gpba.jpg?v=1774790893,jewel-stripe-blouse-cutout.png
jewel-stripe-blouse,9175875059939,10,0,https://cdn.shopify.com/s/files/1/0788/2358/8067/files/08e43bbf-il_fullxfull.7758773118_9y7q.jpg?v=1774790893,jewel-stripe-blouse-cutout.png
kaleidoscope-bubble-bloom-hoodie,9561410207971,0,1,https://cdn.shopify.com/s/files/1/0788/2358/8067/files/155733-9eb719e3-313d-474f-a7a1-bafd76cfc1ea.jpg?v=1784007080,kaleidoscope-bubble-bloom-hoodie-cutout.png
kaleidoscope-bubble-bloom-hoodie,9561410207971,1,0,https://cdn.shopify.com/s/files/1/0788/2358/8067/files/155733-c8ddb8e2-8eed-4e40-8750-3937d5f4aecb.jpg?v=1784007081,kaleidoscope-bubble-bloom-hoodie-cutout.png
kaleidoscope-bubble-bloom-hoodie,9561410207971,2,0,https://cdn.shopify.com/s/files/1/0788/2358/8067/files/155733-036ca12f-e8ac-448f-afaf-5302f43a95d1.jpg?v=1784007082,kaleidoscope-bubble-bloom-hoodie-cutout.png
kaleidoscope-bubble-bloom-hoodie,9561410207971,3,0,https://cdn.shopify.com/s/files/1/0788/2358/8067/files/155733-892bf76d-599f-4e59-b20a-0d6df84fd07f.jpg?v=1784007084,kaleidoscope-bubble-bloom-hoodie-cutout.png
kaleidoscope-bubble-bloom-hoodie,9561410207971,4,0,https://cdn.shopify.com/s/files/1/0788/2358/8067/files/155733-ea33e326-98b6-4e57-aae7-2a58564b81c6.jpg?v=1784007085,kaleidoscope-bubble-bloom-hoodie-cutout.png
kaleidoscope-bubble-bloom-hoodie,9561410207971,5,0,https://cdn.shopify.com/s/files/1/0788/2358/8067/files/8e0a7853-ded9-4cf8-9a74-fed30c8e0f9c_c5327789-d66c-4cfb-8622-b26cdff98cb7.png?v=1784007085,kaleidoscope-bubble-bloom-hoodie-cutout.png
kaleidoscope-mosaic-boots,9175875518691,0,1,https://cdn.shopify.com/s/files/1/0788/2358/8067/files/charismatic-camo-plush-boots-for-urban-maximalists-bold-abstract-print-mens-winter-shoes-non-slip-rubber-sole-warm-tactical-statement-footwear-6373655.png?v=1782724506,kaleidoscope-mosaic-boots-cutout.png
kaleidoscope-mosaic-boots,9175875518691,1,0,https://cdn.shopify.com/s/files/1/0788/2358/8067/files/54680944-il_fullxfull.7691834598_oa2m.jpg?v=1774790945,kaleidoscope-mosaic-boots-cutout.png
kaleidoscope-mosaic-boots,9175875518691,2,0,https://cdn.shopify.com/s/files/1/0788/2358/8067/files/dffc278c-il_fullxfull.7739778809_dgyw.jpg?v=1774790945,kaleidoscope-mosaic-boots-cutout.png
kaleidoscope-mosaic-boots,9175875518691,3,0,https://cdn.shopify.com/s/files/1/0788/2358/8067/files/6515dbc7-il_fullxfull.7739778775_lvof.jpg?v=1774790945,kaleidoscope-mosaic-boots-cutout.png
kaleidoscope-mosaic-boots,9175875518691,4,0,https://cdn.shopify.com/s/files/1/0788/2358/8067/files/ef93726f-il_fullxfull.7739778733_d60x.jpg?v=1774790945,kaleidoscope-mosaic-boots-cutout.png
kinetic-collage-beach-towel,9175880106211,0,1,https://cdn.shopify.com/s/files/1/0788/2358/8067/files/maximalist-beach-towel-for-art-forward-summer-dressers-abstract-paint-splash-aop-microfiber-festival-pool-gear-bold-summer-accessory-7398852.png?v=1782724390,kinetic-collage-beach-towel-cutout.png
kinetic-collage-beach-towel,9175880106211,1,0,https://cdn.shopify.com/s/files/1/0788/2358/8067/files/17b97b45-il_fullxfull.7724264585_5gnp.jpg?v=1774455920,kinetic-collage-beach-towel-cutout.png
kinetic-collage-beach-towel,9175880106211,2,0,https://cdn.shopify.com/s/files/1/0788/2358/8067/files/ff09513c-il_fullxfull.7724264917_3yhn.jpg?v=1774455974,kinetic-collage-beach-towel-cutout.png
kinetic-collage-watch-band,9191713538275,0,1,https://cdn.shopify.com/s/files/1/0788/2358/8067/files/52c0792ed915094850d170909a0f07b3.jpg?v=1774456194,kinetic-collage-watch-band-cutout.png
kinetic-collage-watch-band,9191713538275,1,0,https://cdn.shopify.com/s/files/1/0788/2358/8067/files/3cc4f25da36f2a2c0a6dd64161aa855e.jpg?v=1774456194,kinetic-collage-watch-band-cutout.png
kinetic-collage-watch-band,9191713538275,2,0,https://cdn.shopify.com/s/files/1/0788/2358/8067/files/aedf5493e52dbc57940bd32745d3708b.jpg?v=1774456195,kinetic-collage-watch-band-cutout.png
kinetic-collage-watch-band,9191713538275,3,0,https://cdn.shopify.com/s/files/1/0788/2358/8067/files/039750417b3615b1911d7e7b7c4dc3e3.jpg?v=1774456194,kinetic-collage-watch-band-cutout.png
kinetic-collage-watch-band,9191713538275,4,0,https://cdn.shopify.com/s/files/1/0788/2358/8067/files/99f6f884a7389c975c84bc2235390998.jpg?v=1774456194,kinetic-collage-watch-band-cutout.png
kinetic-collage-watch-band,9191713538275,5,0,https://cdn.shopify.com/s/files/1/0788/2358/8067/files/1342f6eb8054de51557dfd0cfc2dbd75.jpg?v=1774456194,kinetic-collage-watch-band-cutout.png
kinetic-collage-watch-band,9191713538275,6,0,https://cdn.shopify.com/s/files/1/0788/2358/8067/files/2eb34208d2242bcca317377379ccfb57.jpg?v=1774456194,kinetic-collage-watch-band-cutout.png
kinetic-collage-watch-band,9191713538275,7,0,https://cdn.shopify.com/s/files/1/0788/2358/8067/files/fb43477b9a30a577a46333e3a0d67d0e.jpg?v=1774456195,kinetic-collage-watch-band-cutout.png
kinetic-collage-watch-band,9191713538275,8,0,https://cdn.shopify.com/s/files/1/0788/2358/8067/files/e9e5f6bb46ad5bcf90fa30497673d593.jpg?v=1774456194,kinetic-collage-watch-band-cutout.png
knit-hat-all-over-printing-2,9260393136355,0,1,https://cdn.shopify.com/s/files/1/0788/2358/8067/files/maximalist-aop-beanie-for-streetwear-collectors-bold-print-knit-hat-festival-winter-wear-cold-weather-statement-piece-dopamine-dressing-6640147.png?v=1782724154,knit-hat-all-over-printing-2-cutout.png
knit-hat-all-over-printing-2,9260393136355,1,0,https://cdn.shopify.com/s/files/1/0788/2358/8067/files/maximalist-aop-beanie-for-streetwear-collectors-bold-print-knit-hat-festival-winter-wear-cold-weather-statement-piece-dopamine-dressing-7646200.jpg?v=1782724154,knit-hat-all-over-printing-2-cutout.png
knit-hat-all-over-printing-2,9260393136355,2,0,https://cdn.shopify.com/s/files/1/0788/2358/8067/files/maximalist-aop-beanie-for-streetwear-collectors-bold-print-knit-hat-festival-winter-wear-cold-weather-statement-piece-dopamine-dressing-8132765.jpg?v=1782724154,knit-hat-all-over-printing-2-cutout.png
knit-hat-all-over-printing-2,9260393136355,3,0,https://cdn.shopify.com/s/files/1/0788/2358/8067/files/maximalist-aop-beanie-for-streetwear-collectors-bold-print-knit-hat-festival-winter-wear-cold-weather-statement-piece-dopamine-dressing-8564355.jpg?v=1782724153,knit-hat-all-over-printing-2-cutout.png
knit-hat-all-over-printing-2,9260393136355,4,0,https://cdn.shopify.com/s/files/1/0788/2358/8067/files/maximalist-aop-beanie-for-streetwear-collectors-bold-print-knit-hat-festival-winter-wear-cold-weather-statement-piece-dopamine-dressing-5907274.jpg?v=1782724152,knit-hat-all-over-printing-2-cutout.png
knit-hat-all-over-printing-2,9260393136355,5,0,https://cdn.shopify.com/s/files/1/0788/2358/8067/files/maximalist-aop-beanie-for-streetwear-collectors-bold-print-knit-hat-festival-winter-wear-cold-weather-statement-piece-dopamine-dressing-8599187.jpg?v=1782724153,knit-hat-all-over-printing-2-cutout.png
knit-hat-all-over-printing-2,9260393136355,6,0,https://cdn.shopify.com/s/files/1/0788/2358/8067/files/maximalist-aop-beanie-for-streetwear-collectors-bold-print-knit-hat-festival-winter-wear-cold-weather-statement-piece-dopamine-dressing-5343665.jpg?v=1782724153,knit-hat-all-over-printing-2-cutout.png
knit-hat-all-over-printing-2,9260393136355,7,0,https://cdn.shopify.com/s/files/1/0788/2358/8067/files/maximalist-aop-beanie-for-streetwear-collectors-bold-print-knit-hat-festival-winter-wear-cold-weather-statement-piece-dopamine-dressing-3864327.jpg?v=1782724154,knit-hat-all-over-printing-2-cutout.png
knit-hat-all-over-printing-2,9260393136355,8,0,https://cdn.shopify.com/s/files/1/0788/2358/8067/files/maximalist-aop-beanie-for-streetwear-collectors-bold-print-knit-hat-festival-winter-wear-cold-weather-statement-piece-dopamine-dressing-4613219.jpg?v=1782724153,knit-hat-all-over-printing-2-cutout.png
knit-hat-all-over-printing-2,9260393136355,9,0,https://cdn.shopify.com/s/files/1/0788/2358/8067/files/maximalist-aop-beanie-for-streetwear-collectors-bold-print-knit-hat-festival-winter-wear-cold-weather-statement-piece-dopamine-dressing-4181835.jpg?v=1782724152,knit-hat-all-over-printing-2-cutout.png
leopard-spot-aop-hoodie,9261115277539,0,1,https://cdn.shopify.com/s/files/1/0788/2358/8067/files/leopard-spot-aop-hoodie-for-animal-print-maximalists-brown-cream-wild-print-pullover-autumn-street-style-statement-cozy-unisex-gift-for-her-or-him-7097887.png?v=1782724039,leopard-spot-aop-hoodie-cutout.png
leopard-spot-aop-hoodie,9261115277539,1,0,https://cdn.shopify.com/s/files/1/0788/2358/8067/files/leopard-spot-aop-hoodie-for-animal-print-maximalists-brown-cream-wild-print-pullover-autumn-street-style-statement-cozy-unisex-gift-for-her-or-him-6466169.jpg?v=1782724040,leopard-spot-aop-hoodie-cutout.png
leopard-spot-aop-hoodie,9261115277539,2,0,https://cdn.shopify.com/s/files/1/0788/2358/8067/files/leopard-spot-aop-hoodie-for-animal-print-maximalists-brown-cream-wild-print-pullover-autumn-street-style-statement-cozy-unisex-gift-for-her-or-him-6640844.jpg?v=1782724040,leopard-spot-aop-hoodie-cutout.png
leopard-spot-cut-sewn-hoodie,9261116457187,0,1,https://cdn.shopify.com/s/files/1/0788/2358/8067/files/leopard-spot-aop-pullover-hoodie-for-wild-street-style-dressers-brown-cream-animal-print-250gsm-poly-cut-and-sewn-3583974.jpg?v=1782724097,leopard-spot-cut-sewn-hoodie-cutout.png
leopard-spot-cut-sewn-hoodie,9261116457187,1,0,https://cdn.shopify.com/s/files/1/0788/2358/8067/files/leopard-spot-aop-pullover-hoodie-for-wild-street-style-dressers-brown-cream-animal-print-250gsm-poly-cut-and-sewn-4871391.jpg?v=1782724096,leopard-spot-cut-sewn-hoodie-cutout.png
leopard-spot-cut-sewn-hoodie,9261116457187,2,0,https://cdn.shopify.com/s/files/1/0788/2358/8067/files/leopard-spot-aop-pullover-hoodie-for-wild-street-style-dressers-brown-cream-animal-print-250gsm-poly-cut-and-sewn-4376399.jpg?v=1782724097,leopard-spot-cut-sewn-hoodie-cutout.png
leopard-spot-cut-sewn-hoodie,9261116457187,3,0,https://cdn.shopify.com/s/files/1/0788/2358/8067/files/leopard-spot-aop-pullover-hoodie-for-wild-street-style-dressers-brown-cream-animal-print-250gsm-poly-cut-and-sewn-6246548.jpg?v=1782724096,leopard-spot-cut-sewn-hoodie-cutout.png
leopard-spot-cut-sewn-hoodie,9261116457187,4,0,https://cdn.shopify.com/s/files/1/0788/2358/8067/files/leopard-spot-aop-pullover-hoodie-for-wild-street-style-dressers-brown-cream-animal-print-250gsm-poly-cut-and-sewn-1067915.jpg?v=1782724096,leopard-spot-cut-sewn-hoodie-cutout.png
lightning-complex-blanket-60x80,9184218874083,0,1,https://cdn.shopify.com/s/files/1/0788/2358/8067/files/5694350e26907452c0c5a9b70247a7a3.jpg?v=1774455997,lightning-complex-blanket-60x80-cutout.png
lightning-complex-blanket-60x80,9184218874083,1,0,https://cdn.shopify.com/s/files/1/0788/2358/8067/files/d7c632ee591c08fd184da31bd00d9824.jpg?v=1774455997,lightning-complex-blanket-60x80-cutout.png
lightning-complex-blanket-60x80,9184218874083,2,0,https://cdn.shopify.com/s/files/1/0788/2358/8067/files/d11b25fd920925650b1bd3eb9bf540f2.jpg?v=1774455998,lightning-complex-blanket-60x80-cutout.png
lightning-complex-blanket-60x80,9184218874083,3,0,https://cdn.shopify.com/s/files/1/0788/2358/8067/files/105bf738e8d669ec42a9841a20995527.jpg?v=1774455997,lightning-complex-blanket-60x80-cutout.png
lightning-complex-blanket-60x80,9184218874083,4,0,https://cdn.shopify.com/s/files/1/0788/2358/8067/files/d0db753dbc7bdc34f03d078ba8789c99.jpg?v=1774455997,lightning-complex-blanket-60x80-cutout.png
lightning-complex-blanket-60x80,9184218874083,5,0,https://cdn.shopify.com/s/files/1/0788/2358/8067/files/177b4d75b7df61bbcd234715e1b86417.jpg?v=1774790404,lightning-complex-blanket-60x80-cutout.png
lightning-complex-blanket-60x80,9184218874083,6,0,https://cdn.shopify.com/s/files/1/0788/2358/8067/files/36a1f21bb165549c730b0842deb2ffbe.jpg?v=1774455997,lightning-complex-blanket-60x80-cutout.png
lightning-complex-blanket-60x80,9184218874083,7,0,https://cdn.shopify.com/s/files/1/0788/2358/8067/files/80d0f2a4d60cfc02d740ec3c79b87b14.jpg?v=1774455997,lightning-complex-blanket-60x80-cutout.png
lightning-complex-blanket-60x80,9184218874083,8,0,https://cdn.shopify.com/s/files/1/0788/2358/8067/files/e3a525138dc35e407bd9147ab550330e_68cb9d3d-9f76-46b5-9d79-1777e9712e55.jpg?v=1774455997,lightning-complex-blanket-60x80-cutout.png
lightning-complex-blanket-70x80,9184219070691,0,1,https://cdn.shopify.com/s/files/1/0788/2358/8067/files/27f42ab3812bc19263fcb4c7304e2657.jpg?v=1774455998,lightning-complex-blanket-70x80-cutout.png
lightning-complex-blanket-70x80,9184219070691,1,0,https://cdn.shopify.com/s/files/1/0788/2358/8067/files/77ef4dbda66e1374b79ada04fead51a8.jpg?v=1774455998,lightning-complex-blanket-70x80-cutout.png
lightning-complex-blanket-70x80,9184219070691,2,0,https://cdn.shopify.com/s/files/1/0788/2358/8067/files/2c5993f96dc85e2748a3bbd2e2b24ee6.jpg?v=1774455998,lightning-complex-blanket-70x80-cutout.png
lightning-complex-blanket-70x80,9184219070691,3,0,https://cdn.shopify.com/s/files/1/0788/2358/8067/files/32291de9c9d6c4183a7030bdf53049d8.jpg?v=1774455998,lightning-complex-blanket-70x80-cutout.png
lightning-complex-blanket-70x80,9184219070691,4,0,https://cdn.shopify.com/s/files/1/0788/2358/8067/files/71ee78eb565dff9bdff8f45676a2c98b.jpg?v=1774455998,lightning-complex-blanket-70x80-cutout.png
lightning-complex-blanket-70x80,9184219070691,5,0,https://cdn.shopify.com/s/files/1/0788/2358/8067/files/36d592e800f54045d39dc26947b09f08.jpg?v=1774790344,lightning-complex-blanket-70x80-cutout.png
lightning-complex-blanket-70x80,9184219070691,6,0,https://cdn.shopify.com/s/files/1/0788/2358/8067/files/00bc4e452b4e250697f1f66089e256a2.jpg?v=1774455998,lightning-complex-blanket-70x80-cutout.png
lightning-complex-blanket-70x80,9184219070691,7,0,https://cdn.shopify.com/s/files/1/0788/2358/8067/files/6f20d11eefb3c0945acbf0a0a7d264d9.jpg?v=1774455998,lightning-complex-blanket-70x80-cutout.png
lightning-complex-blanket-70x80,9184219070691,8,0,https://cdn.shopify.com/s/files/1/0788/2358/8067/files/e3a525138dc35e407bd9147ab550330e_fdd4b7aa-2642-4547-849b-6828f0103642.jpg?v=1774455998,lightning-complex-blanket-70x80-cutout.png
lightning-complex-throw-30x40,9184219234531,0,1,https://cdn.shopify.com/s/files/1/0788/2358/8067/files/d95fcf23e6f9012d11a9c3e73a75ee05.jpg?v=1774456094,lightning-complex-throw-30x40-cutout.png
lightning-complex-throw-30x40,9184219234531,1,0,https://cdn.shopify.com/s/files/1/0788/2358/8067/files/52e61df1e6dba261d0741902b1635600.jpg?v=1774456095,lightning-complex-throw-30x40-cutout.png
lightning-complex-throw-30x40,9184219234531,2,0,https://cdn.shopify.com/s/files/1/0788/2358/8067/files/40cb055cf68ec712d850ae8ebf07bb3f.jpg?v=1774456094,lightning-complex-throw-30x40-cutout.png
lightning-complex-throw-30x40,9184219234531,3,0,https://cdn.shopify.com/s/files/1/0788/2358/8067/files/fbf5a59e321580cd038b8761f995bd89.jpg?v=1774456094,lightning-complex-throw-30x40-cutout.png
lightning-complex-throw-30x40,9184219234531,4,0,https://cdn.shopify.com/s/files/1/0788/2358/8067/files/517041007fa5add0577fef271c2edefa.jpg?v=1774456094,lightning-complex-throw-30x40-cutout.png
lightning-complex-throw-30x40,9184219234531,5,0,https://cdn.shopify.com/s/files/1/0788/2358/8067/files/8255523a918d3aff3320aec9a0af6900.jpg?v=1774790405,lightning-complex-throw-30x40-cutout.png
lightning-complex-throw-30x40,9184219234531,6,0,https://cdn.shopify.com/s/files/1/0788/2358/8067/files/031928a6838662b759fd96b99deb4555.jpg?v=1774456095,lightning-complex-throw-30x40-cutout.png
lightning-complex-throw-30x40,9184219234531,7,0,https://cdn.shopify.com/s/files/1/0788/2358/8067/files/2558457ae41db8218c1d952f7441ac13.jpg?v=1774456094,lightning-complex-throw-30x40-cutout.png
lightning-complex-throw-30x40,9184219234531,8,0,https://cdn.shopify.com/s/files/1/0788/2358/8067/files/e3a525138dc35e407bd9147ab550330e_a2addf03-ad6e-419d-aefc-a8c06e7ae672.jpg?v=1774456094,lightning-complex-throw-30x40-cutout.png
lightning-complex-throw-40x50,9184219365603,0,1,https://cdn.shopify.com/s/files/1/0788/2358/8067/files/fceec3346e9bebd072467a029d38ab13.jpg?v=1774456095,lightning-complex-throw-40x50-cutout.png
lightning-complex-throw-40x50,9184219365603,1,0,https://cdn.shopify.com/s/files/1/0788/2358/8067/files/df7d553c99d1c2a95db748d683b29831.jpg?v=1774456095,lightning-complex-throw-40x50-cutout.png
lightning-complex-throw-40x50,9184219365603,2,0,https://cdn.shopify.com/s/files/1/0788/2358/8067/files/1b364241c910d0a3e97e43bbb908aabd.jpg?v=1774456095,lightning-complex-throw-40x50-cutout.png
lightning-complex-throw-40x50,9184219365603,3,0,https://cdn.shopify.com/s/files/1/0788/2358/8067/files/a2f79435c6e133cb78f852ef2f9047db.jpg?v=1774456094,lightning-complex-throw-40x50-cutout.png
lightning-complex-throw-40x50,9184219365603,4,0,https://cdn.shopify.com/s/files/1/0788/2358/8067/files/28749c83bf5217b7dfac133bde3b598f.jpg?v=1774456095,lightning-complex-throw-40x50-cutout.png
lightning-complex-throw-40x50,9184219365603,5,0,https://cdn.shopify.com/s/files/1/0788/2358/8067/files/c56847d7d6154efd2dc06a7e9acf92a7.jpg?v=1774456094,lightning-complex-throw-40x50-cutout.png
lightning-complex-throw-40x50,9184219365603,6,0,https://cdn.shopify.com/s/files/1/0788/2358/8067/files/0ab74e3d3e0e6365296186590bd177bb.jpg?v=1774456094,lightning-complex-throw-40x50-cutout.png
lightning-complex-throw-40x50,9184219365603,7,0,https://cdn.shopify.com/s/files/1/0788/2358/8067/files/7d5e6424568994dceea3278f44562354.jpg?v=1774456095,lightning-complex-throw-40x50-cutout.png
lightning-complex-throw-40x50,9184219365603,8,0,https://cdn.shopify.com/s/files/1/0788/2358/8067/files/319a24ed8360907d2af40a0b2c82a6c9.jpg?v=1774456095,lightning-complex-throw-40x50-cutout.png
lightning-complex-throw-50x60,9184219398371,0,1,https://cdn.shopify.com/s/files/1/0788/2358/8067/files/c40df9cee4552bb6104448cb8479cd9c.jpg?v=1774456095,lightning-complex-throw-50x60-cutout.png
lightning-complex-throw-50x60,9184219398371,1,0,https://cdn.shopify.com/s/files/1/0788/2358/8067/files/2a138b7e044a91259271a53525fc92f2.jpg?v=1774456095,lightning-complex-throw-50x60-cutout.png
lightning-complex-throw-50x60,9184219398371,2,0,https://cdn.shopify.com/s/files/1/0788/2358/8067/files/d6f5d839000442afeb9b05723b9f10fd.jpg?v=1774456095,lightning-complex-throw-50x60-cutout.png
lightning-complex-throw-50x60,9184219398371,3,0,https://cdn.shopify.com/s/files/1/0788/2358/8067/files/cb193fd47c7df1b801d987901a8ecd5e.jpg?v=1774456095,lightning-complex-throw-50x60-cutout.png
lightning-complex-throw-50x60,9184219398371,4,0,https://cdn.shopify.com/s/files/1/0788/2358/8067/files/c605143a54826023673714fb2ceeca1c.jpg?v=1774456095,lightning-complex-throw-50x60-cutout.png
lightning-complex-throw-50x60,9184219398371,5,0,https://cdn.shopify.com/s/files/1/0788/2358/8067/files/ee291756bcd7bda69c0633117e74aa2d.jpg?v=1774456095,lightning-complex-throw-50x60-cutout.png
lightning-complex-throw-50x60,9184219398371,6,0,https://cdn.shopify.com/s/files/1/0788/2358/8067/files/1165a16f766627871d379fd61c502616.jpg?v=1774456095,lightning-complex-throw-50x60-cutout.png
lightning-complex-throw-50x60,9184219398371,7,0,https://cdn.shopify.com/s/files/1/0788/2358/8067/files/894ee53bbe4bf982a0afc9d43ed5ac2c.jpg?v=1774456095,lightning-complex-throw-50x60-cutout.png
lightning-complex-throw-50x60,9184219398371,8,0,https://cdn.shopify.com/s/files/1/0788/2358/8067/files/13ad4a25b1231c3cebfdf05e6821a54b.jpg?v=1774456095,lightning-complex-throw-50x60-cutout.png
lightning-complex-throw-50x60,9184219398371,9,0,https://cdn.shopify.com/s/files/1/0788/2358/8067/files/aa7ff1ef592db7a5d1584256cebfc661.jpg?v=1774456095,lightning-complex-throw-50x60-cutout.png
lightning-complex-throw-50x60,9184219398371,10,0,https://cdn.shopify.com/s/files/1/0788/2358/8067/files/bcd73787b5673aafee7eee3d49702de6.jpg?v=1774456095,lightning-complex-throw-50x60-cutout.png
lightning-strike-henley,9175876010211,0,1,https://cdn.shopify.com/s/files/1/0788/2358/8067/files/mens-lightning-aop-henley-shirt-for-maximalist-cyberpunk-streetwear-dressers-long-sleeve-bold-print-statement-top-2814187.png?v=1782724507,lightning-strike-henley-cutout.png
lightning-strike-henley,9175876010211,1,0,https://cdn.shopify.com/s/files/1/0788/2358/8067/files/aac6a81b-il_fullxfull.7756073683_qyno.jpg?v=1774790893,lightning-strike-henley-cutout.png
lightning-strike-henley,9175876010211,2,0,https://cdn.shopify.com/s/files/1/0788/2358/8067/files/6ef2c052-il_fullxfull.7708133354_d93b.jpg?v=1774790893,lightning-strike-henley-cutout.png
lightning-strike-henley,9175876010211,3,0,https://cdn.shopify.com/s/files/1/0788/2358/8067/files/1a310f63-il_fullxfull.7756073533_5pgj.jpg?v=1774790893,lightning-strike-henley-cutout.png
lightning-strike-henley,9175876010211,4,0,https://cdn.shopify.com/s/files/1/0788/2358/8067/files/ead05789-il_fullxfull.7708134250_l45a.jpg?v=1774790893,lightning-strike-henley-cutout.png
lightning-strike-henley,9175876010211,5,0,https://cdn.shopify.com/s/files/1/0788/2358/8067/files/7ac945d0-il_fullxfull.7756073699_301e.jpg?v=1774790893,lightning-strike-henley-cutout.png
lightning-strike-henley,9175876010211,6,0,https://cdn.shopify.com/s/files/1/0788/2358/8067/files/a64c24a7-il_fullxfull.7756075187_55sj.jpg?v=1774790893,lightning-strike-henley-cutout.png
lightning-strike-henley,9175876010211,7,0,https://cdn.shopify.com/s/files/1/0788/2358/8067/files/4fe99a3b-il_fullxfull.7708134462_mdvp.jpg?v=1774790893,lightning-strike-henley-cutout.png
linen-cell-vexel-svg,9260747129059,0,1,https://cdn.shopify.com/s/files/1/0788/2358/8067/files/linen_cell_vexel_v52.svg?v=1778522531,linen-cell-vexel-svg-cutout.png
liquid-flow-baseball-jersey,9193881469155,0,1,https://cdn.shopify.com/s/files/1/0788/2358/8067/files/holographic-collectors-card-baseball-jersey-all-over-print-5482867.png?v=1778285946,liquid-flow-baseball-jersey-cutout.png
liquid-flow-baseball-jersey,9193881469155,1,0,https://cdn.shopify.com/s/files/1/0788/2358/8067/files/155733-c78599d8-84a1-4558-acec-a7c75e054a9f.jpg?v=1774789575,liquid-flow-baseball-jersey-cutout.png
liquid-flow-baseball-jersey,9193881469155,2,0,https://cdn.shopify.com/s/files/1/0788/2358/8067/files/155733-8fc4b1df-df42-40d2-ae0c-7a5b36a29b74.jpg?v=1774789575,liquid-flow-baseball-jersey-cutout.png
liquid-flow-baseball-jersey,9193881469155,3,0,https://cdn.shopify.com/s/files/1/0788/2358/8067/files/155733-892b39bc-bb8e-4529-8792-2e82b86549b7.jpg?v=1774789575,liquid-flow-baseball-jersey-cutout.png
liquid-flow-baseball-jersey,9193881469155,4,0,https://cdn.shopify.com/s/files/1/0788/2358/8067/files/155733-17833f8f-44e2-418d-9006-e9904495d860.jpg?v=1774789575,liquid-flow-baseball-jersey-cutout.png
liquid-flow-baseball-jersey,9193881469155,5,0,https://cdn.shopify.com/s/files/1/0788/2358/8067/files/155733-3896437b-8766-4e46-af3e-3b36076696a5.jpg?v=1774789575,liquid-flow-baseball-jersey-cutout.png
liquid-flow-baseball-jersey,9193881469155,6,0,https://cdn.shopify.com/s/files/1/0788/2358/8067/files/155733-22e2d0d4-85f7-4f64-b615-1ed13932fb3a.jpg?v=1774789575,liquid-flow-baseball-jersey-cutout.png
liquid-glitch-beanie,9175875944675,0,1,https://cdn.shopify.com/s/files/1/0788/2358/8067/files/liquid-glitch-beanie-maximalist-graffiti-streetwear-hat-9487129.png?v=1776796989,liquid-glitch-beanie-cutout.png
liquid-glitch-beanie,9175875944675,1,0,https://cdn.shopify.com/s/files/1/0788/2358/8067/files/77d9cb3d-il_fullxfull.7775049097_cthw.jpg?v=1776724674,liquid-glitch-beanie-cutout.png
liquid-glitch-beanie,9175875944675,2,0,https://cdn.shopify.com/s/files/1/0788/2358/8067/files/79c21a4e-il_fullxfull.7775049197_iyem.jpg?v=1776724674,liquid-glitch-beanie-cutout.png
liquid-glitch-beanie,9175875944675,3,0,https://cdn.shopify.com/s/files/1/0788/2358/8067/files/1bb3475f-il_fullxfull.7775049227_h6ei.jpg?v=1776724674,liquid-glitch-beanie-cutout.png
liquid-glitch-beanie,9175875944675,4,0,https://cdn.shopify.com/s/files/1/0788/2358/8067/files/00700cb3-il_fullxfull.7727104510_snbp.jpg?v=1776724674,liquid-glitch-beanie-cutout.png
liquid-glitch-beanie,9175875944675,5,0,https://cdn.shopify.com/s/files/1/0788/2358/8067/files/786abf66-il_fullxfull.7775049223_1bho.jpg?v=1776724674,liquid-glitch-beanie-cutout.png
liquid-glitch-beanie,9175875944675,6,0,https://cdn.shopify.com/s/files/1/0788/2358/8067/files/62cac603-il_fullxfull.7739782533_r99v.jpg?v=1776724674,liquid-glitch-beanie-cutout.png
liquid-glitch-beanie,9175875944675,7,0,https://cdn.shopify.com/s/files/1/0788/2358/8067/files/2ef43839-il_fullxfull.7691838370_29w8.jpg?v=1776724674,liquid-glitch-beanie-cutout.png
liquid-glitch-beanie,9175875944675,8,0,https://cdn.shopify.com/s/files/1/0788/2358/8067/files/0ca2ec79-il_fullxfull.7739782473_4aos.jpg?v=1776724674,liquid-glitch-beanie-cutout.png
liquid-glitch-beanie,9175875944675,9,0,https://cdn.shopify.com/s/files/1/0788/2358/8067/files/a2c7577b-il_fullxfull.7691838294_psgd.jpg?v=1776724674,liquid-glitch-beanie-cutout.png
liquid-glitch-beanie,9175875944675,10,0,https://cdn.shopify.com/s/files/1/0788/2358/8067/files/055fee6a-il_fullxfull.7739782381_6ioc.jpg?v=1776724674,liquid-glitch-beanie-cutout.png
liquid-glitch-snapback,9297183506659,0,1,https://cdn.shopify.com/s/files/1/0788/2358/8067/files/liquid-glitch-flat-brim-cap-warped-neon-scanline-aop-snapback-for-glitchcore-streetwear-heads-7724802.jpg?v=1782724148,liquid-glitch-snapback-cutout.png
liquid-glitch-snapback,9297183506659,1,0,https://cdn.shopify.com/s/files/1/0788/2358/8067/files/liquid-glitch-flat-brim-cap-warped-neon-scanline-aop-snapback-for-glitchcore-streetwear-heads-7146675.jpg?v=1782724148,liquid-glitch-snapback-cutout.png
liquid-glitch-snapback,9297183506659,2,0,https://cdn.shopify.com/s/files/1/0788/2358/8067/files/liquid-glitch-flat-brim-cap-warped-neon-scanline-aop-snapback-for-glitchcore-streetwear-heads-2049130.jpg?v=1782724148,liquid-glitch-snapback-cutout.png
liquid-groove-button-up-shirt,9301029028067,0,1,https://cdn.shopify.com/s/files/1/0788/2358/8067/files/maximalist-statement-shirt-for-the-polished-rebel-bold-print-button-up-art-forward-workwear-creative-director-uniform-wine-country-style-2709376.jpg?v=1782724088,liquid-groove-button-up-shirt-cutout.png
liquid-groove-button-up-shirt,9301029028067,1,0,https://cdn.shopify.com/s/files/1/0788/2358/8067/files/maximalist-statement-shirt-for-the-polished-rebel-bold-print-button-up-art-forward-workwear-creative-director-uniform-wine-country-style-7602626.jpg?v=1782724088,liquid-groove-button-up-shirt-cutout.png
liquid-groove-button-up-shirt,9301029028067,2,0,https://cdn.shopify.com/s/files/1/0788/2358/8067/files/maximalist-statement-shirt-for-the-polished-rebel-bold-print-button-up-art-forward-workwear-creative-director-uniform-wine-country-style-1286866.png?v=1782724088,liquid-groove-button-up-shirt-cutout.png
liquid-marble-swirl-cargo-pants,9528488526051,0,1,https://cdn.shopify.com/s/files/1/0788/2358/8067/files/all-over-print-mens-cargo-pants-9748844.jpg?v=1782724027,liquid-marble-swirl-cargo-pants-cutout.png
liquid-marble-swirl-cargo-pants,9528488526051,1,0,https://cdn.shopify.com/s/files/1/0788/2358/8067/files/all-over-print-mens-cargo-pants-9449374.jpg?v=1782724028,liquid-marble-swirl-cargo-pants-cutout.png
magnetic-maiden-mesh-top,9175879188707,0,1,https://cdn.shopify.com/s/files/1/0788/2358/8067/files/magnetic-maiden-aop-mesh-top-ethereal-long-sleeve-womens-7121906.png?v=1782724387,magnetic-maiden-mesh-top-cutout.png
magnetic-maiden-mesh-top,9175879188707,1,0,https://cdn.shopify.com/s/files/1/0788/2358/8067/files/28254652-il_fullxfull.7676318738_c3s0.jpg?v=1774790711,magnetic-maiden-mesh-top-cutout.png
magnetic-maiden-mesh-top,9175879188707,2,0,https://cdn.shopify.com/s/files/1/0788/2358/8067/files/9b9b4a71-il_fullxfull.7676319076_i4wm.jpg?v=1774790711,magnetic-maiden-mesh-top-cutout.png
magnetic-maiden-mesh-top,9175879188707,3,0,https://cdn.shopify.com/s/files/1/0788/2358/8067/files/c92fd922-il_fullxfull.7724266347_g194.jpg?v=1774790712,magnetic-maiden-mesh-top-cutout.png
magnetic-maiden-mesh-top,9175879188707,4,0,https://cdn.shopify.com/s/files/1/0788/2358/8067/files/152d1a91-il_fullxfull.7676319644_6jbu.jpg?v=1774790711,magnetic-maiden-mesh-top-cutout.png
magnetic-sea-fleece-hoodie,9175876239587,0,1,https://cdn.shopify.com/s/files/1/0788/2358/8067/files/magentic-sea-aop-thicken-pullover-hoodie-8197005.png?v=1777788787,magnetic-sea-fleece-hoodie-cutout.png
magnetic-sea-fleece-hoodie,9175876239587,1,0,https://cdn.shopify.com/s/files/1/0788/2358/8067/files/41c6508f-il_fullxfull.7691859826_nj0u.jpg?v=1774790770,magnetic-sea-fleece-hoodie-cutout.png
magnetic-sea-fleece-hoodie,9175876239587,2,0,https://cdn.shopify.com/s/files/1/0788/2358/8067/files/f15826e5-il_fullxfull.7691859776_mt2f.jpg?v=1774790770,magnetic-sea-fleece-hoodie-cutout.png
magnetic-sea-fleece-hoodie,9175876239587,3,0,https://cdn.shopify.com/s/files/1/0788/2358/8067/files/409a8662-il_fullxfull.7691859724_a4q2.jpg?v=1774790770,magnetic-sea-fleece-hoodie-cutout.png
magnetic-sea-fleece-hoodie,9175876239587,4,0,https://cdn.shopify.com/s/files/1/0788/2358/8067/files/b5563a56-il_fullxfull.7704593306_o98m.jpg?v=1774790770,magnetic-sea-fleece-hoodie-cutout.png
magnetic-sea-fleece-hoodie,9175876239587,5,0,https://cdn.shopify.com/s/files/1/0788/2358/8067/files/b819e7b5-il_fullxfull.7704593338_f91k.jpg?v=1774790770,magnetic-sea-fleece-hoodie-cutout.png
magnetic-sea-fleece-hoodie,9175876239587,6,0,https://cdn.shopify.com/s/files/1/0788/2358/8067/files/2e588aa5-il_fullxfull.7752532601_k7bj.jpg?v=1774790770,magnetic-sea-fleece-hoodie-cutout.png
magnetic-sea-fleece-hoodie,9175876239587,7,0,https://cdn.shopify.com/s/files/1/0788/2358/8067/files/606b03db-il_fullxfull.7752532619_38yk.jpg?v=1774790770,magnetic-sea-fleece-hoodie-cutout.png
magnetic-sea-fleece-hoodie,9175876239587,8,0,https://cdn.shopify.com/s/files/1/0788/2358/8067/files/573f4a1e-il_fullxfull.7752532633_ehu0.jpg?v=1774790770,magnetic-sea-fleece-hoodie-cutout.png
mandala-collection-svg-bundle-73-cut-files,9529610830051,0,1,https://cdn.shopify.com/s/files/1/0788/2358/8067/files/mandala-collection-73-svg-bundle-for-cricut-sublimation-pod-mandala-zentangle-designs-5828130.png?v=1782815106,mandala-collection-svg-bundle-73-cut-files-cutout.png
maximalist-decor-svg-bundle-800-cut-files,9529610174691,0,1,https://cdn.shopify.com/s/files/1/0788/2358/8067/files/maximalist-dopamine-decor-800-svg-bundle-for-cricut-sublimation-pod-bold-psychedelic-tie-dye-dopamine-decor-art-1549914.png?v=1782815106,maximalist-decor-svg-bundle-800-cut-files-cutout.png
melted-candy-cotton-crewneck,9225790423267,0,1,https://cdn.shopify.com/s/files/1/0788/2358/8067/files/melted-candy-all-over-print-unisex-sweatshirt-100-cotton-310gsm-4000233.jpg?v=1776796694,melted-candy-cotton-crewneck-cutout.png
melted-candy-cotton-crewneck,9225790423267,1,0,https://cdn.shopify.com/s/files/1/0788/2358/8067/files/melted-candy-all-over-print-unisex-sweatshirt-100-cotton-310gsm-1801046.jpg?v=1776769302,melted-candy-cotton-crewneck-cutout.png
melted-candy-cotton-crewneck,9225790423267,2,0,https://cdn.shopify.com/s/files/1/0788/2358/8067/files/melted-candy-all-over-print-unisex-sweatshirt-100-cotton-310gsm-5459998.png?v=1776769302,melted-candy-cotton-crewneck-cutout.png
melted-candy-cotton-crewneck,9225790423267,3,0,https://cdn.shopify.com/s/files/1/0788/2358/8067/files/melted-candy-all-over-print-unisex-sweatshirt-100-cotton-310gsm-2233095.png?v=1776769302,melted-candy-cotton-crewneck-cutout.png
melted-candy-cotton-crewneck,9225790423267,4,0,https://cdn.shopify.com/s/files/1/0788/2358/8067/files/melted-candy-all-over-print-unisex-sweatshirt-100-cotton-310gsm-4379663.png?v=1776769302,melted-candy-cotton-crewneck-cutout.png
melted-candy-cotton-crewneck,9225790423267,5,0,https://cdn.shopify.com/s/files/1/0788/2358/8067/files/melted-candy-all-over-print-unisex-sweatshirt-100-cotton-310gsm-6253233.jpg?v=1776769302,melted-candy-cotton-crewneck-cutout.png
melted-candy-cotton-crewneck,9225790423267,6,0,https://cdn.shopify.com/s/files/1/0788/2358/8067/files/melted-candy-all-over-print-unisex-sweatshirt-100-cotton-310gsm-8031014.jpg?v=1776769302,melted-candy-cotton-crewneck-cutout.png
melted-candy-cotton-crewneck,9225790423267,7,0,https://cdn.shopify.com/s/files/1/0788/2358/8067/files/melted-candy-all-over-print-unisex-sweatshirt-100-cotton-310gsm-8848752.jpg?v=1776769302,melted-candy-cotton-crewneck-cutout.png
melted-candy-cotton-crewneck,9225790423267,8,0,https://cdn.shopify.com/s/files/1/0788/2358/8067/files/melted-candy-all-over-print-unisex-sweatshirt-100-cotton-310gsm-8389041.jpg?v=1776769302,melted-candy-cotton-crewneck-cutout.png
melted-candy-cotton-crewneck,9225790423267,9,0,https://cdn.shopify.com/s/files/1/0788/2358/8067/files/melted-candy-all-over-print-unisex-sweatshirt-100-cotton-310gsm-1879626.jpg?v=1776769302,melted-candy-cotton-crewneck-cutout.png
melted-candy-cotton-crewneck,9225790423267,10,0,https://cdn.shopify.com/s/files/1/0788/2358/8067/files/all-over-print-unisex-o-neck-sweatshirt-310gsm-cotton-4403030.png?v=1776769302,melted-candy-cotton-crewneck-cutout.png
melted-candy-cotton-crewneck,9225790423267,11,0,https://cdn.shopify.com/s/files/1/0788/2358/8067/files/melted-candy-all-over-print-unisex-sweatshirt-100-cotton-310gsm-6591174.jpg?v=1776769302,melted-candy-cotton-crewneck-cutout.png
melted-neon-crayons-joggers,9237687173347,0,1,https://cdn.shopify.com/s/files/1/0788/2358/8067/files/melted-neon-crayons-all-over-print-athletic-joggers-3804614.png?v=1777788609,melted-neon-crayons-joggers-cutout.png
melted-neon-crayons-joggers,9237687173347,1,0,https://cdn.shopify.com/s/files/1/0788/2358/8067/files/melted-neon-crayons-all-over-print-athletic-joggers-1113674.png?v=1777705746,melted-neon-crayons-joggers-cutout.png
melted-neon-crayons-joggers,9237687173347,2,0,https://cdn.shopify.com/s/files/1/0788/2358/8067/files/melted-neon-crayons-athletic-joggers-comfy-sweatpants-workout-pants-lounge-wear-jogging-trousers-2945937.jpg?v=1777340467,melted-neon-crayons-joggers-cutout.png
melted-rainbow-longline-hoodie,9301030764771,0,1,https://cdn.shopify.com/s/files/1/0788/2358/8067/files/melted-rainbow-longline-hoodie-liquid-swirl-aop-heavy-fleece-tunic-for-psychedelic-loungewear-collectors-9386021.jpg?v=1782724209,melted-rainbow-longline-hoodie-cutout.png
melted-rainbow-longline-hoodie,9301030764771,1,0,https://cdn.shopify.com/s/files/1/0788/2358/8067/files/melted-rainbow-longline-hoodie-liquid-swirl-aop-heavy-fleece-tunic-for-psychedelic-loungewear-collectors-6636476.jpg?v=1782724208,melted-rainbow-longline-hoodie-cutout.png
melted-rainbow-longline-hoodie,9301030764771,2,0,https://cdn.shopify.com/s/files/1/0788/2358/8067/files/melted-rainbow-longline-hoodie-liquid-swirl-aop-heavy-fleece-tunic-for-psychedelic-loungewear-collectors-3767900.png?v=1782724208,melted-rainbow-longline-hoodie-cutout.png
mens-black-sole-canvas-shoes,9575026950371,0,1,https://cdn.shopify.com/s/files/1/0788/2358/8067/files/155733-7d2a9aac-39c2-4f91-93d9-2484bffb3151.jpg?v=1784840624,mens-black-sole-canvas-shoes-cutout.png
mens-black-sole-canvas-shoes,9575026950371,1,0,https://cdn.shopify.com/s/files/1/0788/2358/8067/files/155733-9159727f-0548-4672-9ebd-d3dbb5ac1483.jpg?v=1784840624,mens-black-sole-canvas-shoes-cutout.png
mens-black-sole-canvas-shoes,9575026950371,2,0,https://cdn.shopify.com/s/files/1/0788/2358/8067/files/155733-f7d07022-449f-4eeb-815e-28794694afd8.jpg?v=1784840626,mens-black-sole-canvas-shoes-cutout.png
mens-black-sole-canvas-shoes,9575026950371,3,0,https://cdn.shopify.com/s/files/1/0788/2358/8067/files/155733-56739bc5-fbad-4e3a-be4f-69b91c78aa71.jpg?v=1784840627,mens-black-sole-canvas-shoes-cutout.png
mens-black-sole-canvas-shoes,9575026950371,4,0,https://cdn.shopify.com/s/files/1/0788/2358/8067/files/155733-17b1d249-c4d3-4348-ac70-99c10d9372e4.jpg?v=1784840629,mens-black-sole-canvas-shoes-cutout.png
mens-black-sole-canvas-shoes,9575026950371,5,0,https://cdn.shopify.com/s/files/1/0788/2358/8067/files/155733-f64cc011-5bb0-4e3b-88e9-e9a5d9583974.jpg?v=1784840629,mens-black-sole-canvas-shoes-cutout.png
mens-black-sole-canvas-shoes,9575026950371,6,0,https://cdn.shopify.com/s/files/1/0788/2358/8067/files/9af22b98-b6b0-46ac-84eb-ebba76385c74.png?v=1784840629,mens-black-sole-canvas-shoes-cutout.png
mermaid-gems-skater-skirt,9214500241635,0,1,https://cdn.shopify.com/s/files/1/0788/2358/8067/files/skater-skirt-mermaid-gems-radiant-aqua-neon-splash-iridescent-rave-mini-skirt-3872592.png?v=1777788606,mermaid-gems-skater-skirt-cutout.png
mermaid-gems-skater-skirt,9214500241635,1,0,https://cdn.shopify.com/s/files/1/0788/2358/8067/files/gemini-2.5-flash-image-Keep_everything_from_the_selected_image_identical___the_same_person_same_facia-1_5.jpg?v=1776080526,mermaid-gems-skater-skirt-cutout.png
mermaid-gems-skater-skirt,9214500241635,2,0,https://cdn.shopify.com/s/files/1/0788/2358/8067/files/gemini-image-2-UGC_Plus-Size_Model_Accuracy_Prompt_Short_Create_a_hyper-realistic_professional_-0_4.jpg?v=1776080526,mermaid-gems-skater-skirt-cutout.png
mermaid-gems-skater-skirt,9214500241635,3,0,https://cdn.shopify.com/s/files/1/0788/2358/8067/files/6549006988473554115_2048.jpg?v=1776080527,mermaid-gems-skater-skirt-cutout.png
mermaid-gems-skater-skirt,9214500241635,4,0,https://cdn.shopify.com/s/files/1/0788/2358/8067/files/10093304451413242434_2048.jpg?v=1776080526,mermaid-gems-skater-skirt-cutout.png
midnight-wall-abstract-svg,9260745162979,0,1,https://cdn.shopify.com/s/files/1/0788/2358/8067/files/midnight_wall_abstract_v3.svg?v=1778523341,midnight-wall-abstract-svg-cutout.png
mixtape-pajama-pants,9175877877987,0,1,https://cdn.shopify.com/s/files/1/0788/2358/8067/files/90s-mixtape-pajama-pants-retro-music-lover-lounge-wear-8562785.png?v=1778286007,mixtape-pajama-pants-cutout.png
mixtape-pajama-pants,9175877877987,1,0,https://cdn.shopify.com/s/files/1/0788/2358/8067/files/05537872-il_fullxfull.7700762348_6ynd.jpg?v=1774790706,mixtape-pajama-pants-cutout.png
mixtape-pajama-pants,9175877877987,2,0,https://cdn.shopify.com/s/files/1/0788/2358/8067/files/f46e4f5a-il_fullxfull.7700762722_54n6.jpg?v=1774790706,mixtape-pajama-pants-cutout.png
mixtape-pajama-pants,9175877877987,3,0,https://cdn.shopify.com/s/files/1/0788/2358/8067/files/fe28a7ec-il_fullxfull.7700763152_6fr4.jpg?v=1774790706,mixtape-pajama-pants-cutout.png
mixtape-pajama-pants,9175877877987,4,0,https://cdn.shopify.com/s/files/1/0788/2358/8067/files/320ba976-il_fullxfull.7700763876_8csp.jpg?v=1774790706,mixtape-pajama-pants-cutout.png
mixtape-pajama-pants,9175877877987,5,0,https://cdn.shopify.com/s/files/1/0788/2358/8067/files/1d7a5653-il_fullxfull.7700764130_5bn9.jpg?v=1774790706,mixtape-pajama-pants-cutout.png
mixtape-pajama-pants,9175877877987,6,0,https://cdn.shopify.com/s/files/1/0788/2358/8067/files/f3e42f82-il_fullxfull.7748704135_p7t7.jpg?v=1774790706,mixtape-pajama-pants-cutout.png
mixtape-pajama-pants,9175877877987,7,0,https://cdn.shopify.com/s/files/1/0788/2358/8067/files/5dae82fc-il_fullxfull.7700764578_t791.jpg?v=1774790706,mixtape-pajama-pants-cutout.png
mixtape-pajama-pants,9175877877987,8,0,https://cdn.shopify.com/s/files/1/0788/2358/8067/files/6d501667-il_fullxfull.7700765074_nmh1.jpg?v=1774790706,mixtape-pajama-pants-cutout.png
mixtape-pajama-pants,9175877877987,9,0,https://cdn.shopify.com/s/files/1/0788/2358/8067/files/bba570e3-il_fullxfull.7724268489_i302.jpg?v=1774790706,mixtape-pajama-pants-cutout.png
mixtape-pajama-pants,9175877877987,10,0,https://cdn.shopify.com/s/files/1/0788/2358/8067/files/1a84fe90-il_fullxfull.7700765686_byfw.jpg?v=1774790706,mixtape-pajama-pants-cutout.png
molten-prism-wave-hoodie,9561437405411,0,1,https://cdn.shopify.com/s/files/1/0788/2358/8067/files/155733-0720c46f-5287-44fd-8dae-573299eb5740.jpg?v=1784010359,molten-prism-wave-hoodie-cutout.png
molten-prism-wave-hoodie,9561437405411,1,0,https://cdn.shopify.com/s/files/1/0788/2358/8067/files/155733-4ec6baa4-54e9-47a7-889b-35a3595c9b30.jpg?v=1784010360,molten-prism-wave-hoodie-cutout.png
molten-prism-wave-hoodie,9561437405411,2,0,https://cdn.shopify.com/s/files/1/0788/2358/8067/files/155733-9942b4af-9495-4825-9f4b-30053340fa0d.jpg?v=1784010361,molten-prism-wave-hoodie-cutout.png
molten-prism-wave-hoodie,9561437405411,3,0,https://cdn.shopify.com/s/files/1/0788/2358/8067/files/155733-d0fdfb8b-14eb-45b1-969c-11afab11978b.jpg?v=1784010361,molten-prism-wave-hoodie-cutout.png
molten-prism-wave-hoodie,9561437405411,4,0,https://cdn.shopify.com/s/files/1/0788/2358/8067/files/155733-b395cbb0-7ad1-4378-b51b-a2d9d315d9d0.jpg?v=1784010362,molten-prism-wave-hoodie-cutout.png
molten-prism-wave-hoodie,9561437405411,5,0,https://cdn.shopify.com/s/files/1/0788/2358/8067/files/8e0a7853-ded9-4cf8-9a74-fed30c8e0f9c_b28fb524-0790-43ed-b262-8212e2989d78.png?v=1784010363,molten-prism-wave-hoodie-cutout.png
monster-doodle-cotton-hoodie,9231538323683,0,1,https://cdn.shopify.com/s/files/1/0788/2358/8067/files/reptard-enraged-aop-unisex-pullover-hoodie-premium-comfort-100-cotton-7974953.png?v=1776796692,monster-doodle-cotton-hoodie-cutout.png
monster-doodle-cotton-hoodie,9231538323683,1,0,https://cdn.shopify.com/s/files/1/0788/2358/8067/files/all-over-print-unisex-pullover-hoodie-310gsm-cotton-3521240.png?v=1776746232,monster-doodle-cotton-hoodie-cutout.png
monster-doodle-cotton-hoodie,9231538323683,2,0,https://cdn.shopify.com/s/files/1/0788/2358/8067/files/all-over-print-unisex-pullover-hoodie-310gsm-cotton-5540957.jpg?v=1776746232,monster-doodle-cotton-hoodie-cutout.png
monster-doodle-cotton-hoodie,9231538323683,3,0,https://cdn.shopify.com/s/files/1/0788/2358/8067/files/all-over-print-unisex-pullover-hoodie-310gsm-cotton-5042268.jpg?v=1776746232,monster-doodle-cotton-hoodie-cutout.png
monster-doodle-cotton-hoodie,9231538323683,4,0,https://cdn.shopify.com/s/files/1/0788/2358/8067/files/all-over-print-unisex-pullover-hoodie-310gsm-cotton-8062275.jpg?v=1776746232,monster-doodle-cotton-hoodie-cutout.png
monster-doodle-cotton-hoodie,9231538323683,5,0,https://cdn.shopify.com/s/files/1/0788/2358/8067/files/all-over-print-unisex-pullover-hoodie-310gsm-cotton-7784047.jpg?v=1776746232,monster-doodle-cotton-hoodie-cutout.png
monster-doodle-cotton-hoodie,9231538323683,6,0,https://cdn.shopify.com/s/files/1/0788/2358/8067/files/all-over-print-unisex-pullover-hoodie-310gsm-cotton-4219118.jpg?v=1776746232,monster-doodle-cotton-hoodie-cutout.png
monster-doodle-cotton-hoodie,9231538323683,7,0,https://cdn.shopify.com/s/files/1/0788/2358/8067/files/all-over-print-unisex-pullover-hoodie-310gsm-cotton-2359601.jpg?v=1776746232,monster-doodle-cotton-hoodie-cutout.png
monster-doodle-cotton-hoodie,9231538323683,8,0,https://cdn.shopify.com/s/files/1/0788/2358/8067/files/all-over-print-unisex-pullover-hoodie-310gsm-cotton-4680199.jpg?v=1776746232,monster-doodle-cotton-hoodie-cutout.png
mood-shift-reversible-bucket-hat,9300105887971,0,1,https://cdn.shopify.com/s/files/1/0788/2358/8067/files/psychedelic-mood-shift-bucket-hat-for-festival-goers-reversible-trippy-headwear-cognitive-drift-rave-accessory-two-sided-art-hat-2058308.png?v=1782724035,mood-shift-reversible-bucket-hat-cutout.png
mood-shift-reversible-bucket-hat,9300105887971,1,0,https://cdn.shopify.com/s/files/1/0788/2358/8067/files/psychedelic-mood-shift-bucket-hat-for-festival-goers-reversible-trippy-headwear-cognitive-drift-rave-accessory-two-sided-art-hat-2579633.png?v=1782724034,mood-shift-reversible-bucket-hat-cutout.png
mood-shift-reversible-bucket-hat,9300105887971,2,0,https://cdn.shopify.com/s/files/1/0788/2358/8067/files/psychedelic-mood-shift-bucket-hat-for-festival-goers-reversible-trippy-headwear-cognitive-drift-rave-accessory-two-sided-art-hat-4900259.jpg?v=1782724035,mood-shift-reversible-bucket-hat-cutout.png
mood-shift-reversible-bucket-hat,9300105887971,3,0,https://cdn.shopify.com/s/files/1/0788/2358/8067/files/psychedelic-mood-shift-bucket-hat-for-festival-goers-reversible-trippy-headwear-cognitive-drift-rave-accessory-two-sided-art-hat-3546092.jpg?v=1782724035,mood-shift-reversible-bucket-hat-cutout.png
mood-shift-reversible-bucket-hat,9300105887971,4,0,https://cdn.shopify.com/s/files/1/0788/2358/8067/files/psychedelic-mood-shift-bucket-hat-for-festival-goers-reversible-trippy-headwear-cognitive-drift-rave-accessory-two-sided-art-hat-7620954.jpg?v=1782724034,mood-shift-reversible-bucket-hat-cutout.png
mood-shift-reversible-bucket-hat,9300105887971,5,0,https://cdn.shopify.com/s/files/1/0788/2358/8067/files/psychedelic-mood-shift-bucket-hat-for-festival-goers-reversible-trippy-headwear-cognitive-drift-rave-accessory-two-sided-art-hat-3673804.jpg?v=1782724034,mood-shift-reversible-bucket-hat-cutout.png
mood-shift-reversible-bucket-hat,9300105887971,6,0,https://cdn.shopify.com/s/files/1/0788/2358/8067/files/psychedelic-mood-shift-bucket-hat-for-festival-goers-reversible-trippy-headwear-cognitive-drift-rave-accessory-two-sided-art-hat-5821064.jpg?v=1782724211,mood-shift-reversible-bucket-hat-cutout.png
mood-shift-reversible-bucket-hat,9300105887971,7,0,https://cdn.shopify.com/s/files/1/0788/2358/8067/files/psychedelic-mood-shift-bucket-hat-for-festival-goers-reversible-trippy-headwear-cognitive-drift-rave-accessory-two-sided-art-hat-7455393.jpg?v=1782724035,mood-shift-reversible-bucket-hat-cutout.png
mood-shift-reversible-bucket-hat,9300105887971,8,0,https://cdn.shopify.com/s/files/1/0788/2358/8067/files/psychedelic-mood-shift-bucket-hat-for-festival-goers-reversible-trippy-headwear-cognitive-drift-rave-accessory-two-sided-art-hat-2506855.jpg?v=1782724210,mood-shift-reversible-bucket-hat-cutout.png
mood-shift-reversible-bucket-hat,9300105887971,9,0,https://cdn.shopify.com/s/files/1/0788/2358/8067/files/psychedelic-mood-shift-bucket-hat-for-festival-goers-reversible-trippy-headwear-cognitive-drift-rave-accessory-two-sided-art-hat-2403684.jpg?v=1782724035,mood-shift-reversible-bucket-hat-cutout.png
mood-shift-reversible-bucket-hat,9300105887971,10,0,https://cdn.shopify.com/s/files/1/0788/2358/8067/files/psychedelic-mood-shift-bucket-hat-for-festival-goers-reversible-trippy-headwear-cognitive-drift-rave-accessory-two-sided-art-hat-1332660.png?v=1782724034,mood-shift-reversible-bucket-hat-cutout.png
mood-shift-reversible-bucket-hat,9300105887971,11,0,https://cdn.shopify.com/s/files/1/0788/2358/8067/files/psychedelic-mood-shift-bucket-hat-for-festival-goers-reversible-trippy-headwear-cognitive-drift-rave-accessory-two-sided-art-hat-9147201.png?v=1782724035,mood-shift-reversible-bucket-hat-cutout.png
morningstar-at-night-hockey-jersey,9193889038563,0,1,https://cdn.shopify.com/s/files/1/0788/2358/8067/files/morningstar-at-night-aop-hockey-jersey-celestial-mesh-streetwear-4424673.png?v=1777788666,morningstar-at-night-hockey-jersey-cutout.png
morningstar-at-night-hockey-jersey,9193889038563,1,0,https://cdn.shopify.com/s/files/1/0788/2358/8067/files/155733-c6593b45-2f6e-4b1c-b9a3-25825476b453.jpg?v=1774789686,morningstar-at-night-hockey-jersey-cutout.png
morningstar-at-night-hockey-jersey,9193889038563,2,0,https://cdn.shopify.com/s/files/1/0788/2358/8067/files/155733-134c0e47-fd3c-4345-a932-4abd7183a736.jpg?v=1774789686,morningstar-at-night-hockey-jersey-cutout.png
morningstar-at-night-hockey-jersey,9193889038563,3,0,https://cdn.shopify.com/s/files/1/0788/2358/8067/files/155733-a56cb9af-762d-4eb8-a0e0-a5d7b26ad6b9.jpg?v=1774789686,morningstar-at-night-hockey-jersey-cutout.png
mosaic-carnival-racerback-dress,9260922044643,0,1,https://cdn.shopify.com/s/files/1/0788/2358/8067/files/mosaic-carnival-racerback-dress-colorful-collage-aop-cut-sew-bodycon-for-festival-season-6618531.jpg?v=1782724155,mosaic-carnival-racerback-dress-cutout.png
mosaic-carnival-racerback-dress,9260922044643,1,0,https://cdn.shopify.com/s/files/1/0788/2358/8067/files/mosaic-carnival-racerback-dress-colorful-collage-aop-cut-sew-bodycon-for-festival-season-3017501.jpg?v=1782724154,mosaic-carnival-racerback-dress-cutout.png
mosaic-carnival-racerback-dress,9260922044643,2,0,https://cdn.shopify.com/s/files/1/0788/2358/8067/files/mosaic-carnival-racerback-dress-colorful-collage-aop-cut-sew-bodycon-for-festival-season-6091168.jpg?v=1782724155,mosaic-carnival-racerback-dress-cutout.png
nature-landscape-svg-bundle-69-cut-files,9529610797283,0,1,https://cdn.shopify.com/s/files/1/0788/2358/8067/files/nature-landscape-69-svg-bundle-for-cricut-sublimation-pod-nature-mountain-landscape-vectors-8380651.png?v=1782815106,nature-landscape-svg-bundle-69-cut-files-cutout.png
navy-ink-bomb-camo-svg,9260747686115,0,1,https://cdn.shopify.com/s/files/1/0788/2358/8067/files/navy_ink_bomb_camo_v3_aaf41b7e-a657-4cc3-9c17-ffdb620e545a.svg?v=1778522236,navy-ink-bomb-camo-svg-cutout.png
neon-90s-cassette-tape-aop-jersey,9175875191011,0,1,https://cdn.shopify.com/s/files/1/0788/2358/8067/files/neon-90s-cassette-tape-aop-jersey-maximalist-streetwear-9539560.png?v=1782724509,neon-90s-cassette-tape-aop-jersey-cutout.png
neon-90s-cassette-tape-aop-jersey,9175875191011,1,0,https://cdn.shopify.com/s/files/1/0788/2358/8067/files/49a386bf-il_fullxfull.7816998183_shrn.jpg?v=1774790893,neon-90s-cassette-tape-aop-jersey-cutout.png
neon-90s-cassette-tape-aop-jersey,9175875191011,2,0,https://cdn.shopify.com/s/files/1/0788/2358/8067/files/ad99ab4a-il_fullxfull.7768976276_s1wq.jpg?v=1774790893,neon-90s-cassette-tape-aop-jersey-cutout.png
neon-90s-cassette-tape-aop-jersey,9175875191011,3,0,https://cdn.shopify.com/s/files/1/0788/2358/8067/files/5520685a-il_fullxfull.7769046202_5855.jpg?v=1774790893,neon-90s-cassette-tape-aop-jersey-cutout.png
neon-90s-cassette-tape-aop-jersey,9175875191011,4,0,https://cdn.shopify.com/s/files/1/0788/2358/8067/files/b20401b7-il_fullxfull.7816918705_lkle.jpg?v=1774790893,neon-90s-cassette-tape-aop-jersey-cutout.png
neon-90s-cassette-tape-aop-jersey,9175875191011,5,0,https://cdn.shopify.com/s/files/1/0788/2358/8067/files/97a7d74f-il_fullxfull.7816918829_djmr.jpg?v=1774790893,neon-90s-cassette-tape-aop-jersey-cutout.png
neon-90s-cassette-tape-aop-jersey,9175875191011,6,0,https://cdn.shopify.com/s/files/1/0788/2358/8067/files/4478fea0-il_fullxfull.7816988343_2l9q.jpg?v=1774790893,neon-90s-cassette-tape-aop-jersey-cutout.png
neon-90s-cassette-tape-aop-jersey,9175875191011,7,0,https://cdn.shopify.com/s/files/1/0788/2358/8067/files/a10a705d-il_fullxfull.7769053056_k1q3.jpg?v=1774790893,neon-90s-cassette-tape-aop-jersey-cutout.png
neon-90s-cassette-tape-aop-jersey,9175875191011,8,0,https://cdn.shopify.com/s/files/1/0788/2358/8067/files/84048206-il_fullxfull.7769053076_6l6x.jpg?v=1774790893,neon-90s-cassette-tape-aop-jersey-cutout.png
neon-90s-cassette-tape-aop-jersey,9175875191011,9,0,https://cdn.shopify.com/s/files/1/0788/2358/8067/files/0a1e425d-il_fullxfull.7769053138_5jyc.jpg?v=1774790893,neon-90s-cassette-tape-aop-jersey-cutout.png
neon-anemone-bucket-hat,9175874994403,0,1,https://cdn.shopify.com/s/files/1/0788/2358/8067/files/neon-anemone-aop-bucket-hat-electric-reef-print-s-l-7682584.png?v=1782724567,neon-anemone-bucket-hat-cutout.png
neon-anemone-bucket-hat,9175874994403,1,0,https://cdn.shopify.com/s/files/1/0788/2358/8067/files/811fcf76-il_fullxfull.7818137777_my92.jpg?v=1774790891,neon-anemone-bucket-hat-cutout.png
neon-anemone-bucket-hat,9175874994403,2,0,https://cdn.shopify.com/s/files/1/0788/2358/8067/files/7320e741-il_fullxfull.7815590541_psns.jpg?v=1774455744,neon-anemone-bucket-hat-cutout.png
neon-anemone-bucket-hat,9175874994403,3,0,https://cdn.shopify.com/s/files/1/0788/2358/8067/files/86798e7d-il_fullxfull.7818135479_ghyv.jpg?v=1774790891,neon-anemone-bucket-hat-cutout.png
neon-anemone-bucket-hat,9175874994403,4,0,https://cdn.shopify.com/s/files/1/0788/2358/8067/files/1894f897-il_fullxfull.7818132049_cf71.jpg?v=1774790891,neon-anemone-bucket-hat-cutout.png
neon-anemone-bucket-hat,9175874994403,5,0,https://cdn.shopify.com/s/files/1/0788/2358/8067/files/46b952c9-il_fullxfull.7818133127_ja15.jpg?v=1774790891,neon-anemone-bucket-hat-cutout.png
neon-anemone-bucket-hat,9175874994403,6,0,https://cdn.shopify.com/s/files/1/0788/2358/8067/files/42cfe335-il_fullxfull.7770192540_gyt8.jpg?v=1774790891,neon-anemone-bucket-hat-cutout.png
neon-anemone-bucket-hat,9175874994403,7,0,https://cdn.shopify.com/s/files/1/0788/2358/8067/files/34eda6aa-il_fullxfull.7818132397_oy6i.jpg?v=1774790891,neon-anemone-bucket-hat-cutout.png
neon-anemone-bucket-hat,9175874994403,8,0,https://cdn.shopify.com/s/files/1/0788/2358/8067/files/e55cbcd2-il_fullxfull.7818132477_jzm2.jpg?v=1774790891,neon-anemone-bucket-hat-cutout.png
neon-anemone-bucket-hat,9175874994403,9,0,https://cdn.shopify.com/s/files/1/0788/2358/8067/files/1d4461d3-il_fullxfull.7770192824_c7yu.jpg?v=1774790891,neon-anemone-bucket-hat-cutout.png
neon-anemone-bucket-hat,9175874994403,10,0,https://cdn.shopify.com/s/files/1/0788/2358/8067/files/10246138-il_fullxfull.7818132553_7bka.jpg?v=1774790891,neon-anemone-bucket-hat-cutout.png
neon-bubble-mosaic-skater-dress,9175878926563,0,1,https://cdn.shopify.com/s/files/1/0788/2358/8067/files/a5eb58b5-il_fullxfull.7724264905_1vms.jpg?v=1774455901,neon-bubble-mosaic-skater-dress-cutout.png
neon-bubble-mosaic-skater-dress,9175878926563,1,0,https://cdn.shopify.com/s/files/1/0788/2358/8067/files/4c12c76f-il_fullxfull.7676318184_k8zf.jpg?v=1774455901,neon-bubble-mosaic-skater-dress-cutout.png
neon-bubble-mosaic-skater-dress,9175878926563,2,0,https://cdn.shopify.com/s/files/1/0788/2358/8067/files/da5a7f90-il_fullxfull.7724265561_pgy9.jpg?v=1774455877,neon-bubble-mosaic-skater-dress-cutout.png
neon-bubble-mosaic-skater-dress,9175878926563,3,0,https://cdn.shopify.com/s/files/1/0788/2358/8067/files/a0c5a295-il_fullxfull.7676319006_2g25.jpg?v=1774455876,neon-bubble-mosaic-skater-dress-cutout.png
neon-bubble-mosaic-skater-dress,9175878926563,4,0,https://cdn.shopify.com/s/files/1/0788/2358/8067/files/dc7069c9-il_fullxfull.7676319332_t6e4.jpg?v=1774455876,neon-bubble-mosaic-skater-dress-cutout.png
neon-bubble-mosaic-skater-dress,9175878926563,5,0,https://cdn.shopify.com/s/files/1/0788/2358/8067/files/b541970f-il_fullxfull.7676319650_1sew.jpg?v=1774455877,neon-bubble-mosaic-skater-dress-cutout.png
neon-bubble-mosaic-skater-dress,9175878926563,6,0,https://cdn.shopify.com/s/files/1/0788/2358/8067/files/a4ffc8c3-il_fullxfull.7724266883_s6ss.jpg?v=1774455876,neon-bubble-mosaic-skater-dress-cutout.png
neon-cell-aop-hoodie,9260924862691,0,1,https://cdn.shopify.com/s/files/1/0788/2358/8067/files/liquid-psychedelic-neon-cellular-aop-hoodie-by-dyles-mavis-abstract-maximalist-motif-pullover-electric-nightscape-print-5135554.png?v=1782724034,neon-cell-aop-hoodie-cutout.png
neon-cell-aop-hoodie,9260924862691,1,0,https://cdn.shopify.com/s/files/1/0788/2358/8067/files/liquid-psychedelic-neon-cellular-aop-hoodie-by-dyles-mavis-abstract-maximalist-motif-pullover-electric-nightscape-print-1603269.jpg?v=1782724035,neon-cell-aop-hoodie-cutout.png
neon-cell-aop-hoodie,9260924862691,2,0,https://cdn.shopify.com/s/files/1/0788/2358/8067/files/liquid-psychedelic-neon-cellular-aop-hoodie-by-dyles-mavis-abstract-maximalist-motif-pullover-electric-nightscape-print-7342626.jpg?v=1782724034,neon-cell-aop-hoodie-cutout.png
neon-cell-aop-hoodie,9260924862691,3,0,https://cdn.shopify.com/s/files/1/0788/2358/8067/files/liquid-psychedelic-neon-cellular-aop-hoodie-by-dyles-mavis-abstract-maximalist-motif-pullover-electric-nightscape-print-4773183.jpg?v=1782724033,neon-cell-aop-hoodie-cutout.png
neon-cell-aop-hoodie,9260924862691,4,0,https://cdn.shopify.com/s/files/1/0788/2358/8067/files/liquid-psychedelic-neon-cellular-aop-hoodie-by-dyles-mavis-abstract-maximalist-motif-pullover-electric-nightscape-print-5456251.jpg?v=1782724034,neon-cell-aop-hoodie-cutout.png
neon-cell-aop-hoodie,9260924862691,5,0,https://cdn.shopify.com/s/files/1/0788/2358/8067/files/liquid-psychedelic-neon-cellular-aop-hoodie-by-dyles-mavis-abstract-maximalist-motif-pullover-electric-nightscape-print-6234696.jpg?v=1782724034,neon-cell-aop-hoodie-cutout.png
neon-cellular-activity-hoodie,9214489854179,0,1,https://cdn.shopify.com/s/files/1/0788/2358/8067/files/neon-cellular-activity-aop-hoodie-digital-acrylic-pour-streetwear-9152008.png?v=1777788606,neon-cellular-activity-hoodie-cutout.png
neon-cellular-activity-hoodie,9214489854179,1,0,https://cdn.shopify.com/s/files/1/0788/2358/8067/files/neon-cellular-activity-mens-hoodie-bold-vibrant-swirls-flowing-cells-stylish-sweatshirt-colorful-outerwear-artistic-pullover-jacket-6465487.jpg?v=1776616933,neon-cellular-activity-hoodie-cutout.png
neon-cellular-activity-hoodie,9214489854179,2,0,https://cdn.shopify.com/s/files/1/0788/2358/8067/files/neon-cellular-activity-mens-hoodie-bold-vibrant-swirls-flowing-cells-stylish-sweatshirt-colorful-outerwear-artistic-pullover-jacket-9028327.jpg?v=1776616934,neon-cellular-activity-hoodie-cutout.png
neon-cellular-activity-hoodie,9214489854179,3,0,https://cdn.shopify.com/s/files/1/0788/2358/8067/files/neon-cellular-activity-mens-hoodie-bold-vibrant-swirls-flowing-cells-stylish-sweatshirt-colorful-outerwear-artistic-pullover-jacket-2652776.jpg?v=1776616933,neon-cellular-activity-hoodie-cutout.png
neon-cellular-activity-hoodie,9214489854179,4,0,https://cdn.shopify.com/s/files/1/0788/2358/8067/files/neon-cellular-activity-mens-hoodie-bold-vibrant-swirls-flowing-cells-stylish-sweatshirt-colorful-outerwear-artistic-pullover-jacket-8001854.jpg?v=1776616935,neon-cellular-activity-hoodie-cutout.png
neon-cellular-activity-hoodie,9214489854179,5,0,https://cdn.shopify.com/s/files/1/0788/2358/8067/files/neon-cellular-activity-mens-hoodie-bold-vibrant-swirls-flowing-cells-stylish-sweatshirt-colorful-outerwear-artistic-pullover-jacket-4242714.jpg?v=1776616933,neon-cellular-activity-hoodie-cutout.png
neon-cellular-activity-hoodie,9214489854179,6,0,https://cdn.shopify.com/s/files/1/0788/2358/8067/files/neon-cellular-activity-mens-hoodie-bold-vibrant-swirls-flowing-cells-stylish-sweatshirt-colorful-outerwear-artistic-pullover-jacket-8051333.jpg?v=1776616934,neon-cellular-activity-hoodie-cutout.png
neon-cellular-activity-hoodie,9214489854179,7,0,https://cdn.shopify.com/s/files/1/0788/2358/8067/files/neon-cellular-activity-mens-hoodie-bold-vibrant-swirls-flowing-cells-stylish-sweatshirt-colorful-outerwear-artistic-pullover-jacket-6588567.jpg?v=1776616933,neon-cellular-activity-hoodie-cutout.png
neon-cellular-activity-hoodie,9214489854179,8,0,https://cdn.shopify.com/s/files/1/0788/2358/8067/files/neon-cellular-activity-mens-hoodie-bold-vibrant-swirls-flowing-cells-stylish-sweatshirt-colorful-outerwear-artistic-pullover-jacket-3021066.jpg?v=1776616933,neon-cellular-activity-hoodie-cutout.png
neon-cellular-activity-hoodie,9214489854179,9,0,https://cdn.shopify.com/s/files/1/0788/2358/8067/files/11550681352305963700_2048.jpg?v=1776080526,neon-cellular-activity-hoodie-cutout.png
neon-circuit-meltdown-svg,9260692570339,0,1,https://cdn.shopify.com/s/files/1/0788/2358/8067/files/neoncircuitmeltdown.svg?v=1778515783,neon-circuit-meltdown-svg-cutout.png
neon-circuit-meltdown-svg,9260692570339,1,0,https://cdn.shopify.com/s/files/1/0788/2358/8067/files/neon-circuit-meltdown-svg-all-over-print-sublimation-digital-download-cyberpunk-lava-explosion-vector-art-5744803.png?v=1782724212,neon-circuit-meltdown-svg-cutout.png
neon-cosmic-zigzag-svg,9222936494307,0,1,https://cdn.shopify.com/s/files/1/0788/2358/8067/files/zigzagg.svg?v=1775844914,neon-cosmic-zigzag-svg-cutout.png
neon-frequency-silk-bandana,9297181540579,0,1,https://cdn.shopify.com/s/files/1/0788/2358/8067/files/neon-frequency-silk-bandana-wavy-glitch-zebra-line-aop-square-scarf-rave-ready-accessory-2187631.jpg?v=1782724096,neon-frequency-silk-bandana-cutout.png
neon-frequency-silk-bandana,9297181540579,1,0,https://cdn.shopify.com/s/files/1/0788/2358/8067/files/neon-frequency-silk-bandana-wavy-glitch-zebra-line-aop-square-scarf-rave-ready-accessory-1516612.jpg?v=1782724096,neon-frequency-silk-bandana-cutout.png
neon-frequency-silk-bandana,9297181540579,2,0,https://cdn.shopify.com/s/files/1/0788/2358/8067/files/neon-frequency-silk-bandana-wavy-glitch-zebra-line-aop-square-scarf-rave-ready-accessory-9935052.jpg?v=1782724096,neon-frequency-silk-bandana-cutout.png
neon-frequency-silk-bandana,9297181540579,3,0,https://cdn.shopify.com/s/files/1/0788/2358/8067/files/neon-frequency-silk-bandana-wavy-glitch-zebra-line-aop-square-scarf-rave-ready-accessory-5276408.jpg?v=1782724095,neon-frequency-silk-bandana-cutout.png
neon-frequency-silk-bandana,9297181540579,4,0,https://cdn.shopify.com/s/files/1/0788/2358/8067/files/neon-frequency-silk-bandana-wavy-glitch-zebra-line-aop-square-scarf-rave-ready-accessory-2627526.png?v=1782724095,neon-frequency-silk-bandana-cutout.png
neon-handprint-crewneck,9261115998435,0,1,https://cdn.shopify.com/s/files/1/0788/2358/8067/files/neon-splat-crest-crewneck-heavy-blend-navy-sweatshirt-with-psychedelic-graffiti-chest-print-9335636.png?v=1782724035,neon-handprint-crewneck-cutout.png
neon-handprint-crewneck,9261115998435,1,0,https://cdn.shopify.com/s/files/1/0788/2358/8067/files/neon-splat-crest-crewneck-heavy-blend-navy-sweatshirt-with-psychedelic-graffiti-chest-print-1145912.jpg?v=1782724213,neon-handprint-crewneck-cutout.png
neon-handprint-crewneck,9261115998435,2,0,https://cdn.shopify.com/s/files/1/0788/2358/8067/files/neon-splat-crest-crewneck-heavy-blend-navy-sweatshirt-with-psychedelic-graffiti-chest-print-4049229.jpg?v=1782724214,neon-handprint-crewneck-cutout.png
neon-handprint-crewneck,9261115998435,3,0,https://cdn.shopify.com/s/files/1/0788/2358/8067/files/neon-splat-crest-crewneck-heavy-blend-navy-sweatshirt-with-psychedelic-graffiti-chest-print-3317068.jpg?v=1782724034,neon-handprint-crewneck-cutout.png
neon-handprint-crewneck,9261115998435,4,0,https://cdn.shopify.com/s/files/1/0788/2358/8067/files/neon-splat-crest-crewneck-heavy-blend-navy-sweatshirt-with-psychedelic-graffiti-chest-print-2516206.jpg?v=1782724034,neon-handprint-crewneck-cutout.png
neon-handprint-crewneck,9261115998435,5,0,https://cdn.shopify.com/s/files/1/0788/2358/8067/files/neon-splat-crest-crewneck-heavy-blend-navy-sweatshirt-with-psychedelic-graffiti-chest-print-4110869.jpg?v=1782724033,neon-handprint-crewneck-cutout.png
neon-handprint-crewneck,9261115998435,6,0,https://cdn.shopify.com/s/files/1/0788/2358/8067/files/neon-splat-crest-crewneck-heavy-blend-navy-sweatshirt-with-psychedelic-graffiti-chest-print-2315143.jpg?v=1782724213,neon-handprint-crewneck-cutout.png
neon-handprint-crewneck,9261115998435,7,0,https://cdn.shopify.com/s/files/1/0788/2358/8067/files/neon-splat-crest-crewneck-heavy-blend-navy-sweatshirt-with-psychedelic-graffiti-chest-print-3173468.jpg?v=1782724035,neon-handprint-crewneck-cutout.png
neon-handprint-crewneck,9261115998435,8,0,https://cdn.shopify.com/s/files/1/0788/2358/8067/files/neon-splat-crest-crewneck-heavy-blend-navy-sweatshirt-with-psychedelic-graffiti-chest-print-7164610.jpg?v=1782724035,neon-handprint-crewneck-cutout.png
neon-handprint-crewneck,9261115998435,9,0,https://cdn.shopify.com/s/files/1/0788/2358/8067/files/neon-splat-crest-crewneck-heavy-blend-navy-sweatshirt-with-psychedelic-graffiti-chest-print-1216895.jpg?v=1782724035,neon-handprint-crewneck-cutout.png
neon-handprint-crewneck,9261115998435,10,0,https://cdn.shopify.com/s/files/1/0788/2358/8067/files/neon-splat-crest-crewneck-heavy-blend-navy-sweatshirt-with-psychedelic-graffiti-chest-print-3841478.jpg?v=1782724213,neon-handprint-crewneck-cutout.png
neon-handprint-crewneck,9261115998435,11,0,https://cdn.shopify.com/s/files/1/0788/2358/8067/files/neon-splat-crest-crewneck-heavy-blend-navy-sweatshirt-with-psychedelic-graffiti-chest-print-3786998.jpg?v=1782724035,neon-handprint-crewneck-cutout.png
neon-pebble-fleece-gloves,9201043374307,0,1,https://cdn.shopify.com/s/files/1/0788/2358/8067/files/2951368_0_3d.jpg?v=1777790051,neon-pebble-fleece-gloves-cutout.png
neon-pebble-fleece-gloves,9201043374307,1,0,https://cdn.shopify.com/s/files/1/0788/2358/8067/files/an_attractive_male_202603301144_1_2cf049a0-d93a-4786-a2e7-e1eec2378b4c.png?v=1775372525,neon-pebble-fleece-gloves-cutout.png
neon-pebble-fleece-gloves,9201043374307,2,0,https://cdn.shopify.com/s/files/1/0788/2358/8067/files/an_attractive_female_202603301146.jpg?v=1774897042,neon-pebble-fleece-gloves-cutout.png
neon-pebble-fleece-gloves,9201043374307,3,0,https://cdn.shopify.com/s/files/1/0788/2358/8067/files/an_attractive_male_202603301144_2.jpg?v=1774897043,neon-pebble-fleece-gloves-cutout.png
neon-pebble-fleece-gloves,9201043374307,4,0,https://cdn.shopify.com/s/files/1/0788/2358/8067/files/an_attractive_male_202603301144_1.jpg?v=1774897042,neon-pebble-fleece-gloves-cutout.png
neon-pebble-fleece-gloves,9201043374307,5,0,https://cdn.shopify.com/s/files/1/0788/2358/8067/files/an_attractive_male_202603301142.jpg?v=1774897042,neon-pebble-fleece-gloves-cutout.png
neon-pebble-fleece-gloves,9201043374307,6,0,https://cdn.shopify.com/s/files/1/0788/2358/8067/files/an_attractive_male_202603301144.jpg?v=1774897042,neon-pebble-fleece-gloves-cutout.png
neon-pebble-fleece-gloves,9201043374307,7,0,https://cdn.shopify.com/s/files/1/0788/2358/8067/files/an_attractive_male_202603301143.jpg?v=1775372525,neon-pebble-fleece-gloves-cutout.png
neon-pebble-fleece-gloves,9201043374307,8,0,https://cdn.shopify.com/s/files/1/0788/2358/8067/files/2951368_1_3d.jpg?v=1774897019,neon-pebble-fleece-gloves-cutout.png
neon-pebble-fleece-gloves,9201043374307,9,0,https://cdn.shopify.com/s/files/1/0788/2358/8067/files/2951368_2_3d.jpg?v=1774897019,neon-pebble-fleece-gloves-cutout.png
neon-pebble-fleece-gloves,9201043374307,10,0,https://cdn.shopify.com/s/files/1/0788/2358/8067/files/2951368_3_3d.jpg?v=1774897019,neon-pebble-fleece-gloves-cutout.png
neon-pebble-fleece-gloves,9201043374307,11,0,https://cdn.shopify.com/s/files/1/0788/2358/8067/files/2951368_4_3d.jpg?v=1774897019,neon-pebble-fleece-gloves-cutout.png
neon-snow-sherpa-zip-hoodie,9175879254243,0,1,https://cdn.shopify.com/s/files/1/0788/2358/8067/files/neon-snow-hoodie-for-cold-weather-maximalists-psychedelic-winter-aop-recycled-polyester-eco-hoodie-ski-lodge-statement-3118006.png?v=1782724389,neon-snow-sherpa-zip-hoodie-cutout.png
neon-snow-sherpa-zip-hoodie,9175879254243,1,0,https://cdn.shopify.com/s/files/1/0788/2358/8067/files/2ff2d677-il_fullxfull.7676318062_83z8.jpg?v=1774455859,neon-snow-sherpa-zip-hoodie-cutout.png
neon-snow-sherpa-zip-hoodie,9175879254243,2,0,https://cdn.shopify.com/s/files/1/0788/2358/8067/files/9bc2baaf-il_fullxfull.7724265379_g32d.jpg?v=1774790713,neon-snow-sherpa-zip-hoodie-cutout.png
neon-snow-sherpa-zip-hoodie,9175879254243,3,0,https://cdn.shopify.com/s/files/1/0788/2358/8067/files/57df1dc8-il_fullxfull.7724265595_7b4k.jpg?v=1774455859,neon-snow-sherpa-zip-hoodie-cutout.png
neon-snow-sherpa-zip-hoodie,9175879254243,4,0,https://cdn.shopify.com/s/files/1/0788/2358/8067/files/52a8ead7-il_fullxfull.7676318760_d231.jpg?v=1774455860,neon-snow-sherpa-zip-hoodie-cutout.png
neon-snow-sherpa-zip-hoodie,9175879254243,5,0,https://cdn.shopify.com/s/files/1/0788/2358/8067/files/e17df4df-il_fullxfull.7676319078_dn86.jpg?v=1774790713,neon-snow-sherpa-zip-hoodie-cutout.png
neon-snow-sherpa-zip-hoodie,9175879254243,6,0,https://cdn.shopify.com/s/files/1/0788/2358/8067/files/0c257db2-il_fullxfull.7724266305_klhu.jpg?v=1774790713,neon-snow-sherpa-zip-hoodie-cutout.png
neon-snow-sherpa-zip-hoodie,9175879254243,7,0,https://cdn.shopify.com/s/files/1/0788/2358/8067/files/5b123d50-il_fullxfull.7724266547_byay.jpg?v=1774790713,neon-snow-sherpa-zip-hoodie-cutout.png
neon-web-tee,9214500569315,0,1,https://cdn.shopify.com/s/files/1/0788/2358/8067/files/psychedelic-web-unisex-tee-vibrant-abstract-cut-sew-t-shirt-festival-fashion-streetwear-vibes-8889191.png?v=1777788609,neon-web-tee-cutout.png
neon-web-tee,9214500569315,1,0,https://cdn.shopify.com/s/files/1/0788/2358/8067/files/11943918433443584393_2048.png?v=1776080527,neon-web-tee-cutout.png
neon-web-tee,9214500569315,2,0,https://cdn.shopify.com/s/files/1/0788/2358/8067/files/11943918433443584393_2048_7491d38d-0bab-4cfe-9d98-b383130b8854.png?v=1776080527,neon-web-tee-cutout.png
neon-web-tee,9214500569315,3,0,https://cdn.shopify.com/s/files/1/0788/2358/8067/files/11943918433443584393_2048.jpg?v=1775783099,neon-web-tee-cutout.png
neon-web-tee,9214500569315,4,0,https://cdn.shopify.com/s/files/1/0788/2358/8067/files/1686035005345256176_2048.jpg?v=1775783099,neon-web-tee-cutout.png
neon-web-tee,9214500569315,5,0,https://cdn.shopify.com/s/files/1/0788/2358/8067/files/2246189012464755432_2048.jpg?v=1775783099,neon-web-tee-cutout.png
neon-web-tee,9214500569315,6,0,https://cdn.shopify.com/s/files/1/0788/2358/8067/files/14356966544204578282_2048.jpg?v=1775783099,neon-web-tee-cutout.png
neon-web-tee,9214500569315,7,0,https://cdn.shopify.com/s/files/1/0788/2358/8067/files/1652253023363296608_2048.jpg?v=1775783099,neon-web-tee-cutout.png
neon-web-tee,9214500569315,8,0,https://cdn.shopify.com/s/files/1/0788/2358/8067/files/6019537536569785148_2048.jpg?v=1775783099,neon-web-tee-cutout.png
neon-web-tee,9214500569315,9,0,https://cdn.shopify.com/s/files/1/0788/2358/8067/files/988232792351350685_2048.jpg?v=1775783099,neon-web-tee-cutout.png
neon-web-tee,9214500569315,10,0,https://cdn.shopify.com/s/files/1/0788/2358/8067/files/8805659040735187977_2048.jpg?v=1775783099,neon-web-tee-cutout.png
neon-zebra-joggers,9175876796643,0,1,https://cdn.shopify.com/s/files/1/0788/2358/8067/files/bad51ed5-il_fullxfull.7724269477_22y6.jpg?v=1774790826,neon-zebra-joggers-cutout.png
neon-zebra-joggers,9175876796643,1,0,https://cdn.shopify.com/s/files/1/0788/2358/8067/files/36848eb8-il_fullxfull.7724269767_j725.jpg?v=1774790826,neon-zebra-joggers-cutout.png
neon-zebra-joggers,9175876796643,2,0,https://cdn.shopify.com/s/files/1/0788/2358/8067/files/d11c7bdc-il_fullxfull.7724270069_oge5.jpg?v=1774790825,neon-zebra-joggers-cutout.png
neon-zebra-joggers,9175876796643,3,0,https://cdn.shopify.com/s/files/1/0788/2358/8067/files/7ef4ab06-il_fullxfull.7724270441_kc2m.jpg?v=1774790825,neon-zebra-joggers-cutout.png
neon-zebra-joggers,9175876796643,4,0,https://cdn.shopify.com/s/files/1/0788/2358/8067/files/b6a53526-il_fullxfull.7724270691_ckvs.jpg?v=1774790825,neon-zebra-joggers-cutout.png
night-circuit-balaclava,9561440420067,0,1,https://cdn.shopify.com/s/files/1/0788/2358/8067/files/155733-a49351f2-5c53-46ce-a16d-6fffa747ed75.jpg?v=1784011183,night-circuit-balaclava-cutout.png
night-circuit-balaclava,9561440420067,1,0,https://cdn.shopify.com/s/files/1/0788/2358/8067/files/155733-0cc175d1-7850-42ce-ac08-5f0f8d8026bf.jpg?v=1784011184,night-circuit-balaclava-cutout.png
night-circuit-balaclava,9561440420067,2,0,https://cdn.shopify.com/s/files/1/0788/2358/8067/files/155733-511a79ee-2f21-4123-b3c2-e1d4bf6a1664.jpg?v=1784011185,night-circuit-balaclava-cutout.png
nimbus-drift-performance-tee,9300062142691,0,1,https://cdn.shopify.com/s/files/1/0788/2358/8067/files/nimbus-drift-5000-premium-aop-performance-tee-for-ethereal-streetwear-collectors-abstract-smoke-marble-print-high-stretch-fluid-art-activewear-1132378.jpg?v=1782724087,nimbus-drift-performance-tee-cutout.png
nimbus-drift-performance-tee,9300062142691,1,0,https://cdn.shopify.com/s/files/1/0788/2358/8067/files/nimbus-drift-5000-premium-aop-performance-tee-for-ethereal-streetwear-collectors-abstract-smoke-marble-print-high-stretch-fluid-art-activewear-1195003.jpg?v=1782724087,nimbus-drift-performance-tee-cutout.png
nimbus-drift-performance-tee,9300062142691,2,0,https://cdn.shopify.com/s/files/1/0788/2358/8067/files/nimbus-drift-5000-premium-aop-performance-tee-for-ethereal-streetwear-collectors-abstract-smoke-marble-print-high-stretch-fluid-art-activewear-8340996.png?v=1782724087,nimbus-drift-performance-tee-cutout.png
nova-impact-hoodie,9556302463203,0,1,https://cdn.shopify.com/s/files/1/0788/2358/8067/files/155733-b1b1860c-d9a8-4f33-819e-a790bba50de3.jpg?v=1783544901,nova-impact-hoodie-cutout.png
nova-impact-hoodie,9556302463203,1,0,https://cdn.shopify.com/s/files/1/0788/2358/8067/files/155733-4925a080-966c-4b01-928e-be70a847ede0.jpg?v=1783544903,nova-impact-hoodie-cutout.png
nova-impact-hoodie,9556302463203,2,0,https://cdn.shopify.com/s/files/1/0788/2358/8067/files/14909fea-d0d6-4736-87f6-5252ce1f1842_847b9b9b-0296-48e7-9147-2bb36a002d11.png?v=1783544905,nova-impact-hoodie-cutout.png
ocular-opulence-reversible-bucket-hat,9297182130403,0,1,https://cdn.shopify.com/s/files/1/0788/2358/8067/files/ocular-opulence-reversible-bucket-hat-holographic-op-art-stained-glass-mosaic-4362999.png?v=1782724093,ocular-opulence-reversible-bucket-hat-cutout.png
ocular-opulence-reversible-bucket-hat,9297182130403,1,0,https://cdn.shopify.com/s/files/1/0788/2358/8067/files/ocular-opulence-reversible-bucket-hat-holographic-op-art-stained-glass-mosaic-2981885.png?v=1782724094,ocular-opulence-reversible-bucket-hat-cutout.png
ocular-opulence-reversible-bucket-hat,9297182130403,2,0,https://cdn.shopify.com/s/files/1/0788/2358/8067/files/ocular-opulence-reversible-bucket-hat-holographic-op-art-stained-glass-mosaic-5459087.jpg?v=1782724092,ocular-opulence-reversible-bucket-hat-cutout.png
ocular-opulence-reversible-bucket-hat,9297182130403,3,0,https://cdn.shopify.com/s/files/1/0788/2358/8067/files/ocular-opulence-reversible-bucket-hat-holographic-op-art-stained-glass-mosaic-4822274.jpg?v=1782724093,ocular-opulence-reversible-bucket-hat-cutout.png
ocular-opulence-reversible-bucket-hat,9297182130403,4,0,https://cdn.shopify.com/s/files/1/0788/2358/8067/files/ocular-opulence-reversible-bucket-hat-holographic-op-art-stained-glass-mosaic-6455199.jpg?v=1782724093,ocular-opulence-reversible-bucket-hat-cutout.png
ocular-opulence-reversible-bucket-hat,9297182130403,5,0,https://cdn.shopify.com/s/files/1/0788/2358/8067/files/ocular-opulence-reversible-bucket-hat-holographic-op-art-stained-glass-mosaic-5076305.jpg?v=1782724094,ocular-opulence-reversible-bucket-hat-cutout.png
ocular-opulence-reversible-bucket-hat,9297182130403,6,0,https://cdn.shopify.com/s/files/1/0788/2358/8067/files/ocular-opulence-reversible-bucket-hat-holographic-op-art-stained-glass-mosaic-7319642.jpg?v=1782724094,ocular-opulence-reversible-bucket-hat-cutout.png
ocular-opulence-reversible-bucket-hat,9297182130403,7,0,https://cdn.shopify.com/s/files/1/0788/2358/8067/files/ocular-opulence-reversible-bucket-hat-holographic-op-art-stained-glass-mosaic-8126789.jpg?v=1782724092,ocular-opulence-reversible-bucket-hat-cutout.png
ocular-opulence-reversible-bucket-hat,9297182130403,8,0,https://cdn.shopify.com/s/files/1/0788/2358/8067/files/ocular-opulence-reversible-bucket-hat-holographic-op-art-stained-glass-mosaic-6760668.jpg?v=1782724093,ocular-opulence-reversible-bucket-hat-cutout.png
ocular-opulence-reversible-bucket-hat,9297182130403,9,0,https://cdn.shopify.com/s/files/1/0788/2358/8067/files/ocular-opulence-reversible-bucket-hat-holographic-op-art-stained-glass-mosaic-9275496.jpg?v=1782724093,ocular-opulence-reversible-bucket-hat-cutout.png
ocular-opulence-spiral-hoodie,9175877910755,0,1,https://cdn.shopify.com/s/files/1/0788/2358/8067/files/2d8871fc-il_fullxfull.7676319882_62iu.jpg?v=1774455821,ocular-opulence-spiral-hoodie-cutout.png
ocular-opulence-spiral-hoodie,9175877910755,1,0,https://cdn.shopify.com/s/files/1/0788/2358/8067/files/8ffc0e2a-il_fullxfull.7676320362_1wg9.jpg?v=1774455821,ocular-opulence-spiral-hoodie-cutout.png
ocular-opulence-spiral-hoodie,9175877910755,2,0,https://cdn.shopify.com/s/files/1/0788/2358/8067/files/f0a71c43-il_fullxfull.7724267661_66y6.jpg?v=1774455822,ocular-opulence-spiral-hoodie-cutout.png
ocular-opulence-spiral-hoodie,9175877910755,3,0,https://cdn.shopify.com/s/files/1/0788/2358/8067/files/5d188ada-il_fullxfull.7724268211_46h1.jpg?v=1774455821,ocular-opulence-spiral-hoodie-cutout.png
ocular-opulence-spiral-hoodie,9175877910755,4,0,https://cdn.shopify.com/s/files/1/0788/2358/8067/files/b2b02a62-il_fullxfull.7724268569_1q7l.jpg?v=1774455821,ocular-opulence-spiral-hoodie-cutout.png
og-graffiti-tag-crewneck,9175875682531,0,1,https://cdn.shopify.com/s/files/1/0788/2358/8067/files/og-graffiti-tag-aop-crewneck-sweatshirt-for-hip-hop-streetwear-collectors-vibrant-all-over-print-cotton-unisex-statement-top-2611142.png?v=1782724509,og-graffiti-tag-crewneck-cutout.png
og-graffiti-tag-crewneck,9175875682531,1,0,https://cdn.shopify.com/s/files/1/0788/2358/8067/files/a8bfa4e1-il_fullxfull.7771135128_ge1r.jpg?v=1774790898,og-graffiti-tag-crewneck-cutout.png
og-graffiti-tag-crewneck,9175875682531,2,0,https://cdn.shopify.com/s/files/1/0788/2358/8067/files/a6995b91-il_fullxfull.7771129012_olng.jpg?v=1774790898,og-graffiti-tag-crewneck-cutout.png
og-graffiti-tag-crewneck,9175875682531,3,0,https://cdn.shopify.com/s/files/1/0788/2358/8067/files/315c339f-il_fullxfull.7739783611_oq1g.jpg?v=1774790898,og-graffiti-tag-crewneck-cutout.png
og-graffiti-tag-crewneck,9175875682531,4,0,https://cdn.shopify.com/s/files/1/0788/2358/8067/files/ea206e4f-il_fullxfull.7771129850_758p.jpg?v=1774790898,og-graffiti-tag-crewneck-cutout.png
og-graffiti-tag-crewneck,9175875682531,5,0,https://cdn.shopify.com/s/files/1/0788/2358/8067/files/94cd0387-il_fullxfull.7771124686_g8qf.jpg?v=1774790898,og-graffiti-tag-crewneck-cutout.png
og-graffiti-tag-crewneck,9175875682531,6,0,https://cdn.shopify.com/s/files/1/0788/2358/8067/files/b9821300-il_fullxfull.7771128964_awiz.jpg?v=1774790898,og-graffiti-tag-crewneck-cutout.png
og-graffiti-tag-crewneck,9175875682531,7,0,https://cdn.shopify.com/s/files/1/0788/2358/8067/files/9effb43e-il_fullxfull.7819066547_5dtt.jpg?v=1774790898,og-graffiti-tag-crewneck-cutout.png
og-graffiti-tag-crewneck,9175875682531,8,0,https://cdn.shopify.com/s/files/1/0788/2358/8067/files/c946b49c-il_fullxfull.7771129804_260v.jpg?v=1774790898,og-graffiti-tag-crewneck-cutout.png
og-graffiti-tag-crewneck,9175875682531,9,0,https://cdn.shopify.com/s/files/1/0788/2358/8067/files/96f161fc-il_fullxfull.7771129532_8k0f.jpg?v=1774790898,og-graffiti-tag-crewneck-cutout.png
og-graffiti-tag-crewneck,9175875682531,10,0,https://cdn.shopify.com/s/files/1/0788/2358/8067/files/ef172e9d-il_fullxfull.7819066775_p3e8.jpg?v=1774790898,og-graffiti-tag-crewneck-cutout.png
organic-cellular-mutation-shirt,9193888874723,0,1,https://cdn.shopify.com/s/files/1/0788/2358/8067/files/organic-cellular-mutation-aop-slim-fit-long-sleeve-shirt-1569635.png?v=1777788609,organic-cellular-mutation-shirt-cutout.png
organic-cellular-mutation-shirt,9193888874723,1,0,https://cdn.shopify.com/s/files/1/0788/2358/8067/files/155733-bdc28b02-ddca-44a3-92ad-a43dd6fc97f7.jpg?v=1774789806,organic-cellular-mutation-shirt-cutout.png
organic-cellular-mutation-shirt,9193888874723,2,0,https://cdn.shopify.com/s/files/1/0788/2358/8067/files/155733-e9fa6640-9b4a-496a-9d74-9970a3cdc01e.jpg?v=1774789806,organic-cellular-mutation-shirt-cutout.png
organic-flow-bloom-svg,9201915592931,0,1,https://cdn.shopify.com/s/files/1/0788/2358/8067/files/abstract_composition.svg?v=1778519834,organic-flow-bloom-svg-cutout.png
over-my-dad-body-trucker-hat,9175879483619,0,1,https://cdn.shopify.com/s/files/1/0788/2358/8067/files/8159b091-il_fullxfull.7676318100_bfrx.jpg?v=1774455861,over-my-dad-body-trucker-hat-cutout.png
over-my-dad-body-trucker-hat,9175879483619,1,0,https://cdn.shopify.com/s/files/1/0788/2358/8067/files/1882791b-il_fullxfull.7724265437_lsee.jpg?v=1774455861,over-my-dad-body-trucker-hat-cutout.png
over-my-dad-body-trucker-hat,9175879483619,2,0,https://cdn.shopify.com/s/files/1/0788/2358/8067/files/d98c5b0f-il_fullxfull.7676318846_hk8q.jpg?v=1774455861,over-my-dad-body-trucker-hat-cutout.png
paint-pile-premium-baseball-cap,9185457537251,0,1,https://cdn.shopify.com/s/files/1/0788/2358/8067/files/2945071_baseball-cap_0.jpg?v=1774790166,paint-pile-premium-baseball-cap-cutout.png
paint-pile-premium-baseball-cap,9185457537251,1,0,https://cdn.shopify.com/s/files/1/0788/2358/8067/files/2945071_baseball-cap_1.jpg?v=1774790165,paint-pile-premium-baseball-cap-cutout.png
paint-pile-premium-baseball-cap,9185457537251,2,0,https://cdn.shopify.com/s/files/1/0788/2358/8067/files/2945071_baseball-cap_2.jpg?v=1774790165,paint-pile-premium-baseball-cap-cutout.png
paint-pile-premium-baseball-cap,9185457537251,3,0,https://cdn.shopify.com/s/files/1/0788/2358/8067/files/2945071_baseball-cap_3.jpg?v=1774790165,paint-pile-premium-baseball-cap-cutout.png
paint-pile-premium-baseball-cap,9185457537251,4,0,https://cdn.shopify.com/s/files/1/0788/2358/8067/files/2945071_baseball-cap_4.jpg?v=1774790645,paint-pile-premium-baseball-cap-cutout.png
paint-pile-premium-baseball-cap,9185457537251,5,0,https://cdn.shopify.com/s/files/1/0788/2358/8067/files/2945071_baseball-cap_5.jpg?v=1774790166,paint-pile-premium-baseball-cap-cutout.png
paint-pile-premium-baseball-cap,9185457537251,6,0,https://cdn.shopify.com/s/files/1/0788/2358/8067/files/2945071_baseball-cap_6.jpg?v=1774790166,paint-pile-premium-baseball-cap-cutout.png
paint-pile-premium-baseball-cap,9185457537251,7,0,https://cdn.shopify.com/s/files/1/0788/2358/8067/files/2945071_baseball-cap_7.jpg?v=1774790165,paint-pile-premium-baseball-cap-cutout.png
paint-pile-premium-baseball-cap,9185457537251,8,0,https://cdn.shopify.com/s/files/1/0788/2358/8067/files/2945071_baseball-cap_8.jpg?v=1774790645,paint-pile-premium-baseball-cap-cutout.png
paint-pile-premium-baseball-cap,9185457537251,9,0,https://cdn.shopify.com/s/files/1/0788/2358/8067/files/2945071_baseball-cap_9.jpg?v=1774790165,paint-pile-premium-baseball-cap-cutout.png
paint-pile-premium-baseball-cap,9185457537251,10,0,https://cdn.shopify.com/s/files/1/0788/2358/8067/files/2945071_baseball-cap_10.jpg?v=1774790166,paint-pile-premium-baseball-cap-cutout.png
paint-pile-premium-baseball-cap,9185457537251,11,0,https://cdn.shopify.com/s/files/1/0788/2358/8067/files/2945071_baseball-cap_11.jpg?v=1774790165,paint-pile-premium-baseball-cap-cutout.png
paint-slash-zip-up-hoodie,9561437470947,0,1,https://cdn.shopify.com/s/files/1/0788/2358/8067/files/155733-6a689585-8ef3-4cf3-a387-614202f580a7.jpg?v=1784010430,paint-slash-zip-up-hoodie-cutout.png
paint-slash-zip-up-hoodie,9561437470947,1,0,https://cdn.shopify.com/s/files/1/0788/2358/8067/files/155733-502227ba-b2b3-4acc-b34e-8de046a128a8.jpg?v=1784010431,paint-slash-zip-up-hoodie-cutout.png
paint-slash-zip-up-hoodie,9561437470947,2,0,https://cdn.shopify.com/s/files/1/0788/2358/8067/files/0a394e27-e8c2-474d-bf8d-34bd99660db2.png?v=1784010431,paint-slash-zip-up-hoodie-cutout.png
paint-splash-bucket-hat,9191712391395,0,1,https://cdn.shopify.com/s/files/1/0788/2358/8067/files/main-character-aop-adult-bucket-hat-full-panel-zero-blank-space-sublimation-print-one-size-festival-beach-statement-summer-headwear-2624703.png?v=1782724335,paint-splash-bucket-hat-cutout.png
paint-splash-bucket-hat,9191712391395,1,0,https://cdn.shopify.com/s/files/1/0788/2358/8067/files/946b1cacf70c28cbdcf4fed7c55c89dc.jpg?v=1774456127,paint-splash-bucket-hat-cutout.png
paint-splash-bucket-hat,9191712391395,2,0,https://cdn.shopify.com/s/files/1/0788/2358/8067/files/50392963d2db1a19be6bd9c5f81e0190.jpg?v=1774456127,paint-splash-bucket-hat-cutout.png
paint-splash-bucket-hat,9191712391395,3,0,https://cdn.shopify.com/s/files/1/0788/2358/8067/files/95faa73e90b7286138959d86c06fb4b7.jpg?v=1774456128,paint-splash-bucket-hat-cutout.png
paint-splash-bucket-hat,9191712391395,4,0,https://cdn.shopify.com/s/files/1/0788/2358/8067/files/7040de698e05f161d04561788b1e1190.jpg?v=1774456128,paint-splash-bucket-hat-cutout.png
paint-splash-bucket-hat,9191712391395,5,0,https://cdn.shopify.com/s/files/1/0788/2358/8067/files/bfdcda83a35e9cf5dc03fff520e63ae0.jpg?v=1774456127,paint-splash-bucket-hat-cutout.png
paint-splash-bucket-hat,9191712391395,6,0,https://cdn.shopify.com/s/files/1/0788/2358/8067/files/9b39540cc70a11a6cb442231d40a8d70_ab6b8e36-9896-41d6-823b-3e504757c89b.jpg?v=1774456127,paint-splash-bucket-hat-cutout.png
paint-splash-bucket-hat,9191712391395,7,0,https://cdn.shopify.com/s/files/1/0788/2358/8067/files/4036d168cb570b200bc62936ad414951_8bfed4fe-5369-4777-b61f-3fde66b16ba8.jpg?v=1774456438,paint-splash-bucket-hat-cutout.png
paint-splash-bucket-hat,9191712391395,8,0,https://cdn.shopify.com/s/files/1/0788/2358/8067/files/7263935753a2ff641fd804efa39122b7.jpg?v=1774456438,paint-splash-bucket-hat-cutout.png
paint-splash-ipad-case,9191709507811,0,1,https://cdn.shopify.com/s/files/1/0788/2358/8067/files/512ee6ddb782dc00aa336b735779fc34.jpg?v=1774456314,paint-splash-ipad-case-cutout.png
paint-splash-ipad-case,9191709507811,1,0,https://cdn.shopify.com/s/files/1/0788/2358/8067/files/2d50b1a48eb5925d53656aae033bc6dc.jpg?v=1774456314,paint-splash-ipad-case-cutout.png
paint-splash-ipad-case,9191709507811,2,0,https://cdn.shopify.com/s/files/1/0788/2358/8067/files/d1223170765ce92fc419883ced5b5cdc.jpg?v=1774456314,paint-splash-ipad-case-cutout.png
paint-splash-ipad-case,9191709507811,3,0,https://cdn.shopify.com/s/files/1/0788/2358/8067/files/b2ce04450250096a15d0b422e3e0e240.jpg?v=1774456313,paint-splash-ipad-case-cutout.png
paint-splash-ipad-case,9191709507811,4,0,https://cdn.shopify.com/s/files/1/0788/2358/8067/files/7db9767aca8f22efc19fccfd574c0d9b.jpg?v=1774456313,paint-splash-ipad-case-cutout.png
paint-splash-ipad-case,9191709507811,5,0,https://cdn.shopify.com/s/files/1/0788/2358/8067/files/150dfd69faf1365158097a7395f609e4.jpg?v=1774456314,paint-splash-ipad-case-cutout.png
paint-splash-ipad-case,9191709507811,6,0,https://cdn.shopify.com/s/files/1/0788/2358/8067/files/39166737ef3ce47e334a5d89c9a90a2b.jpg?v=1774456313,paint-splash-ipad-case-cutout.png
paint-splash-ipad-case,9191709507811,7,0,https://cdn.shopify.com/s/files/1/0788/2358/8067/files/f10659a6fe8765ec036e0f1dd859abe3.jpg?v=1774456314,paint-splash-ipad-case-cutout.png
paint-splash-ipad-case,9191709507811,8,0,https://cdn.shopify.com/s/files/1/0788/2358/8067/files/d90d75190c70f19205e52244e162a2d7.jpg?v=1774456314,paint-splash-ipad-case-cutout.png
paint-splash-ipad-folio,9191713702115,0,1,https://cdn.shopify.com/s/files/1/0788/2358/8067/files/0a7934700cf3bc1bf0f7b481b8c455bc.jpg?v=1774456194,paint-splash-ipad-folio-cutout.png
paint-splash-ipad-folio,9191713702115,1,0,https://cdn.shopify.com/s/files/1/0788/2358/8067/files/519618cf3e021658f7d2418c1c127543.jpg?v=1774456194,paint-splash-ipad-folio-cutout.png
paint-splash-ipad-folio,9191713702115,2,0,https://cdn.shopify.com/s/files/1/0788/2358/8067/files/8bb2e82a3dc21935ff087a8d2ea93335.jpg?v=1774456194,paint-splash-ipad-folio-cutout.png
paint-splash-ipad-folio,9191713702115,3,0,https://cdn.shopify.com/s/files/1/0788/2358/8067/files/1c6e9f3477f479000d3a39e8e580c30a.jpg?v=1774456195,paint-splash-ipad-folio-cutout.png
paint-splash-ipad-folio,9191713702115,4,0,https://cdn.shopify.com/s/files/1/0788/2358/8067/files/d27011513493a7270090ea0a85171812.jpg?v=1774456194,paint-splash-ipad-folio-cutout.png
paint-splash-ipad-folio,9191713702115,5,0,https://cdn.shopify.com/s/files/1/0788/2358/8067/files/cd2cb061929e00ea2c15bbc28eeddedc.jpg?v=1774456195,paint-splash-ipad-folio-cutout.png
paint-splash-ipad-folio,9191713702115,6,0,https://cdn.shopify.com/s/files/1/0788/2358/8067/files/8ec39198acb30b0ad91c6156011ed875.jpg?v=1774456194,paint-splash-ipad-folio-cutout.png
paint-splash-ipad-folio,9191713702115,7,0,https://cdn.shopify.com/s/files/1/0788/2358/8067/files/55a87256a6ae5ed9fb69bf6975f6567d.jpg?v=1774456195,paint-splash-ipad-folio-cutout.png
paint-splash-ipad-folio,9191713702115,8,0,https://cdn.shopify.com/s/files/1/0788/2358/8067/files/dad34c1d54b6b7b32042a5e4df2942ba.jpg?v=1774456195,paint-splash-ipad-folio-cutout.png
paint-splash-ipad-folio,9191713702115,9,0,https://cdn.shopify.com/s/files/1/0788/2358/8067/files/8382fce6cd97d84d4bb205a8075c4217.jpg?v=1774456195,paint-splash-ipad-folio-cutout.png
paint-splash-ipad-folio,9191713702115,10,0,https://cdn.shopify.com/s/files/1/0788/2358/8067/files/95910f4d94d1a942249560754d809320.jpg?v=1774456195,paint-splash-ipad-folio-cutout.png
paint-splash-laptop-sleeve,9191711506659,0,1,https://cdn.shopify.com/s/files/1/0788/2358/8067/files/f136380cf4fa84d177c6658ccb9a6ffd.jpg?v=1774456126,paint-splash-laptop-sleeve-cutout.png
paint-splash-laptop-sleeve,9191711506659,1,0,https://cdn.shopify.com/s/files/1/0788/2358/8067/files/14cfa70f6132d68ec6633ddc13faf8ea.jpg?v=1774456127,paint-splash-laptop-sleeve-cutout.png
paint-splash-laptop-sleeve,9191711506659,2,0,https://cdn.shopify.com/s/files/1/0788/2358/8067/files/50f2a458bb07c69ab57bce0086b7f1cc.jpg?v=1774456127,paint-splash-laptop-sleeve-cutout.png
paint-splash-laptop-sleeve,9191711506659,3,0,https://cdn.shopify.com/s/files/1/0788/2358/8067/files/c9eba0f62b6fbf875838964ac8116f18.jpg?v=1774456126,paint-splash-laptop-sleeve-cutout.png
paint-splash-laptop-sleeve,9191711506659,4,0,https://cdn.shopify.com/s/files/1/0788/2358/8067/files/1a4cbe4593b56d3877aa3ac7dafc624f.jpg?v=1774456127,paint-splash-laptop-sleeve-cutout.png
paint-splash-laptop-sleeve,9191711506659,5,0,https://cdn.shopify.com/s/files/1/0788/2358/8067/files/67863c59bd4afc520fc9112abfee4229.jpg?v=1774456127,paint-splash-laptop-sleeve-cutout.png
paint-splash-laptop-sleeve,9191711506659,6,0,https://cdn.shopify.com/s/files/1/0788/2358/8067/files/d0aea132655b3783556463d49090312f.jpg?v=1774456127,paint-splash-laptop-sleeve-cutout.png
paint-splash-laptop-sleeve,9191711506659,7,0,https://cdn.shopify.com/s/files/1/0788/2358/8067/files/274da3427176df1c7a6f00f0e615173e.jpg?v=1774456127,paint-splash-laptop-sleeve-cutout.png
paint-splash-tablecloth,9191706296547,0,1,https://cdn.shopify.com/s/files/1/0788/2358/8067/files/4232bacdec1da92b33984f804e4d7691.jpg?v=1774456403,paint-splash-tablecloth-cutout.png
paint-splash-tablecloth,9191706296547,1,0,https://cdn.shopify.com/s/files/1/0788/2358/8067/files/d1badb66a96801c5f6105c07f32f45f2.jpg?v=1774456403,paint-splash-tablecloth-cutout.png
paint-splash-tablecloth,9191706296547,2,0,https://cdn.shopify.com/s/files/1/0788/2358/8067/files/c6279504ae4204e621b055a228789d33.jpg?v=1774456403,paint-splash-tablecloth-cutout.png
paint-splash-tablecloth,9191706296547,3,0,https://cdn.shopify.com/s/files/1/0788/2358/8067/files/cd381755ddf44b9facd31aaf8a7524e7.jpg?v=1774456404,paint-splash-tablecloth-cutout.png
paint-splash-tablecloth,9191706296547,4,0,https://cdn.shopify.com/s/files/1/0788/2358/8067/files/cddc12876806c4da0fdeb3afd4bf5d2b_54069749-3323-44c1-a73e-485ce4953450.jpg?v=1774456403,paint-splash-tablecloth-cutout.png
paint-splash-tablecloth,9191706296547,5,0,https://cdn.shopify.com/s/files/1/0788/2358/8067/files/68adee2cdfd3a61e8970c08b8cfb6192.jpg?v=1774456403,paint-splash-tablecloth-cutout.png
paint-splash-tablecloth,9191706296547,6,0,https://cdn.shopify.com/s/files/1/0788/2358/8067/files/3de5aa4526ca9e30fcb735b12c3d62fa.jpg?v=1774456403,paint-splash-tablecloth-cutout.png
paint-splat-confetti-leather-wallet,9185455341795,0,1,https://cdn.shopify.com/s/files/1/0788/2358/8067/files/paint-splat-confetti-leather-wallet-white-multicolor-drip-dot-aop-bifold-wearable-art-carry-4296547.png?v=1782724389,paint-splat-confetti-leather-wallet-cutout.png
paint-splat-confetti-leather-wallet,9185455341795,1,0,https://cdn.shopify.com/s/files/1/0788/2358/8067/files/2944776_0_3d.jpg?v=1774790164,paint-splat-confetti-leather-wallet-cutout.png
paint-splat-confetti-leather-wallet,9185455341795,2,0,https://cdn.shopify.com/s/files/1/0788/2358/8067/files/2944776_1_3d.jpg?v=1774790164,paint-splat-confetti-leather-wallet-cutout.png
paint-splatter-polo,9175877550307,0,1,https://cdn.shopify.com/s/files/1/0788/2358/8067/files/psychedelic-paint-splatter-polo-abstract-art-golf-shirt-9696320.png?v=1778120167,paint-splatter-polo-cutout.png
paint-splatter-polo,9175877550307,1,0,https://cdn.shopify.com/s/files/1/0788/2358/8067/files/0ca23543-il_fullxfull.7724267391_9faa.jpg?v=1774455769,paint-splatter-polo-cutout.png
paint-splatter-polo,9175877550307,2,0,https://cdn.shopify.com/s/files/1/0788/2358/8067/files/1b0dbf4b-il_fullxfull.7676321000_aj1o.jpg?v=1774455769,paint-splatter-polo-cutout.png
paint-splatter-polo,9175877550307,3,0,https://cdn.shopify.com/s/files/1/0788/2358/8067/files/b3d58dd5-il_fullxfull.7676321336_61gs.jpg?v=1774455770,paint-splatter-polo-cutout.png
paint-splatter-polo,9175877550307,4,0,https://cdn.shopify.com/s/files/1/0788/2358/8067/files/156aa325-il_fullxfull.7676321732_jl3x.jpg?v=1774455769,paint-splatter-polo-cutout.png
paint-splatter-polo,9175877550307,5,0,https://cdn.shopify.com/s/files/1/0788/2358/8067/files/974ab885-il_fullxfull.7724268725_n9gz.jpg?v=1774455769,paint-splatter-polo-cutout.png
paint-splatter-polo,9175877550307,6,0,https://cdn.shopify.com/s/files/1/0788/2358/8067/files/c5c0967e-il_fullxfull.7676322362_taw2.jpg?v=1774455769,paint-splatter-polo-cutout.png
paint-storm-flannel-slippers-mens,9191710359779,0,1,https://cdn.shopify.com/s/files/1/0788/2358/8067/files/21afee74d5e7156c627779246c71946b.jpg?v=1774456279,paint-storm-flannel-slippers-mens-cutout.png
paint-storm-flannel-slippers-mens,9191710359779,1,0,https://cdn.shopify.com/s/files/1/0788/2358/8067/files/a54fe8f01f249e71787bf1e1210687fb.jpg?v=1774456279,paint-storm-flannel-slippers-mens-cutout.png
paint-storm-flannel-slippers-mens,9191710359779,2,0,https://cdn.shopify.com/s/files/1/0788/2358/8067/files/239fbc04934a5b8fd94ba2a117a62366.jpg?v=1774456280,paint-storm-flannel-slippers-mens-cutout.png
paint-storm-flannel-slippers-mens,9191710359779,3,0,https://cdn.shopify.com/s/files/1/0788/2358/8067/files/b8e165b2a7b0ca27f8264a68b7b2ec3f.jpg?v=1774456279,paint-storm-flannel-slippers-mens-cutout.png
paint-storm-flannel-slippers-mens,9191710359779,4,0,https://cdn.shopify.com/s/files/1/0788/2358/8067/files/55eee090343982268ef3c16f62a1b101.jpg?v=1774456279,paint-storm-flannel-slippers-mens-cutout.png
paint-storm-flannel-slippers-mens,9191710359779,5,0,https://cdn.shopify.com/s/files/1/0788/2358/8067/files/794cde534e2724571429ee5bab814b35.jpg?v=1774456279,paint-storm-flannel-slippers-mens-cutout.png
paint-storm-flannel-slippers-mens,9191710359779,6,0,https://cdn.shopify.com/s/files/1/0788/2358/8067/files/92bddec56dd6624cce667e7ad37f0d3e.jpg?v=1774456279,paint-storm-flannel-slippers-mens-cutout.png
paint-storm-flannel-slippers-mens,9191710359779,7,0,https://cdn.shopify.com/s/files/1/0788/2358/8067/files/d0971b53433ea3d9783dc53619b0cfbb_742e5253-8b18-4829-b19e-99a270d37a2d.jpg?v=1774456280,paint-storm-flannel-slippers-mens-cutout.png
paint-storm-flannel-slippers-womens,9191710589155,0,1,https://cdn.shopify.com/s/files/1/0788/2358/8067/files/d3176134a1515fa45ce103aebe1af434.jpg?v=1774456279,paint-storm-flannel-slippers-womens-cutout.png
paint-storm-flannel-slippers-womens,9191710589155,1,0,https://cdn.shopify.com/s/files/1/0788/2358/8067/files/49ee6c72fb4807f69ff5a11f433e4dfe.jpg?v=1774456280,paint-storm-flannel-slippers-womens-cutout.png
paint-storm-flannel-slippers-womens,9191710589155,2,0,https://cdn.shopify.com/s/files/1/0788/2358/8067/files/895c0ee8d76790c39eecd847466f5574.jpg?v=1774456280,paint-storm-flannel-slippers-womens-cutout.png
paint-storm-flannel-slippers-womens,9191710589155,3,0,https://cdn.shopify.com/s/files/1/0788/2358/8067/files/7df10798c48765d9ceed2385f1ac1522.jpg?v=1774456279,paint-storm-flannel-slippers-womens-cutout.png
paint-storm-flannel-slippers-womens,9191710589155,4,0,https://cdn.shopify.com/s/files/1/0788/2358/8067/files/4bf0b6709e8f541c761546c661adc5d6.jpg?v=1774456280,paint-storm-flannel-slippers-womens-cutout.png
paint-storm-flannel-slippers-womens,9191710589155,5,0,https://cdn.shopify.com/s/files/1/0788/2358/8067/files/9ab2f27f812df417bed039b547ab4e88_d94d62cc-9285-4b18-9049-f7f80463addc.jpg?v=1774456280,paint-storm-flannel-slippers-womens-cutout.png
paint-storm-kids-joggers,9260924960995,0,1,https://cdn.shopify.com/s/files/1/0788/2358/8067/files/maximalist-kids-joggers-for-mini-self-expressers-abstract-aop-lounge-pants-sensory-friendly-toddler-wear-wearable-art-for-kids-6689302.png?v=1782724039,paint-storm-kids-joggers-cutout.png
paint-storm-kids-joggers,9260924960995,1,0,https://cdn.shopify.com/s/files/1/0788/2358/8067/files/maximalist-kids-joggers-for-mini-self-expressers-abstract-aop-lounge-pants-sensory-friendly-toddler-wear-wearable-art-for-kids-7165729.jpg?v=1782724035,paint-storm-kids-joggers-cutout.png
paint-storm-kids-joggers,9260924960995,2,0,https://cdn.shopify.com/s/files/1/0788/2358/8067/files/maximalist-kids-joggers-for-mini-self-expressers-abstract-aop-lounge-pants-sensory-friendly-toddler-wear-wearable-art-for-kids-5739357.jpg?v=1782724036,paint-storm-kids-joggers-cutout.png
paint-storm-kids-joggers,9260924960995,3,0,https://cdn.shopify.com/s/files/1/0788/2358/8067/files/maximalist-kids-joggers-for-mini-self-expressers-abstract-aop-lounge-pants-sensory-friendly-toddler-wear-wearable-art-for-kids-6801475.jpg?v=1782724036,paint-storm-kids-joggers-cutout.png
paint-storm-kids-joggers,9260924960995,4,0,https://cdn.shopify.com/s/files/1/0788/2358/8067/files/maximalist-kids-joggers-for-mini-self-expressers-abstract-aop-lounge-pants-sensory-friendly-toddler-wear-wearable-art-for-kids-3881229.jpg?v=1782724036,paint-storm-kids-joggers-cutout.png
painted-camo-bent-brim-cap,9191711899875,0,1,https://cdn.shopify.com/s/files/1/0788/2358/8067/files/painters-plume-aop-bent-brim-snapback-cap-brushstroke-feather-print-6-panel-curved-brim-streetwear-hat-for-art-school-aesthetics-creative-souls-5417746.png?v=1782724337,painted-camo-bent-brim-cap-cutout.png
painted-camo-bent-brim-cap,9191711899875,1,0,https://cdn.shopify.com/s/files/1/0788/2358/8067/files/2bf70c004e55643c8d7a537547071323.jpg?v=1774456127,painted-camo-bent-brim-cap-cutout.png
painted-camo-bent-brim-cap,9191711899875,2,0,https://cdn.shopify.com/s/files/1/0788/2358/8067/files/a6fd3d8de5e471b9b4d72bc293ab272c.jpg?v=1774456127,painted-camo-bent-brim-cap-cutout.png
painted-camo-bent-brim-cap,9191711899875,3,0,https://cdn.shopify.com/s/files/1/0788/2358/8067/files/b282a602ea2eb6a68fe6a61762b04794.jpg?v=1774456127,painted-camo-bent-brim-cap-cutout.png
painted-camo-bent-brim-cap,9191711899875,4,0,https://cdn.shopify.com/s/files/1/0788/2358/8067/files/87d86614c85b42c5ccce7ea35e04323f.jpg?v=1774456127,painted-camo-bent-brim-cap-cutout.png
painted-camo-bent-brim-cap,9191711899875,5,0,https://cdn.shopify.com/s/files/1/0788/2358/8067/files/ce7d3955530b26e4e0240655ace33697.jpg?v=1774456127,painted-camo-bent-brim-cap-cutout.png
painted-camo-bent-brim-cap,9191711899875,6,0,https://cdn.shopify.com/s/files/1/0788/2358/8067/files/672080abf7f43c0a274a2171d691740a.jpg?v=1774456127,painted-camo-bent-brim-cap-cutout.png
painted-camo-bent-brim-cap,9191711899875,7,0,https://cdn.shopify.com/s/files/1/0788/2358/8067/files/9250be4ddf0c10452a305bf61ac281af.jpg?v=1774456127,painted-camo-bent-brim-cap-cutout.png
painted-camo-bent-brim-cap,9191711899875,8,0,https://cdn.shopify.com/s/files/1/0788/2358/8067/files/1d4ab59c76958921f1e5597623313827.jpg?v=1774456127,painted-camo-bent-brim-cap-cutout.png
painted-camo-bent-brim-cap,9191711899875,9,0,https://cdn.shopify.com/s/files/1/0788/2358/8067/files/d10c08aacec79f495826c2fbdb73838c.jpg?v=1774456127,painted-camo-bent-brim-cap-cutout.png
painted-camo-festival-headband,9191710720227,0,1,https://cdn.shopify.com/s/files/1/0788/2358/8067/files/a158881e7f03ae7c7f54275c1af1ba5e.jpg?v=1774456279,painted-camo-festival-headband-cutout.png
painted-camo-festival-headband,9191710720227,1,0,https://cdn.shopify.com/s/files/1/0788/2358/8067/files/4d74f704b89e9fcdee8ca62eee2d917d.jpg?v=1774456279,painted-camo-festival-headband-cutout.png
painted-camo-festival-headband,9191710720227,2,0,https://cdn.shopify.com/s/files/1/0788/2358/8067/files/f46dcbbda456ed14e6dc896c73381d39.jpg?v=1774456280,painted-camo-festival-headband-cutout.png
painted-camo-festival-headband,9191710720227,3,0,https://cdn.shopify.com/s/files/1/0788/2358/8067/files/dc7152ffed63e20daf9154cb11a7427e.jpg?v=1774456280,painted-camo-festival-headband-cutout.png
painted-camo-festival-headband,9191710720227,4,0,https://cdn.shopify.com/s/files/1/0788/2358/8067/files/704845a6a7b90f6de5437ce8176a2504.jpg?v=1774456280,painted-camo-festival-headband-cutout.png
painted-camo-festival-headband,9191710720227,5,0,https://cdn.shopify.com/s/files/1/0788/2358/8067/files/00a8a0d625bc40fcbede69f3c4256c72.jpg?v=1774456280,painted-camo-festival-headband-cutout.png
painted-camo-festival-headband,9191710720227,6,0,https://cdn.shopify.com/s/files/1/0788/2358/8067/files/11f48e2388c3f068ec706fdfc0834de9.jpg?v=1774456280,painted-camo-festival-headband-cutout.png
painted-camo-festival-headband,9191710720227,7,0,https://cdn.shopify.com/s/files/1/0788/2358/8067/files/05a20c40cba4706532282312b68f618e.jpg?v=1774456280,painted-camo-festival-headband-cutout.png
painted-camo-festival-headband,9191710720227,8,0,https://cdn.shopify.com/s/files/1/0788/2358/8067/files/ca8db39c6f9263639a96d9b674f082d5.jpg?v=1774456280,painted-camo-festival-headband-cutout.png
painted-camo-guitar-pick-necklace,9191711178979,0,1,https://cdn.shopify.com/s/files/1/0788/2358/8067/files/30249b4c0610dd0419772162c2aae15c.jpg?v=1774456280,painted-camo-guitar-pick-necklace-cutout.png
painted-camo-guitar-pick-necklace,9191711178979,1,0,https://cdn.shopify.com/s/files/1/0788/2358/8067/files/453daf5e423efbe45258ee391e9e9709.jpg?v=1774456280,painted-camo-guitar-pick-necklace-cutout.png
painted-camo-guitar-pick-necklace,9191711178979,2,0,https://cdn.shopify.com/s/files/1/0788/2358/8067/files/5e5d6e1761da6b3b0202e829563f30d0.jpg?v=1774456280,painted-camo-guitar-pick-necklace-cutout.png
painted-camo-guitar-pick-necklace,9191711178979,3,0,https://cdn.shopify.com/s/files/1/0788/2358/8067/files/dd9f5faf3aa809368463896c378f6db4.jpg?v=1774456126,painted-camo-guitar-pick-necklace-cutout.png
painted-camo-guitar-pick-necklace,9191711178979,4,0,https://cdn.shopify.com/s/files/1/0788/2358/8067/files/888cdddfd0577de3ba25d93a3a697657.jpg?v=1774456126,painted-camo-guitar-pick-necklace-cutout.png
painted-camo-guitar-pick-necklace,9191711178979,5,0,https://cdn.shopify.com/s/files/1/0788/2358/8067/files/6f25cb6e4c07c3e74bb6f495b4e56120.jpg?v=1774456126,painted-camo-guitar-pick-necklace-cutout.png
painted-camo-guitar-pick-necklace,9191711178979,6,0,https://cdn.shopify.com/s/files/1/0788/2358/8067/files/b111422797573e5eda24efec4a770d5a.jpg?v=1774456126,painted-camo-guitar-pick-necklace-cutout.png
painted-camo-knee-socks,9191711015139,0,1,https://cdn.shopify.com/s/files/1/0788/2358/8067/files/912f2535114fc277638f0740f87aa701.jpg?v=1774456280,painted-camo-knee-socks-cutout.png
painted-camo-knee-socks,9191711015139,1,0,https://cdn.shopify.com/s/files/1/0788/2358/8067/files/c8d857acead12ec3bf3bc3c8cf92867e.jpg?v=1774456280,painted-camo-knee-socks-cutout.png
painted-camo-knee-socks,9191711015139,2,0,https://cdn.shopify.com/s/files/1/0788/2358/8067/files/2bc11e85d8eabf9dea1da4a0bc4c407f.jpg?v=1774456281,painted-camo-knee-socks-cutout.png
painted-camo-knee-socks,9191711015139,3,0,https://cdn.shopify.com/s/files/1/0788/2358/8067/files/796bd9887cd58764c430452321dc3ca5.jpg?v=1774456280,painted-camo-knee-socks-cutout.png
painted-camo-knee-socks,9191711015139,4,0,https://cdn.shopify.com/s/files/1/0788/2358/8067/files/bd0affe6ad0676d626c2e6ea02a022e7.jpg?v=1774456280,painted-camo-knee-socks-cutout.png
painted-camo-knee-socks,9191711015139,5,0,https://cdn.shopify.com/s/files/1/0788/2358/8067/files/0af392ea91b3d84aeaeb25d159a6fdca.jpg?v=1774456280,painted-camo-knee-socks-cutout.png
painted-camo-knee-socks,9191711015139,6,0,https://cdn.shopify.com/s/files/1/0788/2358/8067/files/22d1f9d93c1154c0bd34c8f8e6ab6650.jpg?v=1774456281,painted-camo-knee-socks-cutout.png
painted-camo-knee-socks,9191711015139,7,0,https://cdn.shopify.com/s/files/1/0788/2358/8067/files/c1441c91b0a494d8a5dc506be5b8f088.jpg?v=1774456280,painted-camo-knee-socks-cutout.png
painted-camo-knee-socks,9191711015139,8,0,https://cdn.shopify.com/s/files/1/0788/2358/8067/files/ce77a232e4ed3346ddcf18bc13d10b64.jpg?v=1774456280,painted-camo-knee-socks-cutout.png
painted-camo-knee-socks,9191711015139,9,0,https://cdn.shopify.com/s/files/1/0788/2358/8067/files/29ffc803218793865b84370cf195fc5f.jpg?v=1774456281,painted-camo-knee-socks-cutout.png
painted-camo-knee-socks,9191711015139,10,0,https://cdn.shopify.com/s/files/1/0788/2358/8067/files/15d7356a7acb12e4d34050679001d301.jpg?v=1774456280,painted-camo-knee-socks-cutout.png
painted-camo-knit-beanie,9191710851299,0,1,https://cdn.shopify.com/s/files/1/0788/2358/8067/files/paint-smear-knit-beanie-crimson-teal-brushstroke-aop-winter-hat-loud-cold-weather-accessory-1175086.png?v=1782724337,painted-camo-knit-beanie-cutout.png
painted-camo-knit-beanie,9191710851299,1,0,https://cdn.shopify.com/s/files/1/0788/2358/8067/files/d376f8d072e12a653a5c30b672e4818d.jpg?v=1774456280,painted-camo-knit-beanie-cutout.png
painted-camo-knit-beanie,9191710851299,2,0,https://cdn.shopify.com/s/files/1/0788/2358/8067/files/7728ea5c745195379089e91ae8e0e9ef.jpg?v=1774456280,painted-camo-knit-beanie-cutout.png
painted-camo-knit-beanie,9191710851299,3,0,https://cdn.shopify.com/s/files/1/0788/2358/8067/files/7a164ac6e8c06b399a3b9983e765c17f.jpg?v=1774456280,painted-camo-knit-beanie-cutout.png
painted-camo-knit-beanie,9191710851299,4,0,https://cdn.shopify.com/s/files/1/0788/2358/8067/files/204667c3a6a37686bd4f0f491eecad43.jpg?v=1774456280,painted-camo-knit-beanie-cutout.png
painted-camo-knit-beanie,9191710851299,5,0,https://cdn.shopify.com/s/files/1/0788/2358/8067/files/3437819f1f70f74cd672567b915e9f06.jpg?v=1774456280,painted-camo-knit-beanie-cutout.png
painted-camo-knit-beanie,9191710851299,6,0,https://cdn.shopify.com/s/files/1/0788/2358/8067/files/8fd57a6bc1cd6aa9d36359079e170de5.jpg?v=1774456280,painted-camo-knit-beanie-cutout.png
painted-camo-knit-beanie,9191710851299,7,0,https://cdn.shopify.com/s/files/1/0788/2358/8067/files/5d770df8fb2054299e543e64f66d065d.jpg?v=1774456280,painted-camo-knit-beanie-cutout.png
painted-camo-knit-beanie,9191710851299,8,0,https://cdn.shopify.com/s/files/1/0788/2358/8067/files/8bfee47eadafe4acaba745583f2b6a03.jpg?v=1774456280,painted-camo-knit-beanie-cutout.png
painted-camo-knit-beanie,9191710851299,9,0,https://cdn.shopify.com/s/files/1/0788/2358/8067/files/6fcc19d30bee7ea8ee14dd4eaca9a309.jpg?v=1774456280,painted-camo-knit-beanie-cutout.png
painted-camo-neck-gaiter,9191712030947,0,1,https://cdn.shopify.com/s/files/1/0788/2358/8067/files/painted-camo-neck-gaiter-multicolor-brush-dab-aop-face-cover-for-festival-trail-slope-days-8298520.png?v=1782724337,painted-camo-neck-gaiter-cutout.png
painted-camo-neck-gaiter,9191712030947,1,0,https://cdn.shopify.com/s/files/1/0788/2358/8067/files/7954d66df87703758312971b1ec52e1a.jpg?v=1774456127,painted-camo-neck-gaiter-cutout.png
painted-camo-neck-gaiter,9191712030947,2,0,https://cdn.shopify.com/s/files/1/0788/2358/8067/files/e5f0548fe8011266ff8d7cd76571eaab.jpg?v=1774456127,painted-camo-neck-gaiter-cutout.png
painted-camo-neck-gaiter,9191712030947,3,0,https://cdn.shopify.com/s/files/1/0788/2358/8067/files/ee74f315cadaaf9814d5bd85d93e0448.jpg?v=1774456127,painted-camo-neck-gaiter-cutout.png
painted-camo-neck-gaiter,9191712030947,4,0,https://cdn.shopify.com/s/files/1/0788/2358/8067/files/f37f386e0d805e4dcb5ed4d803d40b68.jpg?v=1774456127,painted-camo-neck-gaiter-cutout.png
painted-camo-neck-gaiter,9191712030947,5,0,https://cdn.shopify.com/s/files/1/0788/2358/8067/files/35de85fd5241de0ec0edd3739dc7f246.jpg?v=1774456127,painted-camo-neck-gaiter-cutout.png
painted-camo-neck-gaiter,9191712030947,6,0,https://cdn.shopify.com/s/files/1/0788/2358/8067/files/818c60708ddce07e59febe6004bfc719.jpg?v=1774456127,painted-camo-neck-gaiter-cutout.png
painted-camo-neck-gaiter,9191712030947,7,0,https://cdn.shopify.com/s/files/1/0788/2358/8067/files/1f3fb4ae8b1c252d9fdeee2d048ccabc.jpg?v=1774456127,painted-camo-neck-gaiter-cutout.png
painted-camo-neck-gaiter,9191712030947,8,0,https://cdn.shopify.com/s/files/1/0788/2358/8067/files/89d56d09fabfffebbb7a2b3a0bfd0df5.jpg?v=1774456127,painted-camo-neck-gaiter-cutout.png
painted-camo-neck-gaiter,9191712030947,9,0,https://cdn.shopify.com/s/files/1/0788/2358/8067/files/aef6815b344ac001b09e274a86e43642.jpg?v=1774456127,painted-camo-neck-gaiter-cutout.png
painted-camo-ps5-skin,9191712915683,0,1,https://cdn.shopify.com/s/files/1/0788/2358/8067/files/2b8ece4db64a8219104f98153244a7b9.jpg?v=1774456439,painted-camo-ps5-skin-cutout.png
painted-camo-ps5-skin,9191712915683,1,0,https://cdn.shopify.com/s/files/1/0788/2358/8067/files/99a7d3fde91624caf82cc128878b29d6.jpg?v=1774456439,painted-camo-ps5-skin-cutout.png
painted-camo-ps5-skin,9191712915683,2,0,https://cdn.shopify.com/s/files/1/0788/2358/8067/files/b182e9c70c569737c41e5f4974b2780a.jpg?v=1774456439,painted-camo-ps5-skin-cutout.png
painted-camo-ps5-skin,9191712915683,3,0,https://cdn.shopify.com/s/files/1/0788/2358/8067/files/d78f664d4bc758122cecd37bb298ea2d.jpg?v=1774456439,painted-camo-ps5-skin-cutout.png
painted-camo-ps5-skin,9191712915683,4,0,https://cdn.shopify.com/s/files/1/0788/2358/8067/files/efb416cb32811c813c42a47c03c0eb71.jpg?v=1774456439,painted-camo-ps5-skin-cutout.png
painted-camo-slide-sandals,9191710064867,0,1,https://cdn.shopify.com/s/files/1/0788/2358/8067/files/4146fccb2ffd1811ad4c14afe252f3ed.jpg?v=1774456314,painted-camo-slide-sandals-cutout.png
painted-camo-slide-sandals,9191710064867,1,0,https://cdn.shopify.com/s/files/1/0788/2358/8067/files/1032bcf7f064a556141c20df5157344f.jpg?v=1774456314,painted-camo-slide-sandals-cutout.png
painted-camo-slide-sandals,9191710064867,2,0,https://cdn.shopify.com/s/files/1/0788/2358/8067/files/b28d7c9d7654adb3357ccce082291d78.jpg?v=1774456314,painted-camo-slide-sandals-cutout.png
painted-camo-slide-sandals,9191710064867,3,0,https://cdn.shopify.com/s/files/1/0788/2358/8067/files/7d007f052f02a954c6a865a0e42edb98.jpg?v=1774456314,painted-camo-slide-sandals-cutout.png
painted-camo-slide-sandals,9191710064867,4,0,https://cdn.shopify.com/s/files/1/0788/2358/8067/files/09ca2e578cce5d25079e89be1bdf606d.jpg?v=1774456314,painted-camo-slide-sandals-cutout.png
painted-camo-slide-sandals,9191710064867,5,0,https://cdn.shopify.com/s/files/1/0788/2358/8067/files/0e3b14a2271f56359673fa4d7dbcad1b.jpg?v=1774456281,painted-camo-slide-sandals-cutout.png
painted-camo-slide-sandals,9191710064867,6,0,https://cdn.shopify.com/s/files/1/0788/2358/8067/files/7bb7f8e639e336275967f114def945fa.jpg?v=1774456279,painted-camo-slide-sandals-cutout.png
painted-camo-slide-sandals,9191710064867,7,0,https://cdn.shopify.com/s/files/1/0788/2358/8067/files/9783c53e2cde84b8469ef6c35f6c6e5e.jpg?v=1774456279,painted-camo-slide-sandals-cutout.png
painted-camo-slide-sandals,9191710064867,8,0,https://cdn.shopify.com/s/files/1/0788/2358/8067/files/0719a068935c0d9d38d1c73ffa53d91a.jpg?v=1774456279,painted-camo-slide-sandals-cutout.png
painted-camo-snapback,9191709704419,0,1,https://cdn.shopify.com/s/files/1/0788/2358/8067/files/43cab436b2a69c3c76a5fc64eb161c3d.jpg?v=1774456314,painted-camo-snapback-cutout.png
painted-camo-snapback,9191709704419,1,0,https://cdn.shopify.com/s/files/1/0788/2358/8067/files/d680519ec07b4252bda379faeb1bc36a.jpg?v=1774456313,painted-camo-snapback-cutout.png
painted-camo-snapback,9191709704419,2,0,https://cdn.shopify.com/s/files/1/0788/2358/8067/files/65c81f2ca31a71cece8b5ab348b16997.jpg?v=1774456314,painted-camo-snapback-cutout.png
painted-camo-snapback,9191709704419,3,0,https://cdn.shopify.com/s/files/1/0788/2358/8067/files/bc85ab8dcacda4aa4eff185683648fe9.jpg?v=1774456314,painted-camo-snapback-cutout.png
painted-camo-snapback,9191709704419,4,0,https://cdn.shopify.com/s/files/1/0788/2358/8067/files/c4ef726f53f1c826d74ceb7cc40da414.jpg?v=1774456314,painted-camo-snapback-cutout.png
painted-camo-snapback,9191709704419,5,0,https://cdn.shopify.com/s/files/1/0788/2358/8067/files/95719a64daa6cff2b5a5883d28b91a0a.jpg?v=1774456314,painted-camo-snapback-cutout.png
painted-camo-snapback,9191709704419,6,0,https://cdn.shopify.com/s/files/1/0788/2358/8067/files/b341c607289996935859d4018958ea0c.jpg?v=1774456314,painted-camo-snapback-cutout.png
painted-camo-snapback,9191709704419,7,0,https://cdn.shopify.com/s/files/1/0788/2358/8067/files/ebf62d0cc87b35c7c87c90e27d34d07f.jpg?v=1774456314,painted-camo-snapback-cutout.png
painted-camo-snapback,9191709704419,8,0,https://cdn.shopify.com/s/files/1/0788/2358/8067/files/2503462cdb12a16716eaaae397880119_05c097df-1fc3-4bb3-8f8e-8b2ba4d4d0a5.jpg?v=1774456314,painted-camo-snapback-cutout.png
painted-camo-tablecloth,9191705870563,0,1,https://cdn.shopify.com/s/files/1/0788/2358/8067/files/958c48eac1baad084eabf95cac69d2c6.jpg?v=1774456403,painted-camo-tablecloth-cutout.png
painted-camo-tablecloth,9191705870563,1,0,https://cdn.shopify.com/s/files/1/0788/2358/8067/files/8aea0ad09e1d137e5464cc5847ab41e5.jpg?v=1774456403,painted-camo-tablecloth-cutout.png
painted-camo-tablecloth,9191705870563,2,0,https://cdn.shopify.com/s/files/1/0788/2358/8067/files/a30039240f0b328c896674317437b399.jpg?v=1774456403,painted-camo-tablecloth-cutout.png
painted-camo-tablecloth,9191705870563,3,0,https://cdn.shopify.com/s/files/1/0788/2358/8067/files/1ab2e402ad89b309923d79db5f62f141.jpg?v=1774456403,painted-camo-tablecloth-cutout.png
painted-camo-tablecloth,9191705870563,4,0,https://cdn.shopify.com/s/files/1/0788/2358/8067/files/91a06fe5b3ba3bafd572c61c599282ad.jpg?v=1774456403,painted-camo-tablecloth-cutout.png
painted-camo-tablecloth,9191705870563,5,0,https://cdn.shopify.com/s/files/1/0788/2358/8067/files/7536a42ce8f98d2c71fa963a1403abed.jpg?v=1774456403,painted-camo-tablecloth-cutout.png
painted-camo-tablecloth,9191705870563,6,0,https://cdn.shopify.com/s/files/1/0788/2358/8067/files/176fdcc08a06503463f4bd2b602135ff.jpg?v=1774456403,painted-camo-tablecloth-cutout.png
painted-camo-tablecloth,9191705870563,7,0,https://cdn.shopify.com/s/files/1/0788/2358/8067/files/8f8f9697bfe5c3dca5546ce8cb456a9d.jpg?v=1774456403,painted-camo-tablecloth-cutout.png
painted-camo-uv-arm-sleeves,9191709868259,0,1,https://cdn.shopify.com/s/files/1/0788/2358/8067/files/paint-splatter-uv-arm-sleeves-ice-silk-cooling-unisex-s-xl-4188777.png?v=1778120107,painted-camo-uv-arm-sleeves-cutout.png
painted-camo-uv-arm-sleeves,9191709868259,1,0,https://cdn.shopify.com/s/files/1/0788/2358/8067/files/cf3cb6246686791b5c6e260ef5e31cb0.jpg?v=1774456314,painted-camo-uv-arm-sleeves-cutout.png
painted-camo-uv-arm-sleeves,9191709868259,2,0,https://cdn.shopify.com/s/files/1/0788/2358/8067/files/5df65ac8dc7fd98de59d50d2e8fd8f77.jpg?v=1774456314,painted-camo-uv-arm-sleeves-cutout.png
painted-camo-uv-arm-sleeves,9191709868259,3,0,https://cdn.shopify.com/s/files/1/0788/2358/8067/files/e4f7c171b6aefe1e049dd59a4b4141ce.jpg?v=1774456315,painted-camo-uv-arm-sleeves-cutout.png
painted-camo-uv-arm-sleeves,9191709868259,4,0,https://cdn.shopify.com/s/files/1/0788/2358/8067/files/d5d4f15cb87cfa451fa7a16e76484de6.jpg?v=1774456314,painted-camo-uv-arm-sleeves-cutout.png
painted-camo-uv-arm-sleeves,9191709868259,5,0,https://cdn.shopify.com/s/files/1/0788/2358/8067/files/eef39b1c69605b62c7fa467af9abf1e2.jpg?v=1774456314,painted-camo-uv-arm-sleeves-cutout.png
painted-camo-uv-arm-sleeves,9191709868259,6,0,https://cdn.shopify.com/s/files/1/0788/2358/8067/files/4ca15f4d5b073401baeb07fe0d44a8e9.jpg?v=1774456314,painted-camo-uv-arm-sleeves-cutout.png
painted-camo-uv-arm-sleeves,9191709868259,7,0,https://cdn.shopify.com/s/files/1/0788/2358/8067/files/1ebe20fff8144815f7e02127036172d5.jpg?v=1774456314,painted-camo-uv-arm-sleeves-cutout.png
painted-camo-uv-arm-sleeves,9191709868259,8,0,https://cdn.shopify.com/s/files/1/0788/2358/8067/files/168454d1e3289f5c3f01e283cc8e908f.jpg?v=1774456314,painted-camo-uv-arm-sleeves-cutout.png
painted-curls-tie-dye-duvet-set,9175875748067,0,1,https://cdn.shopify.com/s/files/1/0788/2358/8067/files/68b241ac-il_fullxfull.7691827060_4jew.jpg?v=1774791005,painted-curls-tie-dye-duvet-set-cutout.png
painted-curls-tie-dye-duvet-set,9175875748067,1,0,https://cdn.shopify.com/s/files/1/0788/2358/8067/files/022f331c-il_fullxfull.7739771045_qjy8.jpg?v=1774791005,painted-curls-tie-dye-duvet-set-cutout.png
paper-trail-sleeveless-maxi-dress,9231810658531,0,1,https://cdn.shopify.com/s/files/1/0788/2358/8067/files/all-over-print-womens-sleeveless-maxi-dress-7068810.png?v=1776796693,paper-trail-sleeveless-maxi-dress-cutout.png
paper-trail-sleeveless-maxi-dress,9231810658531,1,0,https://cdn.shopify.com/s/files/1/0788/2358/8067/files/all-over-print-womens-sleeveless-maxi-dress-7172845.jpg?v=1776714280,paper-trail-sleeveless-maxi-dress-cutout.png
paper-trail-sleeveless-maxi-dress,9231810658531,2,0,https://cdn.shopify.com/s/files/1/0788/2358/8067/files/all-over-print-womens-sleeveless-maxi-dress-4867413.jpg?v=1776714280,paper-trail-sleeveless-maxi-dress-cutout.png
paper-trail-sleeveless-maxi-dress,9231810658531,3,0,https://cdn.shopify.com/s/files/1/0788/2358/8067/files/all-over-print-womens-sleeveless-maxi-dress-8088635.jpg?v=1776714280,paper-trail-sleeveless-maxi-dress-cutout.png
paste-up-wall-poplin-shirt,9175876436195,0,1,https://cdn.shopify.com/s/files/1/0788/2358/8067/files/1c425b8e-il_fullxfull.7676323200_awiu.jpg?v=1774790831,paste-up-wall-poplin-shirt-cutout.png
paste-up-wall-poplin-shirt,9175876436195,1,0,https://cdn.shopify.com/s/files/1/0788/2358/8067/files/38a9bc0e-il_fullxfull.7676323500_otod.jpg?v=1774790831,paste-up-wall-poplin-shirt-cutout.png
paste-up-wall-poplin-shirt,9175876436195,2,0,https://cdn.shopify.com/s/files/1/0788/2358/8067/files/5a1cbf80-il_fullxfull.7676323882_m6nt.jpg?v=1774790831,paste-up-wall-poplin-shirt-cutout.png
paste-up-wall-poplin-shirt,9175876436195,3,0,https://cdn.shopify.com/s/files/1/0788/2358/8067/files/6a28d3d6-il_fullxfull.7676324182_7o9p.jpg?v=1774790831,paste-up-wall-poplin-shirt-cutout.png
paste-up-wall-poplin-shirt,9175876436195,4,0,https://cdn.shopify.com/s/files/1/0788/2358/8067/files/6748f7f7-il_fullxfull.7724271243_3ahc.jpg?v=1774790831,paste-up-wall-poplin-shirt-cutout.png
paste-up-wall-poplin-shirt,9175876436195,5,0,https://cdn.shopify.com/s/files/1/0788/2358/8067/files/d898596e-il_fullxfull.7724271545_8d27.jpg?v=1774790832,paste-up-wall-poplin-shirt-cutout.png
paste-up-wall-poplin-shirt,9175876436195,6,0,https://cdn.shopify.com/s/files/1/0788/2358/8067/files/dc0283cb-il_fullxfull.7724271727_5f62.jpg?v=1774790832,paste-up-wall-poplin-shirt-cutout.png
paste-up-wall-poplin-shirt,9175876436195,7,0,https://cdn.shopify.com/s/files/1/0788/2358/8067/files/b40f177f-il_fullxfull.7724271971_2sey.jpg?v=1774790831,paste-up-wall-poplin-shirt-cutout.png
paste-up-wall-poplin-shirt,9175876436195,8,0,https://cdn.shopify.com/s/files/1/0788/2358/8067/files/7ff5cbdd-il_fullxfull.7676325468_mxti.jpg?v=1774790831,paste-up-wall-poplin-shirt-cutout.png
paste-up-wall-poplin-shirt,9175876436195,9,0,https://cdn.shopify.com/s/files/1/0788/2358/8067/files/54f404e9-il_fullxfull.7724272447_1scn.jpg?v=1774790831,paste-up-wall-poplin-shirt-cutout.png
paste-up-wall-poplin-shirt,9175876436195,10,0,https://cdn.shopify.com/s/files/1/0788/2358/8067/files/graffiti-print-cotton-poplin-shirt-for-creative-directors-and-urban-stylists-antibacterial-aop-designer-workwear-smart-casual-street-art-statement-9690001.png?v=1782724570,paste-up-wall-poplin-shirt-cutout.png
pastel-acrylic-pour-swirl-svg,9260708856035,0,1,https://cdn.shopify.com/s/files/1/0788/2358/8067/files/pastel-acrylic-pour-swirl-svg-all-over-print-sublimation-digital-download-fluid-art-vector-design-4742658.png?v=1782724155,pastel-acrylic-pour-swirl-svg-cutout.png
pastel-melt-swirl-hoodie,9193886089443,0,1,https://cdn.shopify.com/s/files/1/0788/2358/8067/files/all-over-print-womens-pullover-hoodie-2827873.png?v=1778120046,pastel-melt-swirl-hoodie-cutout.png
pastel-melt-swirl-hoodie,9193886089443,1,0,https://cdn.shopify.com/s/files/1/0788/2358/8067/files/155733-1d7bffd5-38dd-47f6-a360-02d02a82ef0d.jpg?v=1774789513,pastel-melt-swirl-hoodie-cutout.png
pastel-melt-swirl-hoodie,9193886089443,2,0,https://cdn.shopify.com/s/files/1/0788/2358/8067/files/155733-5f1578ec-f56f-4398-ab2f-b777e050363c.jpg?v=1774789514,pastel-melt-swirl-hoodie-cutout.png
pastel-melt-swirl-hoodie,9193886089443,3,0,https://cdn.shopify.com/s/files/1/0788/2358/8067/files/155733-b44b44e3-0a31-49eb-bae0-cde5ad0e3bae.jpg?v=1774789513,pastel-melt-swirl-hoodie-cutout.png
pastel-melt-swirl-hoodie,9193886089443,4,0,https://cdn.shopify.com/s/files/1/0788/2358/8067/files/155733-a007c1eb-b11f-4c89-9afa-0141cbac2018.jpg?v=1774789513,pastel-melt-swirl-hoodie-cutout.png
pastel-melt-swirl-hoodie,9193886089443,5,0,https://cdn.shopify.com/s/files/1/0788/2358/8067/files/155733-c0ae6292-5763-40c5-b5b0-28e18ec71ef0.jpg?v=1774789513,pastel-melt-swirl-hoodie-cutout.png
pastel-melt-swirl-hoodie,9193886089443,6,0,https://cdn.shopify.com/s/files/1/0788/2358/8067/files/155733-fdb6edf6-a8e5-4636-917a-99b8c0c1a097.jpg?v=1774789513,pastel-melt-swirl-hoodie-cutout.png
pastel-melt-swirl-hoodie,9193886089443,7,0,https://cdn.shopify.com/s/files/1/0788/2358/8067/files/0fbbb738-0a93-460d-9c2b-485b44cb8661.png?v=1774789513,pastel-melt-swirl-hoodie-cutout.png
pastel-pebble-bloom-polo,9559441178851,0,1,https://cdn.shopify.com/s/files/1/0788/2358/8067/files/155733-3211a8af-ddbe-409d-9c7c-d8d2b2392cdc.jpg?v=1783811311,pastel-pebble-bloom-polo-cutout.png
pastel-pebble-bloom-polo,9559441178851,1,0,https://cdn.shopify.com/s/files/1/0788/2358/8067/files/155733-d7afc2ff-bd7f-41d8-9a77-65d94d19de70.jpg?v=1783811312,pastel-pebble-bloom-polo-cutout.png
pastel-pebble-bloom-polo,9559441178851,2,0,https://cdn.shopify.com/s/files/1/0788/2358/8067/files/155733-c05e51bf-118b-4421-bd31-819c4cef55ae.jpg?v=1783811313,pastel-pebble-bloom-polo-cutout.png
pastel-pebble-bloom-polo,9559441178851,3,0,https://cdn.shopify.com/s/files/1/0788/2358/8067/files/155733-949366f0-29f5-48c3-97ce-be1d34f99ea6.jpg?v=1783811317,pastel-pebble-bloom-polo-cutout.png
pastel-pebble-bloom-polo,9559441178851,4,0,https://cdn.shopify.com/s/files/1/0788/2358/8067/files/155733-72bd59d2-a0b9-43cd-adf2-2dc9d0c709de.jpg?v=1783811315,pastel-pebble-bloom-polo-cutout.png
pawsitive-vibrations-off-shoulder-sweatshirt,9231542223075,0,1,https://cdn.shopify.com/s/files/1/0788/2358/8067/files/all-over-print-womens-oversized-off-shoulder-sweatshirt-pawsitive-vibrations-dog-print-2992039.png?v=1776796692,pawsitive-vibrations-off-shoulder-sweatshirt-cutout.png
pawsitive-vibrations-off-shoulder-sweatshirt,9231542223075,1,0,https://cdn.shopify.com/s/files/1/0788/2358/8067/files/all-over-print-oversized-womens-off-shoulder-sweatshirt-5383763.jpg?v=1776746545,pawsitive-vibrations-off-shoulder-sweatshirt-cutout.png
pawsitive-vibrations-off-shoulder-sweatshirt,9231542223075,2,0,https://cdn.shopify.com/s/files/1/0788/2358/8067/files/all-over-print-oversized-womens-off-shoulder-sweatshirt-8766413.jpg?v=1776746545,pawsitive-vibrations-off-shoulder-sweatshirt-cutout.png
pawsitive-vibrations-off-shoulder-sweatshirt,9231542223075,3,0,https://cdn.shopify.com/s/files/1/0788/2358/8067/files/all-over-print-oversized-womens-off-shoulder-sweatshirt-8942599.jpg?v=1776746545,pawsitive-vibrations-off-shoulder-sweatshirt-cutout.png
pawsitive-vibrations-off-shoulder-sweatshirt,9231542223075,4,0,https://cdn.shopify.com/s/files/1/0788/2358/8067/files/all-over-print-oversized-womens-off-shoulder-sweatshirt-4817245.jpg?v=1776746545,pawsitive-vibrations-off-shoulder-sweatshirt-cutout.png
pawsitive-vibrations-off-shoulder-sweatshirt,9231542223075,5,0,https://cdn.shopify.com/s/files/1/0788/2358/8067/files/all-over-print-oversized-womens-off-shoulder-sweatshirt-3566133.png?v=1776746545,pawsitive-vibrations-off-shoulder-sweatshirt-cutout.png
pearl-cell-vexel-svg,9260746670307,0,1,https://cdn.shopify.com/s/files/1/0788/2358/8067/files/pearl_cell_vexel_v44.svg?v=1778522631,pearl-cell-vexel-svg-cutout.png
pearl-prism-one-piece-swimsuit,9260235358435,0,1,https://cdn.shopify.com/s/files/1/0788/2358/8067/files/mermaid-scale-one-piece-swimsuit-iridescent-aop-one-piece-4998072.png?v=1782724214,pearl-prism-one-piece-swimsuit-cutout.png
pearl-prism-one-piece-swimsuit,9260235358435,1,0,https://cdn.shopify.com/s/files/1/0788/2358/8067/files/mermaid-scale-one-piece-swimsuit-iridescent-aop-one-piece-2765711.jpg?v=1782724156,pearl-prism-one-piece-swimsuit-cutout.png
pearl-prism-one-piece-swimsuit,9260235358435,2,0,https://cdn.shopify.com/s/files/1/0788/2358/8067/files/mermaid-scale-one-piece-swimsuit-iridescent-aop-one-piece-3652696.jpg?v=1782724214,pearl-prism-one-piece-swimsuit-cutout.png
pearl-prism-one-piece-swimsuit,9260235358435,3,0,https://cdn.shopify.com/s/files/1/0788/2358/8067/files/mermaid-scale-one-piece-swimsuit-iridescent-aop-one-piece-8349483.jpg?v=1782724214,pearl-prism-one-piece-swimsuit-cutout.png
pearl-prism-one-piece-swimsuit,9260235358435,4,0,https://cdn.shopify.com/s/files/1/0788/2358/8067/files/mermaid-scale-one-piece-swimsuit-iridescent-aop-one-piece-2969503.jpg?v=1782724214,pearl-prism-one-piece-swimsuit-cutout.png
pearl-prism-one-piece-swimsuit,9260235358435,5,0,https://cdn.shopify.com/s/files/1/0788/2358/8067/files/mermaid-scale-one-piece-swimsuit-iridescent-aop-one-piece-9684974.jpg?v=1782724155,pearl-prism-one-piece-swimsuit-cutout.png
pearl-prism-one-piece-swimsuit,9260235358435,6,0,https://cdn.shopify.com/s/files/1/0788/2358/8067/files/mermaid-scale-one-piece-swimsuit-iridescent-aop-one-piece-6429724.jpg?v=1782724156,pearl-prism-one-piece-swimsuit-cutout.png
pearl-prism-one-piece-swimsuit,9260235358435,7,0,https://cdn.shopify.com/s/files/1/0788/2358/8067/files/mermaid-scale-one-piece-swimsuit-iridescent-aop-one-piece-2683374.jpg?v=1782724277,pearl-prism-one-piece-swimsuit-cutout.png
pearl-prism-one-piece-swimsuit,9260235358435,8,0,https://cdn.shopify.com/s/files/1/0788/2358/8067/files/mermaid-scale-one-piece-swimsuit-iridescent-aop-one-piece-1714292.jpg?v=1782724155,pearl-prism-one-piece-swimsuit-cutout.png
pearl-prism-one-piece-swimsuit,9260235358435,9,0,https://cdn.shopify.com/s/files/1/0788/2358/8067/files/mermaid-scale-one-piece-swimsuit-iridescent-aop-one-piece-3639598.jpg?v=1782724155,pearl-prism-one-piece-swimsuit-cutout.png
pearl-prism-one-piece-swimsuit,9260235358435,10,0,https://cdn.shopify.com/s/files/1/0788/2358/8067/files/mermaid-scale-one-piece-swimsuit-iridescent-aop-one-piece-3820980.jpg?v=1782724214,pearl-prism-one-piece-swimsuit-cutout.png
pearl-prism-one-piece-swimsuit,9260235358435,11,0,https://cdn.shopify.com/s/files/1/0788/2358/8067/files/mermaid-scale-one-piece-swimsuit-iridescent-aop-one-piece-1766971.jpg?v=1782724155,pearl-prism-one-piece-swimsuit-cutout.png
petrol-swirl-lapel-shirt,9193877831907,0,1,https://cdn.shopify.com/s/files/1/0788/2358/8067/files/mystery-machine-aop-lapel-shirt-125gsm-slub-cotton-retro-9012619.png?v=1778120046,petrol-swirl-lapel-shirt-cutout.png
petrol-swirl-lapel-shirt,9193877831907,1,0,https://cdn.shopify.com/s/files/1/0788/2358/8067/files/155733-c8cba58b-60fc-46bb-8fbc-a27e7bc6a385.jpg?v=1774789746,petrol-swirl-lapel-shirt-cutout.png
petrol-swirl-lapel-shirt,9193877831907,2,0,https://cdn.shopify.com/s/files/1/0788/2358/8067/files/155733-38e3d7f4-066b-4a87-a078-f4c4e09573ec.jpg?v=1774789746,petrol-swirl-lapel-shirt-cutout.png
petrol-swirl-lapel-shirt,9193877831907,3,0,https://cdn.shopify.com/s/files/1/0788/2358/8067/files/155733-49853c31-6674-4b84-b3b5-11f2d8e6e84d.jpg?v=1774789746,petrol-swirl-lapel-shirt-cutout.png
petrol-swirl-lapel-shirt,9193877831907,4,0,https://cdn.shopify.com/s/files/1/0788/2358/8067/files/155733-4a6accba-c374-4c7f-ab25-992eeae9af68.jpg?v=1774789746,petrol-swirl-lapel-shirt-cutout.png
petrol-swirl-lapel-shirt,9193877831907,5,0,https://cdn.shopify.com/s/files/1/0788/2358/8067/files/155733-379e69f0-f16c-4979-95b1-113c52e4f404.jpg?v=1774789746,petrol-swirl-lapel-shirt-cutout.png
petrol-swirl-lapel-shirt,9193877831907,6,0,https://cdn.shopify.com/s/files/1/0788/2358/8067/files/155733-4960185b-046e-4385-9e75-f7a6a3e77dc3.jpg?v=1774789746,petrol-swirl-lapel-shirt-cutout.png
petrol-swirl-lapel-shirt,9193877831907,7,0,https://cdn.shopify.com/s/files/1/0788/2358/8067/files/155733-2a4c2ac3-b1b2-4fc0-a263-7d1a10833e3a.jpg?v=1774789746,petrol-swirl-lapel-shirt-cutout.png
petrol-swirl-silk-pajama-set,9193878946019,0,1,https://cdn.shopify.com/s/files/1/0788/2358/8067/files/155733-2fac7b9a-81cd-4c7a-8074-c6e5b1f13fee.jpg?v=1774789574,petrol-swirl-silk-pajama-set-cutout.png
petrol-swirl-silk-pajama-set,9193878946019,1,0,https://cdn.shopify.com/s/files/1/0788/2358/8067/files/155733-ca093e6b-5379-48c0-b6ae-5d2dbcb9e014.jpg?v=1774789574,petrol-swirl-silk-pajama-set-cutout.png
petrol-swirl-silk-pajama-set,9193878946019,2,0,https://cdn.shopify.com/s/files/1/0788/2358/8067/files/155733-2f472e31-b0cc-4e41-8eb6-841b57bf1835.jpg?v=1774789574,petrol-swirl-silk-pajama-set-cutout.png
petrol-swirl-silk-pajama-set,9193878946019,3,0,https://cdn.shopify.com/s/files/1/0788/2358/8067/files/155733-84ba6af8-02bb-4c9c-9dcf-4baeb7239cc5.jpg?v=1774789574,petrol-swirl-silk-pajama-set-cutout.png
petrol-swirl-silk-pajama-set,9193878946019,4,0,https://cdn.shopify.com/s/files/1/0788/2358/8067/files/155733-61a0dded-26b9-476d-ace2-06506fea0d5d.jpg?v=1774789574,petrol-swirl-silk-pajama-set-cutout.png
petrol-swirl-silk-pajama-set,9193878946019,5,0,https://cdn.shopify.com/s/files/1/0788/2358/8067/files/155733-097285bc-049f-4217-a472-b454596b6ad5.jpg?v=1774789575,petrol-swirl-silk-pajama-set-cutout.png
petrol-swirl-silk-pajama-set,9193878946019,6,0,https://cdn.shopify.com/s/files/1/0788/2358/8067/files/a4874f86-d61f-42f4-8965-a5faf7869d8b.png?v=1774789574,petrol-swirl-silk-pajama-set-cutout.png
pink-black-liquid-grunge-henley-shirt,9175875715299,0,1,https://cdn.shopify.com/s/files/1/0788/2358/8067/files/mens-henley-shirt-pink-black-liquid-grunge-art-long-sleeve-streetwear-4286880.png?v=1782815412,pink-black-liquid-grunge-henley-shirt-cutout.png
pink-black-liquid-grunge-henley-shirt,9175875715299,1,0,https://cdn.shopify.com/s/files/1/0788/2358/8067/files/mens-henley-shirt-pink-black-liquid-grunge-art-long-sleeve-streetwear-3155153.png?v=1782815411,pink-black-liquid-grunge-henley-shirt-cutout.png
pink-black-liquid-grunge-henley-shirt,9175875715299,2,0,https://cdn.shopify.com/s/files/1/0788/2358/8067/files/mens-henley-shirt-pink-black-liquid-grunge-art-long-sleeve-streetwear-8920535.png?v=1782815411,pink-black-liquid-grunge-henley-shirt-cutout.png
pink-black-liquid-grunge-henley-shirt,9175875715299,3,0,https://cdn.shopify.com/s/files/1/0788/2358/8067/files/mens-henley-shirt-pink-black-liquid-grunge-art-long-sleeve-streetwear-6332599.png?v=1782815411,pink-black-liquid-grunge-henley-shirt-cutout.png
pink-black-liquid-grunge-henley-shirt,9175875715299,4,0,https://cdn.shopify.com/s/files/1/0788/2358/8067/files/mens-henley-shirt-pink-black-liquid-grunge-art-long-sleeve-streetwear-4476560.png?v=1782815411,pink-black-liquid-grunge-henley-shirt-cutout.png
pink-black-liquid-grunge-henley-shirt,9175875715299,5,0,https://cdn.shopify.com/s/files/1/0788/2358/8067/files/mens-henley-shirt-pink-black-liquid-grunge-art-long-sleeve-streetwear-8813868.png?v=1782815411,pink-black-liquid-grunge-henley-shirt-cutout.png
pirates-primary-splash-briefs,9366712910051,0,1,https://cdn.shopify.com/s/files/1/0788/2358/8067/files/pirates-primary-splash-briefs-navy-gold-abstract-aop-180gsm-cotton-underwear-bold-basics-8556555.png?v=1782724149,pirates-primary-splash-briefs-cutout.png
pirates-primary-splash-briefs,9366712910051,1,0,https://cdn.shopify.com/s/files/1/0788/2358/8067/files/pirates-primary-splash-briefs-navy-gold-abstract-aop-180gsm-cotton-underwear-bold-basics-4862712.jpg?v=1782724148,pirates-primary-splash-briefs-cutout.png
pirates-primary-splash-briefs,9366712910051,2,0,https://cdn.shopify.com/s/files/1/0788/2358/8067/files/pirates-primary-splash-briefs-navy-gold-abstract-aop-180gsm-cotton-underwear-bold-basics-4019052.jpg?v=1782724148,pirates-primary-splash-briefs-cutout.png
pixel-sunset-kids-lounge-pants,9261115867363,0,1,https://cdn.shopify.com/s/files/1/0788/2358/8067/files/kids-aop-lounge-pants-for-bold-little-self-expressers-all-over-print-pajama-bottoms-made-in-usa-assembled-maximalist-kids-sleepwear-3295823.jpg?v=1782724035,pixel-sunset-kids-lounge-pants-cutout.png
pixel-sunset-kids-lounge-pants,9261115867363,1,0,https://cdn.shopify.com/s/files/1/0788/2358/8067/files/kids-aop-lounge-pants-for-bold-little-self-expressers-all-over-print-pajama-bottoms-made-in-usa-assembled-maximalist-kids-sleepwear-2096014.jpg?v=1782724034,pixel-sunset-kids-lounge-pants-cutout.png
pixel-sunset-kids-lounge-pants,9261115867363,2,0,https://cdn.shopify.com/s/files/1/0788/2358/8067/files/kids-aop-lounge-pants-for-bold-little-self-expressers-all-over-print-pajama-bottoms-made-in-usa-assembled-maximalist-kids-sleepwear-5088227.jpg?v=1782724035,pixel-sunset-kids-lounge-pants-cutout.png
pixel-sunset-kids-lounge-pants,9261115867363,3,0,https://cdn.shopify.com/s/files/1/0788/2358/8067/files/kids-aop-lounge-pants-for-bold-little-self-expressers-all-over-print-pajama-bottoms-made-in-usa-assembled-maximalist-kids-sleepwear-2912566.jpg?v=1782724034,pixel-sunset-kids-lounge-pants-cutout.png
pixel-sunset-kids-lounge-pants,9261115867363,4,0,https://cdn.shopify.com/s/files/1/0788/2358/8067/files/kids-aop-lounge-pants-for-bold-little-self-expressers-all-over-print-pajama-bottoms-made-in-usa-assembled-maximalist-kids-sleepwear-1517951.jpg?v=1782724034,pixel-sunset-kids-lounge-pants-cutout.png
plurrple-neural-web-hoodie,9214500339939,0,1,https://cdn.shopify.com/s/files/1/0788/2358/8067/files/plurrple-aop-pullover-hoodie-bioluminescent-neural-web-streetwear-7334636.png?v=1777788666,plurrple-neural-web-hoodie-cutout.png
plurrple-neural-web-hoodie,9214500339939,1,0,https://cdn.shopify.com/s/files/1/0788/2358/8067/files/1757385743104-1.jpg?v=1776080527,plurrple-neural-web-hoodie-cutout.png
plurrple-neural-web-hoodie,9214500339939,2,0,https://cdn.shopify.com/s/files/1/0788/2358/8067/files/rn-image_picker_lib_temp_d9b2b2c2-c468-48ab-9902-602c14084af2.png?v=1776080586,plurrple-neural-web-hoodie-cutout.png
plurrple-neural-web-hoodie,9214500339939,3,0,https://cdn.shopify.com/s/files/1/0788/2358/8067/files/rn-image_picker_lib_temp_8552fa6c-5d8f-4eed-b221-600e32bd0fbf.png?v=1776080527,plurrple-neural-web-hoodie-cutout.png
plurrple-neural-web-hoodie,9214500339939,4,0,https://cdn.shopify.com/s/files/1/0788/2358/8067/files/rn-image_picker_lib_temp_6ff3f705-92e9-4e36-a5d7-30531925dd60.png?v=1776080586,plurrple-neural-web-hoodie-cutout.png
plurrple-neural-web-hoodie,9214500339939,5,0,https://cdn.shopify.com/s/files/1/0788/2358/8067/files/rn-image_picker_lib_temp_ae85ffb1-2873-4236-afee-0ac28399e628.png?v=1776080586,plurrple-neural-web-hoodie-cutout.png
plurrple-neural-web-hoodie,9214500339939,6,0,https://cdn.shopify.com/s/files/1/0788/2358/8067/files/gemini-2.5-flash-image-exquisite_high_fashion_photography_of_Keep_everything_from_the_selected_image_id-1_4.jpg?v=1776080526,plurrple-neural-web-hoodie-cutout.png
plurrple-neural-web-hoodie,9214500339939,7,0,https://cdn.shopify.com/s/files/1/0788/2358/8067/files/gemini-2.5-flash-image-exquisite_high_fashion_photography_of_Keep_everything_from_the_selected_image_id-3_3.jpg?v=1776080586,plurrple-neural-web-hoodie-cutout.png
plurrple-neural-web-hoodie,9214500339939,8,0,https://cdn.shopify.com/s/files/1/0788/2358/8067/files/1757385740170-1.jpg?v=1776080527,plurrple-neural-web-hoodie-cutout.png
plurrple-neural-web-hoodie,9214500339939,9,0,https://cdn.shopify.com/s/files/1/0788/2358/8067/files/gemini-2.5-flash-image-exquisite_high_fashion_photography_of_Keep_everything_from_the_selected_image_id-2_3.jpg?v=1776080586,plurrple-neural-web-hoodie-cutout.png
plurrple-neural-web-hoodie,9214500339939,10,0,https://cdn.shopify.com/s/files/1/0788/2358/8067/files/1757385553612.png?v=1776080527,plurrple-neural-web-hoodie-cutout.png
plurrple-neural-web-hoodie,9214500339939,11,0,https://cdn.shopify.com/s/files/1/0788/2358/8067/files/1765207589111-Firefly_Gemini_Flash_Keep_everything_from_the_selecte_353320_jSq_png.png?v=1776080527,plurrple-neural-web-hoodie-cutout.png
plurrrple-long-sleeve-shirt-dress,9175879549155,0,1,https://cdn.shopify.com/s/files/1/0788/2358/8067/files/b8f03c0e-il_fullxfull.7676318730_cckj.jpg?v=1774791012,plurrrple-long-sleeve-shirt-dress-cutout.png
plurrrple-long-sleeve-shirt-dress,9175879549155,1,0,https://cdn.shopify.com/s/files/1/0788/2358/8067/files/00705b15-il_fullxfull.7724265987_fpjj.jpg?v=1774791012,plurrrple-long-sleeve-shirt-dress-cutout.png
plush-collage-half-zip-hoodie,9225544925411,0,1,https://cdn.shopify.com/s/files/1/0788/2358/8067/files/plush-collage-aop-fleece-half-zip-hoodie-with-arm-pockets-6857379.png?v=1777788608,plush-collage-half-zip-hoodie-cutout.png
plush-collage-half-zip-hoodie,9225544925411,1,0,https://cdn.shopify.com/s/files/1/0788/2358/8067/files/all-over-print-mens-fleece-half-zip-hoodie-with-arm-pockets-2654317.jpg?v=1776174129,plush-collage-half-zip-hoodie-cutout.png
plush-collage-half-zip-hoodie,9225544925411,2,0,https://cdn.shopify.com/s/files/1/0788/2358/8067/files/all-over-print-mens-fleece-half-zip-hoodie-with-arm-pockets-3141006.jpg?v=1776174129,plush-collage-half-zip-hoodie-cutout.png
plush-collage-half-zip-hoodie,9225544925411,3,0,https://cdn.shopify.com/s/files/1/0788/2358/8067/files/all-over-print-mens-fleece-half-zip-hoodie-with-arm-pockets-5210144.jpg?v=1776174129,plush-collage-half-zip-hoodie-cutout.png
plush-collage-half-zip-hoodie,9225544925411,4,0,https://cdn.shopify.com/s/files/1/0788/2358/8067/files/all-over-print-mens-fleece-half-zip-hoodie-with-arm-pockets-4027283.jpg?v=1776174129,plush-collage-half-zip-hoodie-cutout.png
plush-medley-hockey-jersey,9225531359459,0,1,https://cdn.shopify.com/s/files/1/0788/2358/8067/files/plush-medley-aop-graphic-jersey-abstract-ravewear-7262449.png?v=1777788610,plush-medley-hockey-jersey-cutout.png
plush-medley-hockey-jersey,9225531359459,1,0,https://cdn.shopify.com/s/files/1/0788/2358/8067/files/plush-medley-aop-graphic-jersey-abstract-ravewear-3977141.png?v=1777788610,plush-medley-hockey-jersey-cutout.png
plush-medley-hockey-jersey,9225531359459,2,0,https://cdn.shopify.com/s/files/1/0788/2358/8067/files/all-over-print-mens-small-collar-hockey-jersey-7352066.jpg?v=1776174130,plush-medley-hockey-jersey-cutout.png
plush-medley-hockey-jersey,9225531359459,3,0,https://cdn.shopify.com/s/files/1/0788/2358/8067/files/all-over-print-mens-small-collar-hockey-jersey-2344269.jpg?v=1776174129,plush-medley-hockey-jersey-cutout.png
plush-medley-hockey-jersey,9225531359459,4,0,https://cdn.shopify.com/s/files/1/0788/2358/8067/files/all-over-print-mens-small-collar-hockey-jersey-3185766.jpg?v=1776174129,plush-medley-hockey-jersey-cutout.png
pointillist-prism-camp-shirt,9214499553507,0,1,https://cdn.shopify.com/s/files/1/0788/2358/8067/files/mens-hawaiian-camp-shirt-aop-7868280.png?v=1777788609,pointillist-prism-camp-shirt-cutout.png
pointillist-prism-camp-shirt,9214499553507,1,0,https://cdn.shopify.com/s/files/1/0788/2358/8067/files/15608624688339532064_2048.jpg?v=1775470980,pointillist-prism-camp-shirt-cutout.png
pop-graffiti-greeting-reversible-bucket-hat,9552896229603,0,1,https://cdn.shopify.com/s/files/1/0788/2358/8067/files/double-side-printing-bucket-hat-5497782.jpg?v=1783374012,pop-graffiti-greeting-reversible-bucket-hat-cutout.png
pop-graffiti-greeting-reversible-bucket-hat,9552896229603,1,0,https://cdn.shopify.com/s/files/1/0788/2358/8067/files/double-side-printing-bucket-hat-6545650.jpg?v=1783374011,pop-graffiti-greeting-reversible-bucket-hat-cutout.png
pop-graffiti-greeting-reversible-bucket-hat,9552896229603,2,0,https://cdn.shopify.com/s/files/1/0788/2358/8067/files/double-side-printing-bucket-hat-3271785.jpg?v=1783374012,pop-graffiti-greeting-reversible-bucket-hat-cutout.png
pop-graffiti-greeting-reversible-bucket-hat,9552896229603,3,0,https://cdn.shopify.com/s/files/1/0788/2358/8067/files/double-side-printing-bucket-hat-8915265.jpg?v=1783374012,pop-graffiti-greeting-reversible-bucket-hat-cutout.png
pop-graffiti-greeting-reversible-bucket-hat,9552896229603,4,0,https://cdn.shopify.com/s/files/1/0788/2358/8067/files/double-side-printing-bucket-hat-8400360.jpg?v=1783374013,pop-graffiti-greeting-reversible-bucket-hat-cutout.png
pop-graffiti-greeting-reversible-bucket-hat,9552896229603,5,0,https://cdn.shopify.com/s/files/1/0788/2358/8067/files/double-side-printing-bucket-hat-3060686.jpg?v=1783374013,pop-graffiti-greeting-reversible-bucket-hat-cutout.png
pop-graffiti-greeting-reversible-bucket-hat,9552896229603,6,0,https://cdn.shopify.com/s/files/1/0788/2358/8067/files/double-side-printing-bucket-hat-6352307.jpg?v=1783374012,pop-graffiti-greeting-reversible-bucket-hat-cutout.png
pop-graffiti-greeting-reversible-bucket-hat,9552896229603,7,0,https://cdn.shopify.com/s/files/1/0788/2358/8067/files/double-side-printing-bucket-hat-7691233.jpg?v=1783374013,pop-graffiti-greeting-reversible-bucket-hat-cutout.png
positive-vibrations-half-zip-pullover,9231542714595,0,1,https://cdn.shopify.com/s/files/1/0788/2358/8067/files/all-over-print-mens-half-zip-pullover-shirt-positive-vibrations-psychedelic-white-3218381.png?v=1776720747,positive-vibrations-half-zip-pullover-cutout.png
positive-vibrations-half-zip-pullover,9231542714595,1,0,https://cdn.shopify.com/s/files/1/0788/2358/8067/files/all-over-print-mens-half-zip-pullover-shirt-positive-vibrations-psychedelic-white-5363474.png?v=1776720747,positive-vibrations-half-zip-pullover-cutout.png
positive-vibrations-half-zip-pullover,9231542714595,2,0,https://cdn.shopify.com/s/files/1/0788/2358/8067/files/all-over-print-mens-half-zip-pullover-shirt-positive-vibrations-psychedelic-white-3384560.png?v=1776720747,positive-vibrations-half-zip-pullover-cutout.png
positive-vibrations-half-zip-pullover,9231542714595,3,0,https://cdn.shopify.com/s/files/1/0788/2358/8067/files/all-over-print-mens-half-zip-pullover-shirt-positive-vibrations-psychedelic-white-1227215.png?v=1776616936,positive-vibrations-half-zip-pullover-cutout.png
positive-vibrations-half-zip-pullover,9231542714595,4,0,https://cdn.shopify.com/s/files/1/0788/2358/8067/files/all-over-print-mens-half-zip-pullover-shirt-positive-vibrations-psychedelic-white-6756894.png?v=1776616935,positive-vibrations-half-zip-pullover-cutout.png
positive-vibrations-half-zip-pullover,9231542714595,5,0,https://cdn.shopify.com/s/files/1/0788/2358/8067/files/all-over-print-mens-half-zip-pullover-shirt-positive-vibrations-psychedelic-white-3234584.png?v=1776616937,positive-vibrations-half-zip-pullover-cutout.png
positive-vibrations-half-zip-pullover,9231542714595,6,0,https://cdn.shopify.com/s/files/1/0788/2358/8067/files/all-over-print-mens-half-zip-pullover-shirt-positive-vibrations-psychedelic-white-1848065.png?v=1776616935,positive-vibrations-half-zip-pullover-cutout.png
positive-vibrations-half-zip-pullover,9231542714595,7,0,https://cdn.shopify.com/s/files/1/0788/2358/8067/files/all-over-print-mens-half-zip-pullover-shirt-positive-vibrations-psychedelic-white-5585577.png?v=1776616937,positive-vibrations-half-zip-pullover-cutout.png
positive-vibrations-half-zip-pullover,9231542714595,8,0,https://cdn.shopify.com/s/files/1/0788/2358/8067/files/all-over-print-mens-casual-pullover-shirt-with-half-zipper-4863700.jpg?v=1776551922,positive-vibrations-half-zip-pullover-cutout.png
positive-vibrations-half-zip-pullover,9231542714595,9,0,https://cdn.shopify.com/s/files/1/0788/2358/8067/files/all-over-print-mens-casual-pullover-shirt-with-half-zipper-6081367.jpg?v=1776551922,positive-vibrations-half-zip-pullover-cutout.png
positive-vibrations-half-zip-pullover,9231542714595,10,0,https://cdn.shopify.com/s/files/1/0788/2358/8067/files/all-over-print-mens-casual-pullover-shirt-with-half-zipper-2803408.jpg?v=1776551922,positive-vibrations-half-zip-pullover-cutout.png
poster-wall-aop-pillowcase,9188096803043,0,1,https://cdn.shopify.com/s/files/1/0788/2358/8067/files/56fec84b17ac4d6c927e0ca6e35cb567.jpg?v=1774455886,poster-wall-aop-pillowcase-cutout.png
poster-wall-aop-pillowcase,9188096803043,1,0,https://cdn.shopify.com/s/files/1/0788/2358/8067/files/f99663ee7c221b010dd669f183058754.jpg?v=1774455886,poster-wall-aop-pillowcase-cutout.png
poster-wall-aop-pillowcase,9188096803043,2,0,https://cdn.shopify.com/s/files/1/0788/2358/8067/files/044979d36e3eb83c1f4ba5d5aba20fca.jpg?v=1774455886,poster-wall-aop-pillowcase-cutout.png
poster-wall-aop-pillowcase,9188096803043,3,0,https://cdn.shopify.com/s/files/1/0788/2358/8067/files/dfcedca826a08999f7504f6aeb8db187.jpg?v=1774455886,poster-wall-aop-pillowcase-cutout.png
poster-wall-aop-pillowcase,9188096803043,4,0,https://cdn.shopify.com/s/files/1/0788/2358/8067/files/fb9fbd89c291e451a82a827b1e5a48b1.jpg?v=1774455886,poster-wall-aop-pillowcase-cutout.png
poster-wall-aop-pillowcase,9188096803043,5,0,https://cdn.shopify.com/s/files/1/0788/2358/8067/files/55779f46c7fa8a38cfcefb41c4ba0776.jpg?v=1774455886,poster-wall-aop-pillowcase-cutout.png
poster-wall-aop-pillowcase,9188096803043,6,0,https://cdn.shopify.com/s/files/1/0788/2358/8067/files/c5495d0a45e93cab8a8cd7d95dc14c8f.jpg?v=1774455886,poster-wall-aop-pillowcase-cutout.png
poster-wall-aop-pillowcase,9188096803043,7,0,https://cdn.shopify.com/s/files/1/0788/2358/8067/files/d407d6355128da4cc40123cf271f1c63.jpg?v=1774455886,poster-wall-aop-pillowcase-cutout.png
primal-chaos-hoodie,9175877943523,0,1,https://cdn.shopify.com/s/files/1/0788/2358/8067/files/heavyweight-primal-print-cotton-hoodie-bold-310gsm-aop-pullover-for-streetwear-collectors-cold-nights-4017216.png?v=1782724387,primal-chaos-hoodie-cutout.png
primal-chaos-hoodie,9175877943523,1,0,https://cdn.shopify.com/s/files/1/0788/2358/8067/files/77a140a6-il_fullxfull.7739308891_fl0r.jpg?v=1774790714,primal-chaos-hoodie-cutout.png
primal-chaos-hoodie,9175877943523,2,0,https://cdn.shopify.com/s/files/1/0788/2358/8067/files/62960767-il_fullxfull.7739306683_qx66.jpg?v=1774790713,primal-chaos-hoodie-cutout.png
primal-chaos-hoodie,9175877943523,3,0,https://cdn.shopify.com/s/files/1/0788/2358/8067/files/c7d452a9-il_fullxfull.7691374990_8mow.jpg?v=1774790713,primal-chaos-hoodie-cutout.png
primal-chaos-hoodie,9175877943523,4,0,https://cdn.shopify.com/s/files/1/0788/2358/8067/files/335a147a-il_fullxfull.7691371442_r6jg.jpg?v=1774790714,primal-chaos-hoodie-cutout.png
primal-chaos-hoodie,9175877943523,5,0,https://cdn.shopify.com/s/files/1/0788/2358/8067/files/a6966a91-il_fullxfull.7691367318_4npt.jpg?v=1774790713,primal-chaos-hoodie-cutout.png
primal-chaos-hoodie,9175877943523,6,0,https://cdn.shopify.com/s/files/1/0788/2358/8067/files/f8ba19f5-il_fullxfull.7691372990_j6pd.jpg?v=1774790713,primal-chaos-hoodie-cutout.png
primal-chaos-hoodie,9175877943523,7,0,https://cdn.shopify.com/s/files/1/0788/2358/8067/files/353c8be5-il_fullxfull.7739310259_dzos.jpg?v=1774790713,primal-chaos-hoodie-cutout.png
primal-chaos-hoodie,9175877943523,8,0,https://cdn.shopify.com/s/files/1/0788/2358/8067/files/f5865fbe-il_fullxfull.7691372158_cgph.jpg?v=1774790713,primal-chaos-hoodie-cutout.png
primal-chaos-hoodie,9175877943523,9,0,https://cdn.shopify.com/s/files/1/0788/2358/8067/files/1642970c-il_fullxfull.7739311929_c9cr.jpg?v=1774790713,primal-chaos-hoodie-cutout.png
primal-chaos-hoodie,9175877943523,10,0,https://cdn.shopify.com/s/files/1/0788/2358/8067/files/b1df7d37-il_fullxfull.7691383076_ae24.jpg?v=1774790713,primal-chaos-hoodie-cutout.png
primal-static-vortex-sweatshirt,9185460289763,0,1,https://cdn.shopify.com/s/files/1/0788/2358/8067/files/2945851_0_3d.jpg?v=1774790285,primal-static-vortex-sweatshirt-cutout.png
primal-static-vortex-sweatshirt,9185460289763,1,0,https://cdn.shopify.com/s/files/1/0788/2358/8067/files/2945851_1_3d.jpg?v=1774790285,primal-static-vortex-sweatshirt-cutout.png
primary-palette-splash-hoodie,9214500536547,0,1,https://cdn.shopify.com/s/files/1/0788/2358/8067/files/primary-palette-splash-aop-hoodie-bold-abstract-art-streetwear-8157969.png?v=1777788608,primary-palette-splash-hoodie-cutout.png
primary-palette-splash-hoodie,9214500536547,1,0,https://cdn.shopify.com/s/files/1/0788/2358/8067/files/13148253378714917834_2048.jpg?v=1775873151,primary-palette-splash-hoodie-cutout.png
primary-palette-splash-hoodie,9214500536547,2,0,https://cdn.shopify.com/s/files/1/0788/2358/8067/files/12883235136897868936_2048.jpg?v=1775873151,primary-palette-splash-hoodie-cutout.png
primary-palette-splash-hoodie,9214500536547,3,0,https://cdn.shopify.com/s/files/1/0788/2358/8067/files/6056215320994788597_2048.jpg?v=1776080525,primary-palette-splash-hoodie-cutout.png
primary-palette-splash-hoodie,9214500536547,4,0,https://cdn.shopify.com/s/files/1/0788/2358/8067/files/6258215254812517804_2048.jpg?v=1776080525,primary-palette-splash-hoodie-cutout.png
primary-palette-splash-hoodie,9214500536547,5,0,https://cdn.shopify.com/s/files/1/0788/2358/8067/files/4791609148021026417_2048.jpg?v=1775873151,primary-palette-splash-hoodie-cutout.png
primary-palette-splash-hoodie,9214500536547,6,0,https://cdn.shopify.com/s/files/1/0788/2358/8067/files/1200060010466153637_2048.jpg?v=1775873151,primary-palette-splash-hoodie-cutout.png
primary-palette-splash-hoodie,9214500536547,7,0,https://cdn.shopify.com/s/files/1/0788/2358/8067/files/2644107425695592033_2048.jpg?v=1775873151,primary-palette-splash-hoodie-cutout.png
primary-palette-splash-hoodie,9214500536547,8,0,https://cdn.shopify.com/s/files/1/0788/2358/8067/files/13027628191961288455_2048.jpg?v=1775471337,primary-palette-splash-hoodie-cutout.png
prism-agate-svg,9260708954339,0,1,https://cdn.shopify.com/s/files/1/0788/2358/8067/files/heirloom-botanical-pattern-svg-all-over-print-sublimation-digital-download-vintage-floral-vector-art-7803790.png?v=1782724213,prism-agate-svg-cutout.png
prism-facet-mosaic-v-neck-top,9261119504611,0,1,https://cdn.shopify.com/s/files/1/0788/2358/8067/files/prism-facet-mosaic-long-sleeve-v-neck-rainbow-stained-glass-aop-womens-top-wearable-kaleidoscope-1470126.jpg?v=1782724092,prism-facet-mosaic-v-neck-top-cutout.png
prism-facet-mosaic-v-neck-top,9261119504611,1,0,https://cdn.shopify.com/s/files/1/0788/2358/8067/files/prism-facet-mosaic-long-sleeve-v-neck-rainbow-stained-glass-aop-womens-top-wearable-kaleidoscope-7487539.jpg?v=1782724092,prism-facet-mosaic-v-neck-top-cutout.png
prism-facet-mosaic-v-neck-top,9261119504611,2,0,https://cdn.shopify.com/s/files/1/0788/2358/8067/files/prism-facet-mosaic-long-sleeve-v-neck-rainbow-stained-glass-aop-womens-top-wearable-kaleidoscope-5462366.jpg?v=1782724092,prism-facet-mosaic-v-neck-top-cutout.png
prism-facet-mosaic-v-neck-top,9261119504611,3,0,https://cdn.shopify.com/s/files/1/0788/2358/8067/files/prism-facet-mosaic-long-sleeve-v-neck-rainbow-stained-glass-aop-womens-top-wearable-kaleidoscope-8236237.jpg?v=1782724092,prism-facet-mosaic-v-neck-top-cutout.png
prism-facet-mosaic-v-neck-top,9261119504611,4,0,https://cdn.shopify.com/s/files/1/0788/2358/8067/files/prism-facet-mosaic-long-sleeve-v-neck-rainbow-stained-glass-aop-womens-top-wearable-kaleidoscope-6841956.jpg?v=1782724092,prism-facet-mosaic-v-neck-top-cutout.png
prism-glass-aop-winter-boots-womens,9175878861027,0,1,https://cdn.shopify.com/s/files/1/0788/2358/8067/files/308c1807-il_fullxfull.7724265535_p650.jpg?v=1774790952,prism-glass-aop-winter-boots-womens-cutout.png
prism-glass-aop-winter-boots-womens,9175878861027,1,0,https://cdn.shopify.com/s/files/1/0788/2358/8067/files/1293a9f7-il_fullxfull.7724265781_ntxy.jpg?v=1774790951,prism-glass-aop-winter-boots-womens-cutout.png
prism-glass-aop-winter-boots-womens,9175878861027,2,0,https://cdn.shopify.com/s/files/1/0788/2358/8067/files/4024758e-il_fullxfull.7724266049_muqt.jpg?v=1774790951,prism-glass-aop-winter-boots-womens-cutout.png
prism-glass-aop-winter-boots-womens,9175878861027,3,0,https://cdn.shopify.com/s/files/1/0788/2358/8067/files/721c7845-il_fullxfull.7724266341_407j.jpg?v=1774455901,prism-glass-aop-winter-boots-womens-cutout.png
prism-glass-aop-winter-boots-womens,9175878861027,4,0,https://cdn.shopify.com/s/files/1/0788/2358/8067/files/5b900ef6-il_fullxfull.7676320532_46ex.jpg?v=1774790951,prism-glass-aop-winter-boots-womens-cutout.png
prism-lattice-hoodie-dress,9261114949859,0,1,https://cdn.shopify.com/s/files/1/0788/2358/8067/files/prism-lattice-hoodie-dress-amber-to-teal-geometric-gradient-aop-longline-statement-4105897.png?v=1782724037,prism-lattice-hoodie-dress-cutout.png
prism-lattice-hoodie-dress,9261114949859,1,0,https://cdn.shopify.com/s/files/1/0788/2358/8067/files/prism-lattice-hoodie-dress-amber-to-teal-geometric-gradient-aop-longline-statement-6186140.png?v=1782724037,prism-lattice-hoodie-dress-cutout.png
prism-lattice-hoodie-dress,9261114949859,2,0,https://cdn.shopify.com/s/files/1/0788/2358/8067/files/prism-lattice-hoodie-dress-amber-to-teal-geometric-gradient-aop-longline-statement-3676297.jpg?v=1782724037,prism-lattice-hoodie-dress-cutout.png
prism-lattice-hoodie-dress,9261114949859,3,0,https://cdn.shopify.com/s/files/1/0788/2358/8067/files/prism-lattice-hoodie-dress-amber-to-teal-geometric-gradient-aop-longline-statement-4174367.jpg?v=1782724037,prism-lattice-hoodie-dress-cutout.png
prism-lattice-hoodie-dress,9261114949859,4,0,https://cdn.shopify.com/s/files/1/0788/2358/8067/files/prism-lattice-hoodie-dress-amber-to-teal-geometric-gradient-aop-longline-statement-3581408.jpg?v=1782724037,prism-lattice-hoodie-dress-cutout.png
prism-lattice-hoodie-dress,9261114949859,5,0,https://cdn.shopify.com/s/files/1/0788/2358/8067/files/prism-lattice-hoodie-dress-amber-to-teal-geometric-gradient-aop-longline-statement-5992708.jpg?v=1782724036,prism-lattice-hoodie-dress-cutout.png
prism-punch-tie-dye-leggings,9175879090403,0,1,https://cdn.shopify.com/s/files/1/0788/2358/8067/files/71233fb9-il_fullxfull.7739585615_2xge.jpg?v=1774455877,prism-punch-tie-dye-leggings-cutout.png
prism-punch-tie-dye-leggings,9175879090403,1,0,https://cdn.shopify.com/s/files/1/0788/2358/8067/files/8edf5348-il_fullxfull.7691640640_lw8j.jpg?v=1774790832,prism-punch-tie-dye-leggings-cutout.png
prism-punch-tie-dye-leggings,9175879090403,2,0,https://cdn.shopify.com/s/files/1/0788/2358/8067/files/f6066815-il_fullxfull.7739585653_39wb.jpg?v=1774455877,prism-punch-tie-dye-leggings-cutout.png
prism-punch-tie-dye-leggings,9175879090403,3,0,https://cdn.shopify.com/s/files/1/0788/2358/8067/files/b097098b-il_fullxfull.7691641808_1qmf.jpg?v=1774790832,prism-punch-tie-dye-leggings-cutout.png
prism-punch-tie-dye-leggings,9175879090403,4,0,https://cdn.shopify.com/s/files/1/0788/2358/8067/files/c9dee4d1-il_fullxfull.7739585377_2ei6.jpg?v=1774455877,prism-punch-tie-dye-leggings-cutout.png
prism-punch-tie-dye-leggings,9175879090403,5,0,https://cdn.shopify.com/s/files/1/0788/2358/8067/files/f3e286de-il_fullxfull.7739585613_pdss.jpg?v=1774455877,prism-punch-tie-dye-leggings-cutout.png
prism-punch-tie-dye-leggings,9175879090403,6,0,https://cdn.shopify.com/s/files/1/0788/2358/8067/files/d008feb0-il_fullxfull.7739585661_7yxc.jpg?v=1774455877,prism-punch-tie-dye-leggings-cutout.png
prism-punch-tie-dye-leggings,9175879090403,7,0,https://cdn.shopify.com/s/files/1/0788/2358/8067/files/35cd0b46-il_fullxfull.7691674572_2z1d.jpg?v=1774790832,prism-punch-tie-dye-leggings-cutout.png
prism-scale-bucket-hat,9175876567267,0,1,https://cdn.shopify.com/s/files/1/0788/2358/8067/files/462b2c12-il_fullxfull.7732932235_bhb4.jpg?v=1774790832,prism-scale-bucket-hat-cutout.png
prism-scale-bucket-hat,9175876567267,1,0,https://cdn.shopify.com/s/files/1/0788/2358/8067/files/185cb575-il_fullxfull.7732932269_b2jj.jpg?v=1774790832,prism-scale-bucket-hat-cutout.png
prism-scale-bucket-hat,9175876567267,2,0,https://cdn.shopify.com/s/files/1/0788/2358/8067/files/309e85ce-il_fullxfull.7732932281_c2sl.jpg?v=1774790832,prism-scale-bucket-hat-cutout.png
prism-scale-bucket-hat,9175876567267,3,0,https://cdn.shopify.com/s/files/1/0788/2358/8067/files/14a2e7c8-il_fullxfull.7732932303_blo4.jpg?v=1774790832,prism-scale-bucket-hat-cutout.png
prism-scale-bucket-hat,9175876567267,4,0,https://cdn.shopify.com/s/files/1/0788/2358/8067/files/18d1212d-il_fullxfull.7732932319_c6sd.jpg?v=1774790832,prism-scale-bucket-hat-cutout.png
prism-scale-bucket-hat,9175876567267,5,0,https://cdn.shopify.com/s/files/1/0788/2358/8067/files/9723aeab-il_fullxfull.7684987056_8bgj.jpg?v=1774790832,prism-scale-bucket-hat-cutout.png
prism-scale-bucket-hat,9175876567267,6,0,https://cdn.shopify.com/s/files/1/0788/2358/8067/files/3fd04f5d-il_fullxfull.7684987072_txeq.jpg?v=1774455784,prism-scale-bucket-hat-cutout.png
prism-scale-pullover-hoodie,9175880138979,0,1,https://cdn.shopify.com/s/files/1/0788/2358/8067/files/866d1994-il_fullxfull.7738018623_3l4c.jpg?v=1774790472,prism-scale-pullover-hoodie-cutout.png
prism-scale-pullover-hoodie,9175880138979,1,0,https://cdn.shopify.com/s/files/1/0788/2358/8067/files/96501673-il_fullxfull.7738018435_75sm.jpg?v=1774790472,prism-scale-pullover-hoodie-cutout.png
prism-scale-pullover-hoodie,9175880138979,2,0,https://cdn.shopify.com/s/files/1/0788/2358/8067/files/66507faf-il_fullxfull.7690075248_gg0s.jpg?v=1774790472,prism-scale-pullover-hoodie-cutout.png
prism-scale-pullover-hoodie,9175880138979,3,0,https://cdn.shopify.com/s/files/1/0788/2358/8067/files/6c05235b-il_fullxfull.7690075270_496o.jpg?v=1774790472,prism-scale-pullover-hoodie-cutout.png
prism-scale-pullover-hoodie,9175880138979,4,0,https://cdn.shopify.com/s/files/1/0788/2358/8067/files/eab3c504-il_fullxfull.7738018595_jdnk.jpg?v=1774790472,prism-scale-pullover-hoodie-cutout.png
prism-scale-pullover-hoodie,9175880138979,5,0,https://cdn.shopify.com/s/files/1/0788/2358/8067/files/e84edc89-il_fullxfull.7690075312_agrr.jpg?v=1774790472,prism-scale-pullover-hoodie-cutout.png
prism-scale-pullover-hoodie,9175880138979,6,0,https://cdn.shopify.com/s/files/1/0788/2358/8067/files/e29f4c48-il_fullxfull.7690075320_7ns4.jpg?v=1774790472,prism-scale-pullover-hoodie-cutout.png
prism-scale-pullover-hoodie,9175880138979,7,0,https://cdn.shopify.com/s/files/1/0788/2358/8067/files/6f8da24b-il_fullxfull.7690075328_36ku.jpg?v=1774790473,prism-scale-pullover-hoodie-cutout.png
prism-scale-pullover-hoodie,9175880138979,8,0,https://cdn.shopify.com/s/files/1/0788/2358/8067/files/43048514-il_fullxfull.7738018733_cl9a.jpg?v=1774790472,prism-scale-pullover-hoodie-cutout.png
prism-scale-pullover-hoodie,9175880138979,9,0,https://cdn.shopify.com/s/files/1/0788/2358/8067/files/192957e4-il_fullxfull.7738018747_rs8e.jpg?v=1774790472,prism-scale-pullover-hoodie-cutout.png
prismatic-dragon-scale-hoodie,9175877288163,0,1,https://cdn.shopify.com/s/files/1/0788/2358/8067/files/prismatic-dragon-scale-athletic-hoodie-for-fantasy-and-bold-fitness-dressers-rainbow-aop-maximalist-activewear-6804412.png?v=1782724567,prismatic-dragon-scale-hoodie-cutout.png
prismatic-dragon-scale-hoodie,9175877288163,1,0,https://cdn.shopify.com/s/files/1/0788/2358/8067/files/9df979a8-il_fullxfull.7676320738_qmzc.jpg?v=1780045617,prismatic-dragon-scale-hoodie-cutout.png
prismatic-dragon-scale-hoodie,9175877288163,2,0,https://cdn.shopify.com/s/files/1/0788/2358/8067/files/b79cb574-il_fullxfull.7724267849_4fws.jpg?v=1774790712,prismatic-dragon-scale-hoodie-cutout.png
prismatic-dragon-scale-hoodie,9175877288163,3,0,https://cdn.shopify.com/s/files/1/0788/2358/8067/files/6b282214-il_fullxfull.7676321514_7u5o.jpg?v=1774790712,prismatic-dragon-scale-hoodie-cutout.png
prismatic-dragon-scale-hoodie,9175877288163,4,0,https://cdn.shopify.com/s/files/1/0788/2358/8067/files/57416a37-il_fullxfull.7676321896_k6k7.jpg?v=1774790712,prismatic-dragon-scale-hoodie-cutout.png
prismatic-dragon-scale-hoodie,9175877288163,5,0,https://cdn.shopify.com/s/files/1/0788/2358/8067/files/c4576e15-il_fullxfull.7676322364_5dlw.jpg?v=1774455887,prismatic-dragon-scale-hoodie-cutout.png
prismatic-dragon-scale-hoodie,9175877288163,6,0,https://cdn.shopify.com/s/files/1/0788/2358/8067/files/025682e8-il_fullxfull.7724269461_1wwj.jpg?v=1774790712,prismatic-dragon-scale-hoodie-cutout.png
prismatic-dragon-scale-hoodie,9175877288163,7,0,https://cdn.shopify.com/s/files/1/0788/2358/8067/files/f08729fa-il_fullxfull.7724269807_mu7o.jpg?v=1774790712,prismatic-dragon-scale-hoodie-cutout.png
prismatic-wave-hawaiian-shirt,9175877452003,0,1,https://cdn.shopify.com/s/files/1/0788/2358/8067/files/prismatic-crimson-wave-hawaiian-shirt-for-high-energy-festival-dressers-bold-aop-aloha-button-up-summer-beach-statement-top-maximalist-party-shirt-7428421.png?v=1782724567,prismatic-wave-hawaiian-shirt-cutout.png
prismatic-wave-hawaiian-shirt,9175877452003,1,0,https://cdn.shopify.com/s/files/1/0788/2358/8067/files/6a4ba4c2-il_fullxfull.7676321074_68zq.jpg?v=1774790711,prismatic-wave-hawaiian-shirt-cutout.png
prismatic-wave-hawaiian-shirt,9175877452003,2,0,https://cdn.shopify.com/s/files/1/0788/2358/8067/files/ca5ef796-il_fullxfull.7724269547_4x8m.jpg?v=1774455768,prismatic-wave-hawaiian-shirt-cutout.png
prismatic-wave-hawaiian-shirt,9175877452003,3,0,https://cdn.shopify.com/s/files/1/0788/2358/8067/files/d0874e3b-il_fullxfull.7724268151_aw2x.jpg?v=1774455769,prismatic-wave-hawaiian-shirt-cutout.png
prismatic-wave-hawaiian-shirt,9175877452003,4,0,https://cdn.shopify.com/s/files/1/0788/2358/8067/files/ce7360a7-il_fullxfull.7676321778_5xy2.jpg?v=1774455769,prismatic-wave-hawaiian-shirt-cutout.png
prismatic-wave-hawaiian-shirt,9175877452003,5,0,https://cdn.shopify.com/s/files/1/0788/2358/8067/files/f6b0cb61-il_fullxfull.7724269061_t17u.jpg?v=1774455769,prismatic-wave-hawaiian-shirt-cutout.png
ps5-slim-controller-skin-sticker,9191711310051,0,1,https://cdn.shopify.com/s/files/1/0788/2358/8067/files/b81b5f3c35d47f2c06f4012a334e74d5.png?v=1784317683,ps5-slim-controller-skin-sticker-cutout.png
ps5-slim-controller-skin-sticker,9191711310051,1,0,https://cdn.shopify.com/s/files/1/0788/2358/8067/files/b81b5f3c35d47f2c06f4012a334e74d5.jpg?v=1774456126,ps5-slim-controller-skin-sticker-cutout.png
ps5-slim-controller-skin-sticker,9191711310051,2,0,https://cdn.shopify.com/s/files/1/0788/2358/8067/files/38cf96bc93e0fbe45e6d3d3b83730637.jpg?v=1774456127,ps5-slim-controller-skin-sticker-cutout.png
ps5-slim-controller-skin-sticker,9191711310051,3,0,https://cdn.shopify.com/s/files/1/0788/2358/8067/files/45c4fc1dee53d1536843f05f9539cc85.jpg?v=1774456128,ps5-slim-controller-skin-sticker-cutout.png
ps5-slim-controller-skin-sticker,9191711310051,4,0,https://cdn.shopify.com/s/files/1/0788/2358/8067/files/2d0fdb232de6ec88d2c296a6fb1cf361.jpg?v=1774456127,ps5-slim-controller-skin-sticker-cutout.png
ps5-slim-controller-skin-sticker,9191711310051,5,0,https://cdn.shopify.com/s/files/1/0788/2358/8067/files/7ed3ca60f5d84b4df2d8c90f53cda1b9.jpg?v=1774456126,ps5-slim-controller-skin-sticker-cutout.png
ps5-slim-controller-skin-sticker,9191711310051,6,0,https://cdn.shopify.com/s/files/1/0788/2358/8067/files/dcee82a1cd1ca31aef14ec443526d262.jpg?v=1774456126,ps5-slim-controller-skin-sticker-cutout.png
ps5-slim-controller-skin-sticker,9191711310051,7,0,https://cdn.shopify.com/s/files/1/0788/2358/8067/files/53f85bdf2b813a7b45d542f9f14649fb.jpg?v=1774456126,ps5-slim-controller-skin-sticker-cutout.png
psychedelic-eye-zip-hoodie,9260235161827,0,1,https://cdn.shopify.com/s/files/1/0788/2358/8067/files/psychedelic-eye-aop-zip-up-hoodie-for-weirdcore-and-indie-sleaze-dressers-maximalist-retro-70s-dopamine-dressing-festival-jacket-7402605.png?v=1782724155,psychedelic-eye-zip-hoodie-cutout.png
psychedelic-eye-zip-hoodie,9260235161827,1,0,https://cdn.shopify.com/s/files/1/0788/2358/8067/files/psychedelic-eye-aop-zip-up-hoodie-for-weirdcore-and-indie-sleaze-dressers-maximalist-retro-70s-dopamine-dressing-festival-jacket-2953012.jpg?v=1782724155,psychedelic-eye-zip-hoodie-cutout.png
psychedelic-eye-zip-hoodie,9260235161827,2,0,https://cdn.shopify.com/s/files/1/0788/2358/8067/files/psychedelic-eye-aop-zip-up-hoodie-for-weirdcore-and-indie-sleaze-dressers-maximalist-retro-70s-dopamine-dressing-festival-jacket-2188407.jpg?v=1782724156,psychedelic-eye-zip-hoodie-cutout.png
psychedelic-eye-zip-hoodie,9260235161827,3,0,https://cdn.shopify.com/s/files/1/0788/2358/8067/files/psychedelic-eye-aop-zip-up-hoodie-for-weirdcore-and-indie-sleaze-dressers-maximalist-retro-70s-dopamine-dressing-festival-jacket-3243016.jpg?v=1782724154,psychedelic-eye-zip-hoodie-cutout.png
psychedelic-eye-zip-hoodie,9260235161827,4,0,https://cdn.shopify.com/s/files/1/0788/2358/8067/files/psychedelic-eye-aop-zip-up-hoodie-for-weirdcore-and-indie-sleaze-dressers-maximalist-retro-70s-dopamine-dressing-festival-jacket-7025662.jpg?v=1782724154,psychedelic-eye-zip-hoodie-cutout.png
psychedelic-eye-zip-hoodie,9260235161827,5,0,https://cdn.shopify.com/s/files/1/0788/2358/8067/files/psychedelic-eye-aop-zip-up-hoodie-for-weirdcore-and-indie-sleaze-dressers-maximalist-retro-70s-dopamine-dressing-festival-jacket-2222726.jpg?v=1782724156,psychedelic-eye-zip-hoodie-cutout.png
psychedelic-eye-zip-hoodie,9260235161827,6,0,https://cdn.shopify.com/s/files/1/0788/2358/8067/files/psychedelic-eye-aop-zip-up-hoodie-for-weirdcore-and-indie-sleaze-dressers-maximalist-retro-70s-dopamine-dressing-festival-jacket-3298321.jpg?v=1782724155,psychedelic-eye-zip-hoodie-cutout.png
psychedelic-eye-zip-hoodie,9260235161827,7,0,https://cdn.shopify.com/s/files/1/0788/2358/8067/files/psychedelic-eye-aop-zip-up-hoodie-for-weirdcore-and-indie-sleaze-dressers-maximalist-retro-70s-dopamine-dressing-festival-jacket-8468066.jpg?v=1782724155,psychedelic-eye-zip-hoodie-cutout.png
psychedelic-eye-zip-hoodie,9260235161827,8,0,https://cdn.shopify.com/s/files/1/0788/2358/8067/files/psychedelic-eye-aop-zip-up-hoodie-for-weirdcore-and-indie-sleaze-dressers-maximalist-retro-70s-dopamine-dressing-festival-jacket-4863247.jpg?v=1782724155,psychedelic-eye-zip-hoodie-cutout.png
psychedelic-lava-sweatshirt,9260924043491,0,1,https://cdn.shopify.com/s/files/1/0788/2358/8067/files/psychedelic-lava-pattern-sweatshirt-abstract-all-over-print-2259556.png?v=1782724031,psychedelic-lava-sweatshirt-cutout.png
psychedelic-lava-sweatshirt,9260924043491,1,0,https://cdn.shopify.com/s/files/1/0788/2358/8067/files/psychedelic-lava-pattern-sweatshirt-abstract-all-over-print-7446144.jpg?v=1782724032,psychedelic-lava-sweatshirt-cutout.png
psychedelic-lava-sweatshirt,9260924043491,2,0,https://cdn.shopify.com/s/files/1/0788/2358/8067/files/psychedelic-lava-pattern-sweatshirt-abstract-all-over-print-5587967.jpg?v=1782724031,psychedelic-lava-sweatshirt-cutout.png
psychedelic-lava-sweatshirt,9260924043491,3,0,https://cdn.shopify.com/s/files/1/0788/2358/8067/files/psychedelic-lava-pattern-sweatshirt-abstract-all-over-print-1681040.jpg?v=1782724031,psychedelic-lava-sweatshirt-cutout.png
psychedelic-lava-sweatshirt,9260924043491,4,0,https://cdn.shopify.com/s/files/1/0788/2358/8067/files/psychedelic-lava-pattern-sweatshirt-abstract-all-over-print-9593151.jpg?v=1782724030,psychedelic-lava-sweatshirt-cutout.png
psychedelic-lava-sweatshirt,9260924043491,5,0,https://cdn.shopify.com/s/files/1/0788/2358/8067/files/psychedelic-lava-pattern-sweatshirt-abstract-all-over-print-9161183.jpg?v=1782724030,psychedelic-lava-sweatshirt-cutout.png
psychedelic-lava-sweatshirt,9260924043491,6,0,https://cdn.shopify.com/s/files/1/0788/2358/8067/files/psychedelic-lava-pattern-sweatshirt-abstract-all-over-print-4878326.jpg?v=1782724094,psychedelic-lava-sweatshirt-cutout.png
puppy-parade-silk-bandana,9193872326883,0,1,https://cdn.shopify.com/s/files/1/0788/2358/8067/files/155733-31d1fbcc-1c7c-43ac-9758-f2b8e5ee782d.jpg?v=1774789810,puppy-parade-silk-bandana-cutout.png
puppy-parade-silk-bandana,9193872326883,1,0,https://cdn.shopify.com/s/files/1/0788/2358/8067/files/155733-95a26f84-c2a5-4c9b-8e37-95b3c44c7365.jpg?v=1774789810,puppy-parade-silk-bandana-cutout.png
puppy-parade-silk-bandana,9193872326883,2,0,https://cdn.shopify.com/s/files/1/0788/2358/8067/files/155733-fa94f04f-4d20-43b8-919a-181f3e11a829.jpg?v=1774789810,puppy-parade-silk-bandana-cutout.png
puppy-parade-silk-bandana,9193872326883,3,0,https://cdn.shopify.com/s/files/1/0788/2358/8067/files/155733-7c6cf9f7-95ae-41d2-8466-863b722cc42f.jpg?v=1774789810,puppy-parade-silk-bandana-cutout.png
puppy-parade-silk-bandana,9193872326883,4,0,https://cdn.shopify.com/s/files/1/0788/2358/8067/files/01f73ac8-759c-4421-b923-8e87c4c51bc7_53bd640d-7516-4654-968c-da1624ec0dd2.png?v=1774789810,puppy-parade-silk-bandana-cutout.png
radial-burst-athletic-shorts,9175877714147,0,1,https://cdn.shopify.com/s/files/1/0788/2358/8067/files/neon-radial-burst-athletic-shorts-for-rave-fitness-and-yoga-dressers-vibrant-psychedelic-aop-swim-trunks-bold-festival-pool-party-bottoms-4951614.png?v=1782724387,radial-burst-athletic-shorts-cutout.png
radial-burst-athletic-shorts,9175877714147,1,0,https://cdn.shopify.com/s/files/1/0788/2358/8067/files/482cf127-il_fullxfull.7724267183_axr1.jpg?v=1774455791,radial-burst-athletic-shorts-cutout.png
radial-burst-athletic-shorts,9175877714147,2,0,https://cdn.shopify.com/s/files/1/0788/2358/8067/files/07a03fea-il_fullxfull.7724267601_eedw.jpg?v=1774455791,radial-burst-athletic-shorts-cutout.png
radial-burst-athletic-shorts,9175877714147,3,0,https://cdn.shopify.com/s/files/1/0788/2358/8067/files/6e3a9aa8-il_fullxfull.7724268059_g9r1.jpg?v=1774455791,radial-burst-athletic-shorts-cutout.png
radial-burst-athletic-shorts,9175877714147,4,0,https://cdn.shopify.com/s/files/1/0788/2358/8067/files/b51c61fa-il_fullxfull.7724268421_q7gq.jpg?v=1774455791,radial-burst-athletic-shorts-cutout.png
radial-burst-athletic-shorts,9175877714147,5,0,https://cdn.shopify.com/s/files/1/0788/2358/8067/files/2b2ce462-il_fullxfull.7676321982_cgpu.jpg?v=1774455791,radial-burst-athletic-shorts-cutout.png
radial-burst-athletic-shorts,9175877714147,6,0,https://cdn.shopify.com/s/files/1/0788/2358/8067/files/d5f5faaf-il_fullxfull.7724269187_re7h.jpg?v=1774790953,radial-burst-athletic-shorts-cutout.png
radial-kaleidoscope-aloha-shirt,9235943981283,0,1,https://cdn.shopify.com/s/files/1/0788/2358/8067/files/radial-kaleidoscope-aop-hawaiian-shirt-green-purple-trippy-print-9640261.png?v=1777788609,radial-kaleidoscope-aloha-shirt-cutout.png
radial-kaleidoscope-aloha-shirt,9235943981283,1,0,https://cdn.shopify.com/s/files/1/0788/2358/8067/files/all-over-print-mens-hawaiian-shirt-with-button-closure-115gsm-cotton-poplin-6434992.jpg?v=1776879558,radial-kaleidoscope-aloha-shirt-cutout.png
radial-kaleidoscope-aloha-shirt,9235943981283,2,0,https://cdn.shopify.com/s/files/1/0788/2358/8067/files/all-over-print-mens-hawaiian-shirt-with-button-closure-115gsm-cotton-poplin-7153645.jpg?v=1776879558,radial-kaleidoscope-aloha-shirt-cutout.png
radial-kaleidoscope-aloha-shirt,9235943981283,3,0,https://cdn.shopify.com/s/files/1/0788/2358/8067/files/c5bfc0fe-a7f5-438d-b1f8-14fc7b439b2c.png?v=1776844344,radial-kaleidoscope-aloha-shirt-cutout.png
radial-tie-dye-long-sleeve-midi-dress,9175876763875,0,1,https://cdn.shopify.com/s/files/1/0788/2358/8067/files/tie-dye-cotton-midi-dress-radial-pastel-long-sleeve-boho-gown-3748354.png?v=1782724506,radial-tie-dye-long-sleeve-midi-dress-cutout.png
radial-tie-dye-long-sleeve-midi-dress,9175876763875,1,0,https://cdn.shopify.com/s/files/1/0788/2358/8067/files/74058024-il_fullxfull.7752833237_7arf.jpg?v=1774790771,radial-tie-dye-long-sleeve-midi-dress-cutout.png
radial-tie-dye-long-sleeve-midi-dress,9175876763875,2,0,https://cdn.shopify.com/s/files/1/0788/2358/8067/files/775eaa71-il_fullxfull.7724268743_7x79_0fcf3b01-1df8-4d8e-a9c9-4272494df6a4.jpg?v=1774455832,radial-tie-dye-long-sleeve-midi-dress-cutout.png
radial-tie-dye-long-sleeve-midi-dress,9175876763875,3,0,https://cdn.shopify.com/s/files/1/0788/2358/8067/files/f8b16eb8-il_fullxfull.7724269175_7j2b.jpg?v=1774790771,radial-tie-dye-long-sleeve-midi-dress-cutout.png
radial-tie-dye-long-sleeve-midi-dress,9175876763875,4,0,https://cdn.shopify.com/s/files/1/0788/2358/8067/files/353a689a-il_fullxfull.7676322684_aa8b.jpg?v=1774455832,radial-tie-dye-long-sleeve-midi-dress-cutout.png
radial-tie-dye-long-sleeve-midi-dress,9175876763875,5,0,https://cdn.shopify.com/s/files/1/0788/2358/8067/files/8702ecc7-il_fullxfull.7676323024_1lh9.jpg?v=1774455832,radial-tie-dye-long-sleeve-midi-dress-cutout.png
radial-tie-dye-long-sleeve-midi-dress,9175876763875,6,0,https://cdn.shopify.com/s/files/1/0788/2358/8067/files/2032cbc0-il_fullxfull.7676323476_4wu5.jpg?v=1774790771,radial-tie-dye-long-sleeve-midi-dress-cutout.png
radial-tie-dye-long-sleeve-midi-dress,9175876763875,7,0,https://cdn.shopify.com/s/files/1/0788/2358/8067/files/2130b0e5-il_fullxfull.7724270511_8k37.jpg?v=1774455832,radial-tie-dye-long-sleeve-midi-dress-cutout.png
radial-tie-dye-long-sleeve-midi-dress,9175876763875,8,0,https://cdn.shopify.com/s/files/1/0788/2358/8067/files/7b7746de-il_fullxfull.7676324016_ttbl.jpg?v=1774790771,radial-tie-dye-long-sleeve-midi-dress-cutout.png
radiant-fan-lounge-pants,9175877812451,0,1,https://cdn.shopify.com/s/files/1/0788/2358/8067/files/97d3c633-il_fullxfull.7724266565_rh5y.jpg?v=1774455791,radiant-fan-lounge-pants-cutout.png
radiant-fan-lounge-pants,9175877812451,1,0,https://cdn.shopify.com/s/files/1/0788/2358/8067/files/ad86de1e-il_fullxfull.7676320086_t2uh.jpg?v=1774455791,radiant-fan-lounge-pants-cutout.png
radiant-fan-lounge-pants,9175877812451,2,0,https://cdn.shopify.com/s/files/1/0788/2358/8067/files/f7684f3d-il_fullxfull.7676320706_m6bi.jpg?v=1774455791,radiant-fan-lounge-pants-cutout.png
radiant-fan-lounge-pants,9175877812451,3,0,https://cdn.shopify.com/s/files/1/0788/2358/8067/files/89faafe4-il_fullxfull.7724267939_fn7z.jpg?v=1774455791,radiant-fan-lounge-pants-cutout.png
radiant-fan-lounge-pants,9175877812451,4,0,https://cdn.shopify.com/s/files/1/0788/2358/8067/files/6b521833-il_fullxfull.7724268363_91k2.jpg?v=1774455792,radiant-fan-lounge-pants-cutout.png
radiant-fan-lounge-pants,9175877812451,5,0,https://cdn.shopify.com/s/files/1/0788/2358/8067/files/4da210d4-il_fullxfull.7676322014_lh1x.jpg?v=1774455791,radiant-fan-lounge-pants-cutout.png
radiant-rupture-sweatshirt,9261115015395,0,1,https://cdn.shopify.com/s/files/1/0788/2358/8067/files/radiant-rupture-sweatshirt-streetwear-ambitious-7800565.png?v=1782724098,radiant-rupture-sweatshirt-cutout.png
radiant-rupture-sweatshirt,9261115015395,1,0,https://cdn.shopify.com/s/files/1/0788/2358/8067/files/radiant-rupture-sweatshirt-streetwear-ambitious-6040838.jpg?v=1782724098,radiant-rupture-sweatshirt-cutout.png
radiant-rupture-sweatshirt,9261115015395,2,0,https://cdn.shopify.com/s/files/1/0788/2358/8067/files/radiant-rupture-sweatshirt-streetwear-ambitious-8408872.jpg?v=1782724098,radiant-rupture-sweatshirt-cutout.png
radiant-rupture-sweatshirt,9261115015395,3,0,https://cdn.shopify.com/s/files/1/0788/2358/8067/files/radiant-rupture-sweatshirt-streetwear-ambitious-8152366.jpg?v=1782724099,radiant-rupture-sweatshirt-cutout.png
radiant-rupture-sweatshirt,9261115015395,4,0,https://cdn.shopify.com/s/files/1/0788/2358/8067/files/radiant-rupture-sweatshirt-streetwear-ambitious-2959258.jpg?v=1782724099,radiant-rupture-sweatshirt-cutout.png
radiant-swirl-pop-shirt,9175877320931,0,1,https://cdn.shopify.com/s/files/1/0788/2358/8067/files/c2683a79-il_fullxfull.7755808591_5313.jpg?v=1774790705,radiant-swirl-pop-shirt-cutout.png
radiant-swirl-pop-shirt,9175877320931,1,0,https://cdn.shopify.com/s/files/1/0788/2358/8067/files/ec7776f0-il_fullxfull.7755808611_gd3s.jpg?v=1774790705,radiant-swirl-pop-shirt-cutout.png
radiant-swirl-pop-shirt,9175877320931,2,0,https://cdn.shopify.com/s/files/1/0788/2358/8067/files/e0634e13-il_fullxfull.7707869438_42jr.jpg?v=1774790705,radiant-swirl-pop-shirt-cutout.png
radiant-swirl-pop-shirt,9175877320931,3,0,https://cdn.shopify.com/s/files/1/0788/2358/8067/files/7f6275ff-il_fullxfull.7707869382_lcrt.jpg?v=1774790705,radiant-swirl-pop-shirt-cutout.png
radiant-swirl-pop-shirt,9175877320931,4,0,https://cdn.shopify.com/s/files/1/0788/2358/8067/files/cc2a9bd0-il_fullxfull.7755808607_6gsv.jpg?v=1774790705,radiant-swirl-pop-shirt-cutout.png
radiant-swirl-pop-shirt,9175877320931,5,0,https://cdn.shopify.com/s/files/1/0788/2358/8067/files/d083155d-il_fullxfull.7755808609_2ymj.jpg?v=1774790705,radiant-swirl-pop-shirt-cutout.png
radiant-swirl-pop-shirt,9175877320931,6,0,https://cdn.shopify.com/s/files/1/0788/2358/8067/files/9613c328-il_fullxfull.7755808595_c4ct.jpg?v=1774790705,radiant-swirl-pop-shirt-cutout.png
radiant-swirl-pop-shirt,9175877320931,7,0,https://cdn.shopify.com/s/files/1/0788/2358/8067/files/472b9045-il_fullxfull.7707869516_2aza.jpg?v=1774790705,radiant-swirl-pop-shirt-cutout.png
radiant-swirl-pop-shirt,9175877320931,8,0,https://cdn.shopify.com/s/files/1/0788/2358/8067/files/8ceb8aaf-il_fullxfull.7755808627_h3tt.jpg?v=1774790705,radiant-swirl-pop-shirt-cutout.png
radiant-swirl-pop-shirt,9175877320931,9,0,https://cdn.shopify.com/s/files/1/0788/2358/8067/files/32796aee-il_fullxfull.7755808625_eazj.jpg?v=1774790705,radiant-swirl-pop-shirt-cutout.png
rainbow-burst-tie-dye-polo,9260923977955,0,1,https://cdn.shopify.com/s/files/1/0788/2358/8067/files/rainbow-burst-tie-dye-polo-vivid-spiral-aop-collared-shirt-for-loud-casual-fridays-2767417.jpg?v=1782724031,rainbow-burst-tie-dye-polo-cutout.png
rainbow-burst-tie-dye-polo,9260923977955,1,0,https://cdn.shopify.com/s/files/1/0788/2358/8067/files/rainbow-burst-tie-dye-polo-vivid-spiral-aop-collared-shirt-for-loud-casual-fridays-5440481.jpg?v=1782724030,rainbow-burst-tie-dye-polo-cutout.png
rainbow-burst-tie-dye-polo,9260923977955,2,0,https://cdn.shopify.com/s/files/1/0788/2358/8067/files/rainbow-burst-tie-dye-polo-vivid-spiral-aop-collared-shirt-for-loud-casual-fridays-6669823.jpg?v=1782724031,rainbow-burst-tie-dye-polo-cutout.png
rainbow-burst-tie-dye-polo,9260923977955,3,0,https://cdn.shopify.com/s/files/1/0788/2358/8067/files/rainbow-burst-tie-dye-polo-vivid-spiral-aop-collared-shirt-for-loud-casual-fridays-1991318.jpg?v=1782724032,rainbow-burst-tie-dye-polo-cutout.png
rainbow-melt-leather-fanny-pack,9185462943971,0,1,https://cdn.shopify.com/s/files/1/0788/2358/8067/files/2947658_0_3d.jpg?v=1774791005,rainbow-melt-leather-fanny-pack-cutout.png
rainbow-melt-leather-fanny-pack,9185462943971,1,0,https://cdn.shopify.com/s/files/1/0788/2358/8067/files/2947658_1_3d.jpg?v=1774791005,rainbow-melt-leather-fanny-pack-cutout.png
rainbow-melt-leather-fanny-pack,9185462943971,2,0,https://cdn.shopify.com/s/files/1/0788/2358/8067/files/2947658_2_3d.jpg?v=1774791005,rainbow-melt-leather-fanny-pack-cutout.png
rainbow-melt-leather-fanny-pack,9185462943971,3,0,https://cdn.shopify.com/s/files/1/0788/2358/8067/files/2947658_3_3d.jpg?v=1774791005,rainbow-melt-leather-fanny-pack-cutout.png
rainbow-mosaic-jacket,9175878205667,0,1,https://cdn.shopify.com/s/files/1/0788/2358/8067/files/3b124648-il_fullxfull.7724265133_81up.jpg?v=1774455845,rainbow-mosaic-jacket-cutout.png
rainbow-mosaic-jacket,9175878205667,1,0,https://cdn.shopify.com/s/files/1/0788/2358/8067/files/996eec7d-il_fullxfull.7676318388_7kx9.jpg?v=1774455846,rainbow-mosaic-jacket-cutout.png
rainbow-mosaic-jacket,9175878205667,2,0,https://cdn.shopify.com/s/files/1/0788/2358/8067/files/62bd26de-il_fullxfull.7676318624_9ndt.jpg?v=1774455846,rainbow-mosaic-jacket-cutout.png
rainbow-mosaic-jacket,9175878205667,3,0,https://cdn.shopify.com/s/files/1/0788/2358/8067/files/78d2c9b2-il_fullxfull.7724265923_ntag.jpg?v=1774455846,rainbow-mosaic-jacket-cutout.png
rainbow-mosaic-jacket,9175878205667,4,0,https://cdn.shopify.com/s/files/1/0788/2358/8067/files/dc0e545a-il_fullxfull.7676319532_gat5.jpg?v=1774455846,rainbow-mosaic-jacket-cutout.png
rainbow-mosaic-jacket,9175878205667,5,0,https://cdn.shopify.com/s/files/1/0788/2358/8067/files/bd243ec8-il_fullxfull.7676320048_bry6.jpg?v=1774790770,rainbow-mosaic-jacket-cutout.png
rainbow-mosaic-jacket,9175878205667,6,0,https://cdn.shopify.com/s/files/1/0788/2358/8067/files/e65882b3-il_fullxfull.7724267271_gm12.jpg?v=1774455846,rainbow-mosaic-jacket-cutout.png
rainbow-mosaic-jacket,9175878205667,7,0,https://cdn.shopify.com/s/files/1/0788/2358/8067/files/4df927b9-il_fullxfull.7724267787_mro5.jpg?v=1774790770,rainbow-mosaic-jacket-cutout.png
rainbow-mosaic-jacket,9175878205667,8,0,https://cdn.shopify.com/s/files/1/0788/2358/8067/files/c24f40d5-il_fullxfull.7676321520_6l5z.jpg?v=1774790770,rainbow-mosaic-jacket-cutout.png
rainbow-swirl-festival-cargo-pants,9301028896995,0,1,https://cdn.shopify.com/s/files/1/0788/2358/8067/files/loud-festival-cargo-pants-for-ravers-maximalist-streetwear-bottoms-burning-man-camp-wear-psychedelic-utility-pants-alt-fashion-statement-5047281.png?v=1782724038,rainbow-swirl-festival-cargo-pants-cutout.png
rainbow-swirl-festival-cargo-pants,9301028896995,1,0,https://cdn.shopify.com/s/files/1/0788/2358/8067/files/loud-festival-cargo-pants-for-ravers-maximalist-streetwear-bottoms-burning-man-camp-wear-psychedelic-utility-pants-alt-fashion-statement-2179500.png?v=1782724039,rainbow-swirl-festival-cargo-pants-cutout.png
rainbow-swirl-festival-cargo-pants,9301028896995,2,0,https://cdn.shopify.com/s/files/1/0788/2358/8067/files/loud-festival-cargo-pants-for-ravers-maximalist-streetwear-bottoms-burning-man-camp-wear-psychedelic-utility-pants-alt-fashion-statement-5792019.png?v=1782724038,rainbow-swirl-festival-cargo-pants-cutout.png
rainbow-swirl-festival-cargo-pants,9301028896995,3,0,https://cdn.shopify.com/s/files/1/0788/2358/8067/files/loud-festival-cargo-pants-for-ravers-maximalist-streetwear-bottoms-burning-man-camp-wear-psychedelic-utility-pants-alt-fashion-statement-5133285.jpg?v=1782724039,rainbow-swirl-festival-cargo-pants-cutout.png
rainbow-swirl-festival-cargo-pants,9301028896995,4,0,https://cdn.shopify.com/s/files/1/0788/2358/8067/files/loud-festival-cargo-pants-for-ravers-maximalist-streetwear-bottoms-burning-man-camp-wear-psychedelic-utility-pants-alt-fashion-statement-8694913.jpg?v=1782724038,rainbow-swirl-festival-cargo-pants-cutout.png
rainbow-vortex-button-up-shirt,9175875158243,0,1,https://cdn.shopify.com/s/files/1/0788/2358/8067/files/psychedelic-rainbow-spiral-button-up-shirt-neon-tie-dye-aop-long-sleeve-4313529.png?v=1782724567,rainbow-vortex-button-up-shirt-cutout.png
rainbow-vortex-button-up-shirt,9175875158243,1,0,https://cdn.shopify.com/s/files/1/0788/2358/8067/files/fbc6060a-il_fullxfull.7807249201_2jl1.jpg?v=1774790946,rainbow-vortex-button-up-shirt-cutout.png
rainbow-vortex-button-up-shirt,9175875158243,2,0,https://cdn.shopify.com/s/files/1/0788/2358/8067/files/f6db8836-il_fullxfull.7807248737_8sme.jpg?v=1774790946,rainbow-vortex-button-up-shirt-cutout.png
rainbow-vortex-button-up-shirt,9175875158243,3,0,https://cdn.shopify.com/s/files/1/0788/2358/8067/files/480528ff-il_fullxfull.7759300436_h9wa.jpg?v=1774790946,rainbow-vortex-button-up-shirt-cutout.png
rainbow-vortex-button-up-shirt,9175875158243,4,0,https://cdn.shopify.com/s/files/1/0788/2358/8067/files/989134da-il_fullxfull.7759300630_lya3.jpg?v=1774790945,rainbow-vortex-button-up-shirt-cutout.png
rainbow-vortex-button-up-shirt,9175875158243,5,0,https://cdn.shopify.com/s/files/1/0788/2358/8067/files/ac1665c2-il_fullxfull.7807249015_99nx.jpg?v=1774790946,rainbow-vortex-button-up-shirt-cutout.png
rainbow-vortex-button-up-shirt,9175875158243,6,0,https://cdn.shopify.com/s/files/1/0788/2358/8067/files/95599016-il_fullxfull.7807249053_sw9a.jpg?v=1774790946,rainbow-vortex-button-up-shirt-cutout.png
rainbow-vortex-button-up-shirt,9175875158243,7,0,https://cdn.shopify.com/s/files/1/0788/2358/8067/files/26f91b5a-il_fullxfull.7759300804_2osi.jpg?v=1774790945,rainbow-vortex-button-up-shirt-cutout.png
rainbow-vortex-button-up-shirt,9175875158243,8,0,https://cdn.shopify.com/s/files/1/0788/2358/8067/files/dd3261b8-il_fullxfull.7691830980_6atx.jpg?v=1774790946,rainbow-vortex-button-up-shirt-cutout.png
rainbow-vortex-button-up-shirt,9175875158243,9,0,https://cdn.shopify.com/s/files/1/0788/2358/8067/files/bce0b77f-il_fullxfull.7691830918_hjsp.jpg?v=1774790946,rainbow-vortex-button-up-shirt-cutout.png
rainbow-vortex-pajama-pants,9260923945187,0,1,https://cdn.shopify.com/s/files/1/0788/2358/8067/files/rainbow-tie-dye-pajama-pants-psychedelic-lounge-sleepwear-5845978.jpg?v=1782724100,rainbow-vortex-pajama-pants-cutout.png
rainbow-vortex-pajama-pants,9260923945187,1,0,https://cdn.shopify.com/s/files/1/0788/2358/8067/files/rainbow-tie-dye-pajama-pants-psychedelic-lounge-sleepwear-7780189.jpg?v=1782724101,rainbow-vortex-pajama-pants-cutout.png
rainbow-vortex-pajama-pants,9260923945187,2,0,https://cdn.shopify.com/s/files/1/0788/2358/8067/files/rainbow-tie-dye-pajama-pants-psychedelic-lounge-sleepwear-8842446.jpg?v=1782724100,rainbow-vortex-pajama-pants-cutout.png
rainbow-vortex-pajama-pants,9260923945187,3,0,https://cdn.shopify.com/s/files/1/0788/2358/8067/files/rainbow-tie-dye-pajama-pants-psychedelic-lounge-sleepwear-9611641.jpg?v=1782724100,rainbow-vortex-pajama-pants-cutout.png
rainbow-vortex-pajama-pants,9260923945187,4,0,https://cdn.shopify.com/s/files/1/0788/2358/8067/files/rainbow-tie-dye-pajama-pants-psychedelic-lounge-sleepwear-1709906.jpg?v=1782724101,rainbow-vortex-pajama-pants-cutout.png
rainbow-vortex-pajama-pants,9260923945187,5,0,https://cdn.shopify.com/s/files/1/0788/2358/8067/files/rainbow-tie-dye-pajama-pants-psychedelic-lounge-sleepwear-2011013.jpg?v=1782724101,rainbow-vortex-pajama-pants-cutout.png
rainbow-vortex-pajama-pants,9260923945187,6,0,https://cdn.shopify.com/s/files/1/0788/2358/8067/files/rainbow-tie-dye-pajama-pants-psychedelic-lounge-sleepwear-2940493.jpg?v=1782724101,rainbow-vortex-pajama-pants-cutout.png
rainbow-vortex-shirt,9175875027171,0,1,https://cdn.shopify.com/s/files/1/0788/2358/8067/files/psychedelic-rainbow-spiral-tie-dye-shirt-3777012.png?v=1782724507,rainbow-vortex-shirt-cutout.png
rainbow-vortex-shirt,9175875027171,1,0,https://cdn.shopify.com/s/files/1/0788/2358/8067/files/psychedelic-rainbow-spiral-tie-dye-shirt-7593784.png?v=1782724507,rainbow-vortex-shirt-cutout.png
rainbow-vortex-shirt,9175875027171,2,0,https://cdn.shopify.com/s/files/1/0788/2358/8067/files/41e7d08f-il_fullxfull.7818257859_2jl1.jpg?v=1774790898,rainbow-vortex-shirt-cutout.png
rainbow-vortex-shirt,9175875027171,3,0,https://cdn.shopify.com/s/files/1/0788/2358/8067/files/3ba8b036-il_fullxfull.7770317246_ocf9.jpg?v=1774790898,rainbow-vortex-shirt-cutout.png
rainbow-vortex-shirt,9175875027171,4,0,https://cdn.shopify.com/s/files/1/0788/2358/8067/files/7008a014-il_fullxfull.7807248737_8sme.jpg?v=1774790897,rainbow-vortex-shirt-cutout.png
rainbow-vortex-shirt,9175875027171,5,0,https://cdn.shopify.com/s/files/1/0788/2358/8067/files/278be77f-il_fullxfull.7759300436_h9wa.jpg?v=1774790898,rainbow-vortex-shirt-cutout.png
rainbow-vortex-shirt,9175875027171,6,0,https://cdn.shopify.com/s/files/1/0788/2358/8067/files/edec0b21-il_fullxfull.7759300630_lya3.jpg?v=1774790898,rainbow-vortex-shirt-cutout.png
rainbow-vortex-shirt,9175875027171,7,0,https://cdn.shopify.com/s/files/1/0788/2358/8067/files/999f5a3e-il_fullxfull.7807249015_99nx.jpg?v=1774790898,rainbow-vortex-shirt-cutout.png
rainbow-vortex-shirt,9175875027171,8,0,https://cdn.shopify.com/s/files/1/0788/2358/8067/files/665d840b-il_fullxfull.7807249053_sw9a.jpg?v=1774790897,rainbow-vortex-shirt-cutout.png
rainbow-vortex-shirt,9175875027171,9,0,https://cdn.shopify.com/s/files/1/0788/2358/8067/files/9eb4ff83-il_fullxfull.7759300804_2osi.jpg?v=1774790897,rainbow-vortex-shirt-cutout.png
rainbow-vortex-shirt,9175875027171,10,0,https://cdn.shopify.com/s/files/1/0788/2358/8067/files/3aafff9e-il_fullxfull.7691830980_6atx.jpg?v=1774790898,rainbow-vortex-shirt-cutout.png
rainbow-vortex-shirt,9175875027171,11,0,https://cdn.shopify.com/s/files/1/0788/2358/8067/files/ec524ffb-il_fullxfull.7691830918_hjsp.jpg?v=1774790898,rainbow-vortex-shirt-cutout.png
rave-hands-long-sleeve-tee,9261116588259,0,1,https://cdn.shopify.com/s/files/1/0788/2358/8067/files/graffiti-burst-long-sleeve-tee-dark-jersey-with-neon-street-art-chest-hit-understated-loud-8426114.jpg?v=1782724040,rave-hands-long-sleeve-tee-cutout.png
rave-hands-long-sleeve-tee,9261116588259,1,0,https://cdn.shopify.com/s/files/1/0788/2358/8067/files/graffiti-burst-long-sleeve-tee-dark-jersey-with-neon-street-art-chest-hit-understated-loud-3473854.jpg?v=1782724041,rave-hands-long-sleeve-tee-cutout.png
rave-hands-long-sleeve-tee,9261116588259,2,0,https://cdn.shopify.com/s/files/1/0788/2358/8067/files/graffiti-burst-long-sleeve-tee-dark-jersey-with-neon-street-art-chest-hit-understated-loud-4526706.jpg?v=1782724040,rave-hands-long-sleeve-tee-cutout.png
rave-hands-long-sleeve-tee,9261116588259,3,0,https://cdn.shopify.com/s/files/1/0788/2358/8067/files/graffiti-burst-long-sleeve-tee-dark-jersey-with-neon-street-art-chest-hit-understated-loud-7065637.jpg?v=1782724039,rave-hands-long-sleeve-tee-cutout.png
rave-hands-long-sleeve-tee,9261116588259,4,0,https://cdn.shopify.com/s/files/1/0788/2358/8067/files/graffiti-burst-long-sleeve-tee-dark-jersey-with-neon-street-art-chest-hit-understated-loud-8794450.jpg?v=1782724156,rave-hands-long-sleeve-tee-cutout.png
rave-hands-long-sleeve-tee,9261116588259,5,0,https://cdn.shopify.com/s/files/1/0788/2358/8067/files/graffiti-burst-long-sleeve-tee-dark-jersey-with-neon-street-art-chest-hit-understated-loud-9183029.jpg?v=1782724157,rave-hands-long-sleeve-tee-cutout.png
rave-hands-long-sleeve-tee,9261116588259,6,0,https://cdn.shopify.com/s/files/1/0788/2358/8067/files/graffiti-burst-long-sleeve-tee-dark-jersey-with-neon-street-art-chest-hit-understated-loud-4884466.jpg?v=1782724156,rave-hands-long-sleeve-tee-cutout.png
rave-hands-long-sleeve-tee,9261116588259,7,0,https://cdn.shopify.com/s/files/1/0788/2358/8067/files/graffiti-burst-long-sleeve-tee-dark-jersey-with-neon-street-art-chest-hit-understated-loud-9051218.jpg?v=1782724039,rave-hands-long-sleeve-tee-cutout.png
rave-hands-long-sleeve-tee,9261116588259,8,0,https://cdn.shopify.com/s/files/1/0788/2358/8067/files/graffiti-burst-long-sleeve-tee-dark-jersey-with-neon-street-art-chest-hit-understated-loud-7178855.jpg?v=1782724039,rave-hands-long-sleeve-tee-cutout.png
rave-hands-long-sleeve-tee,9261116588259,9,0,https://cdn.shopify.com/s/files/1/0788/2358/8067/files/graffiti-burst-long-sleeve-tee-dark-jersey-with-neon-street-art-chest-hit-understated-loud-3265860.jpg?v=1782724040,rave-hands-long-sleeve-tee-cutout.png
rave-hands-long-sleeve-tee,9261116588259,10,0,https://cdn.shopify.com/s/files/1/0788/2358/8067/files/graffiti-burst-long-sleeve-tee-dark-jersey-with-neon-street-art-chest-hit-understated-loud-4722742.jpg?v=1782724041,rave-hands-long-sleeve-tee-cutout.png
rave-hands-long-sleeve-tee,9261116588259,11,0,https://cdn.shopify.com/s/files/1/0788/2358/8067/files/graffiti-burst-long-sleeve-tee-dark-jersey-with-neon-street-art-chest-hit-understated-loud-1563894.jpg?v=1782724040,rave-hands-long-sleeve-tee-cutout.png
retro-bloom-half-zip-sweatshirt,9225774465251,0,1,https://cdn.shopify.com/s/files/1/0788/2358/8067/files/stand-up-collar-shirt-5488341.png?v=1776796691,retro-bloom-half-zip-sweatshirt-cutout.png
retro-bloom-half-zip-sweatshirt,9225774465251,1,0,https://cdn.shopify.com/s/files/1/0788/2358/8067/files/all-over-print-unisex-lapel-sweatshirt-310gsm-cotton-3936503.jpg?v=1776777304,retro-bloom-half-zip-sweatshirt-cutout.png
retro-bloom-half-zip-sweatshirt,9225774465251,2,0,https://cdn.shopify.com/s/files/1/0788/2358/8067/files/all-over-print-unisex-lapel-sweatshirt-310gsm-cotton-3841490.jpg?v=1776777304,retro-bloom-half-zip-sweatshirt-cutout.png
retro-bloom-half-zip-sweatshirt,9225774465251,3,0,https://cdn.shopify.com/s/files/1/0788/2358/8067/files/all-over-print-unisex-lapel-sweatshirt-310gsm-cotton-5856616.jpg?v=1776777304,retro-bloom-half-zip-sweatshirt-cutout.png
retro-bloom-half-zip-sweatshirt,9225774465251,4,0,https://cdn.shopify.com/s/files/1/0788/2358/8067/files/all-over-print-unisex-lapel-sweatshirt-310gsm-cotton-6711939.jpg?v=1776777304,retro-bloom-half-zip-sweatshirt-cutout.png
retro-bloom-half-zip-sweatshirt,9225774465251,5,0,https://cdn.shopify.com/s/files/1/0788/2358/8067/files/all-over-print-unisex-lapel-sweatshirt-310gsm-cotton-4698921.png?v=1776777304,retro-bloom-half-zip-sweatshirt-cutout.png
reversible-graffiti-bucket-hat,9176120393955,0,1,https://cdn.shopify.com/s/files/1/0788/2358/8067/files/Model_wearing_clothing_article_9744de8c4e.jpg?v=1774790711,reversible-graffiti-bucket-hat-cutout.png
reversible-graffiti-bucket-hat,9176120393955,1,0,https://cdn.shopify.com/s/files/1/0788/2358/8067/files/Hyperrealistic_8k_cinematic_studio_photography_sub_bd83c05a49.jpg?v=1774790584,reversible-graffiti-bucket-hat-cutout.png
reversible-graffiti-bucket-hat,9176120393955,2,0,https://cdn.shopify.com/s/files/1/0788/2358/8067/files/Hyperrealistic_8k_cinematic_studio_photography_sub_28b6a006a4.jpg?v=1774790711,reversible-graffiti-bucket-hat-cutout.png
reversible-graffiti-bucket-hat,9176120393955,3,0,https://cdn.shopify.com/s/files/1/0788/2358/8067/files/Model_wearing_clothing_article_52fb39402e.jpg?v=1774790711,reversible-graffiti-bucket-hat-cutout.png
reversible-graffiti-bucket-hat,9176120393955,4,0,https://cdn.shopify.com/s/files/1/0788/2358/8067/files/Model_wearing_clothing_article_0dc1f03984.jpg?v=1774790525,reversible-graffiti-bucket-hat-cutout.png
reversible-graffiti-bucket-hat,9176120393955,5,0,https://cdn.shopify.com/s/files/1/0788/2358/8067/files/Hyperrealistic_8k_cinematic_studio_photography_sub_1676bb1954.jpg?v=1774790711,reversible-graffiti-bucket-hat-cutout.png
reversible-graffiti-bucket-hat,9176120393955,6,0,https://cdn.shopify.com/s/files/1/0788/2358/8067/files/Hyperrealistic_8k_cinematic_studio_photography_sub_ac4b838ab9.jpg?v=1774790525,reversible-graffiti-bucket-hat-cutout.png
reversible-graffiti-bucket-hat,9176120393955,7,0,https://cdn.shopify.com/s/files/1/0788/2358/8067/files/Hyperrealistic_8k_cinematic_studio_photography_sub_ad6b05877d.jpg?v=1774790584,reversible-graffiti-bucket-hat-cutout.png
reversible-graffiti-bucket-hat,9176120393955,8,0,https://cdn.shopify.com/s/files/1/0788/2358/8067/files/Hyperrealistic_8k_cinematic_studio_photography_sub_796c1256ec.jpg?v=1774790526,reversible-graffiti-bucket-hat-cutout.png
reversible-graffiti-bucket-hat,9176120393955,9,0,https://cdn.shopify.com/s/files/1/0788/2358/8067/files/Hyperrealistic_8k_cinematic_studio_photography_sub_74f88e58b0.jpg?v=1774790825,reversible-graffiti-bucket-hat-cutout.png
reversible-graffiti-bucket-hat,9176120393955,10,0,https://cdn.shopify.com/s/files/1/0788/2358/8067/files/all-over-print-reversible-bucket-hat-white-front-outside-69b29a19766eb.jpg?v=1774455974,reversible-graffiti-bucket-hat-cutout.png
reversible-graffiti-bucket-hat,9176120393955,11,0,https://cdn.shopify.com/s/files/1/0788/2358/8067/files/all-over-print-reversible-bucket-hat-white-front-outside-69b29a19891eb.jpg?v=1774455974,reversible-graffiti-bucket-hat-cutout.png
ribbon-riot-cotton-hoodie,9231500476643,0,1,https://cdn.shopify.com/s/files/1/0788/2358/8067/files/splatter-art-hoodie-all-over-print-100-cotton-310gsm-unisex-paint-explosion-streetwear-9423715.png?v=1776796688,ribbon-riot-cotton-hoodie-cutout.png
ribbon-riot-cotton-hoodie,9231500476643,1,0,https://cdn.shopify.com/s/files/1/0788/2358/8067/files/splatter-art-all-over-print-unisex-pullover-hoodie-310gsm-cotton-7809171.jpg?v=1776722836,ribbon-riot-cotton-hoodie-cutout.png
ribbon-riot-cotton-hoodie,9231500476643,2,0,https://cdn.shopify.com/s/files/1/0788/2358/8067/files/splatter-art-all-over-print-unisex-pullover-hoodie-310gsm-cotton-9602085.jpg?v=1776722836,ribbon-riot-cotton-hoodie-cutout.png
ribbon-riot-cotton-hoodie,9231500476643,3,0,https://cdn.shopify.com/s/files/1/0788/2358/8067/files/splatter-art-all-over-print-unisex-pullover-hoodie-310gsm-cotton-7460167.jpg?v=1776722836,ribbon-riot-cotton-hoodie-cutout.png
ribbon-riot-cotton-hoodie,9231500476643,4,0,https://cdn.shopify.com/s/files/1/0788/2358/8067/files/splatter-art-all-over-print-unisex-pullover-hoodie-310gsm-cotton-4078835.jpg?v=1776722836,ribbon-riot-cotton-hoodie-cutout.png
ribbon-riot-cotton-hoodie,9231500476643,5,0,https://cdn.shopify.com/s/files/1/0788/2358/8067/files/splatter-art-all-over-print-unisex-pullover-hoodie-310gsm-cotton-9039734.jpg?v=1776722836,ribbon-riot-cotton-hoodie-cutout.png
ribbon-riot-cotton-hoodie,9231500476643,6,0,https://cdn.shopify.com/s/files/1/0788/2358/8067/files/splatter-art-all-over-print-unisex-pullover-hoodie-310gsm-cotton-2983695.png?v=1776722836,ribbon-riot-cotton-hoodie-cutout.png
ribbon-swirl-duster-cardigan,9201043177699,0,1,https://cdn.shopify.com/s/files/1/0788/2358/8067/files/Firefly_Gemini_Flash_Generate_a_series_of_professional_studio_shots_featuring_a_model_wearing_the_specifie_580377.png?v=1777790307,ribbon-swirl-duster-cardigan-cutout.png
ribbon-swirl-duster-cardigan,9201043177699,1,0,https://cdn.shopify.com/s/files/1/0788/2358/8067/files/Whisk_8cb2920709cc72b88dc4fec17c521428dr.png?v=1774789513,ribbon-swirl-duster-cardigan-cutout.png
ribbon-swirl-duster-cardigan,9201043177699,2,0,https://cdn.shopify.com/s/files/1/0788/2358/8067/files/Whisk_04d84c04e6d9bf7b5cf401196f3a2efbdr.png?v=1774789452,ribbon-swirl-duster-cardigan-cutout.png
ribbon-swirl-duster-cardigan,9201043177699,3,0,https://cdn.shopify.com/s/files/1/0788/2358/8067/files/Whisk_410b59efadc83159c434459fea87f658dr.png?v=1774789453,ribbon-swirl-duster-cardigan-cutout.png
ribbon-swirl-duster-cardigan,9201043177699,4,0,https://cdn.shopify.com/s/files/1/0788/2358/8067/files/Whisk_8d292f31acb479ab46648c5cb449a7f0dr.png?v=1774789452,ribbon-swirl-duster-cardigan-cutout.png
ribbon-swirl-duster-cardigan,9201043177699,5,0,https://cdn.shopify.com/s/files/1/0788/2358/8067/files/Whisk_a89d9d7aef6e0ceaa034eaadfac6172adr_1.png?v=1774789452,ribbon-swirl-duster-cardigan-cutout.png
ribbon-swirl-duster-cardigan,9201043177699,6,0,https://cdn.shopify.com/s/files/1/0788/2358/8067/files/Firefly_Flux_Generate_a_series_of_professional_studio_shots_featuring_a_model_wearing_the_specifie_4087-2_copy.jpg?v=1774789513,ribbon-swirl-duster-cardigan-cutout.png
ribbon-swirl-duster-cardigan,9201043177699,7,0,https://cdn.shopify.com/s/files/1/0788/2358/8067/files/Whisk_f55a4706733f7778c6a407fbded9eb70dr.png?v=1774789452,ribbon-swirl-duster-cardigan-cutout.png
ribbon-swirl-duster-cardigan,9201043177699,8,0,https://cdn.shopify.com/s/files/1/0788/2358/8067/files/Whisk_b3752388256caaea0e74d479e4da8cd2dr.png?v=1774789513,ribbon-swirl-duster-cardigan-cutout.png
ribbon-swirl-duster-cardigan,9201043177699,9,0,https://cdn.shopify.com/s/files/1/0788/2358/8067/files/Whisk_3de9eb515909583aea540849debee0eadr.png?v=1774789452,ribbon-swirl-duster-cardigan-cutout.png
ribbon-swirl-duster-cardigan,9201043177699,10,0,https://cdn.shopify.com/s/files/1/0788/2358/8067/files/Whisk_f83e482d18994018e2c4fb217b7e40e3dr.png?v=1774789453,ribbon-swirl-duster-cardigan-cutout.png
ribbon-swirl-duster-cardigan,9201043177699,11,0,https://cdn.shopify.com/s/files/1/0788/2358/8067/files/Whisk_4e4e3f3f6d98be28f1a49c49fc4d13addr.png?v=1774789453,ribbon-swirl-duster-cardigan-cutout.png
sacred-geometry-kaftan,9175876731107,0,1,https://cdn.shopify.com/s/files/1/0788/2358/8067/files/sacred-geometry-kaftan-psychedelic-bohemian-goddess-robe-for-meditation-retreats-luxury-lounging-2681912.png?v=1782724509,sacred-geometry-kaftan-cutout.png
sacred-geometry-kaftan,9175876731107,1,0,https://cdn.shopify.com/s/files/1/0788/2358/8067/files/1828837f-il_fullxfull.7676323268_2nhc.jpg?v=1774791011,sacred-geometry-kaftan-cutout.png
sacred-geometry-kaftan,9175876731107,2,0,https://cdn.shopify.com/s/files/1/0788/2358/8067/files/7cfa9661-il_fullxfull.7676323520_5gec.jpg?v=1774791011,sacred-geometry-kaftan-cutout.png
sacred-geometry-kaftan,9175876731107,3,0,https://cdn.shopify.com/s/files/1/0788/2358/8067/files/1878608f-il_fullxfull.7676323676_oco4.jpg?v=1774791011,sacred-geometry-kaftan-cutout.png
sacred-geometry-kaftan,9175876731107,4,0,https://cdn.shopify.com/s/files/1/0788/2358/8067/files/506e7871-il_fullxfull.7676323970_mvna.jpg?v=1774791011,sacred-geometry-kaftan-cutout.png
sacred-geometry-kaftan,9175876731107,5,0,https://cdn.shopify.com/s/files/1/0788/2358/8067/files/36d55c5f-il_fullxfull.7676324274_dvqz.jpg?v=1774791011,sacred-geometry-kaftan-cutout.png
sage-stone-seamless-textile-svg,9260746211555,0,1,https://cdn.shopify.com/s/files/1/0788/2358/8067/files/sage_stone_textile_v6.svg?v=1778522961,sage-stone-seamless-textile-svg-cutout.png
salt-water-tapestry-button-up,9193875800291,0,1,https://cdn.shopify.com/s/files/1/0788/2358/8067/files/salt-water-tapestry-abstract-art-all-over-print-silk-feel-button-up-shirt-4183346.png?v=1778285948,salt-water-tapestry-button-up-cutout.png
salt-water-tapestry-button-up,9193875800291,1,0,https://cdn.shopify.com/s/files/1/0788/2358/8067/files/155733-74c9cfe0-0797-45a3-994f-39bc995baa7c.jpg?v=1774789508,salt-water-tapestry-button-up-cutout.png
salt-water-tapestry-button-up,9193875800291,2,0,https://cdn.shopify.com/s/files/1/0788/2358/8067/files/155733-7b9267d0-20d1-43cc-821e-51eb8c361daa.jpg?v=1774789508,salt-water-tapestry-button-up-cutout.png
salt-water-tapestry-button-up,9193875800291,3,0,https://cdn.shopify.com/s/files/1/0788/2358/8067/files/034b5fa4-3d2a-4c8f-a32e-890ee94fbee9_6df0225e-87e0-48fc-82eb-ed4c83a0a522.png?v=1774789508,salt-water-tapestry-button-up-cutout.png
san-francisco-street-soul-jumpsuit,9259966005475,0,1,https://cdn.shopify.com/s/files/1/0788/2358/8067/files/san-francisco-street-soul-aop-jumpsuit-full-body-city-signage-print-unisex-one-piece-310gsm-xs-5xl-6427747.png?v=1782724210,san-francisco-street-soul-jumpsuit-cutout.png
san-francisco-street-soul-jumpsuit,9259966005475,1,0,https://cdn.shopify.com/s/files/1/0788/2358/8067/files/san-francisco-street-soul-aop-jumpsuit-full-body-city-signage-print-unisex-one-piece-310gsm-xs-5xl-6317280.jpg?v=1782724210,san-francisco-street-soul-jumpsuit-cutout.png
san-francisco-street-soul-jumpsuit,9259966005475,2,0,https://cdn.shopify.com/s/files/1/0788/2358/8067/files/san-francisco-street-soul-aop-jumpsuit-full-body-city-signage-print-unisex-one-piece-310gsm-xs-5xl-9681053.jpg?v=1782724211,san-francisco-street-soul-jumpsuit-cutout.png
san-francisco-street-soul-jumpsuit,9259966005475,3,0,https://cdn.shopify.com/s/files/1/0788/2358/8067/files/san-francisco-street-soul-aop-jumpsuit-full-body-city-signage-print-unisex-one-piece-310gsm-xs-5xl-7134914.jpg?v=1782724210,san-francisco-street-soul-jumpsuit-cutout.png
san-francisco-street-soul-jumpsuit,9259966005475,4,0,https://cdn.shopify.com/s/files/1/0788/2358/8067/files/san-francisco-street-soul-aop-jumpsuit-full-body-city-signage-print-unisex-one-piece-310gsm-xs-5xl-7261651.jpg?v=1782724211,san-francisco-street-soul-jumpsuit-cutout.png
san-francisco-street-soul-jumpsuit,9259966005475,5,0,https://cdn.shopify.com/s/files/1/0788/2358/8067/files/san-francisco-street-soul-aop-jumpsuit-full-body-city-signage-print-unisex-one-piece-310gsm-xs-5xl-1965247.png?v=1782724210,san-francisco-street-soul-jumpsuit-cutout.png
sandstorm-premium-throw-blanket,9201045831907,0,1,https://cdn.shopify.com/s/files/1/0788/2358/8067/files/throw-blanket-sandstorm-all-over-print-premium-plush-velvet-polar-fleece-4-sizes-4709298.png?v=1776616928,sandstorm-premium-throw-blanket-cutout.png
sandstorm-premium-throw-blanket,9201045831907,1,0,https://cdn.shopify.com/s/files/1/0788/2358/8067/files/2956101_0_3d.jpg?v=1778275156,sandstorm-premium-throw-blanket-cutout.png
sandstorm-premium-throw-blanket,9201045831907,2,0,https://cdn.shopify.com/s/files/1/0788/2358/8067/files/2956101_1_3d.jpg?v=1778275156,sandstorm-premium-throw-blanket-cutout.png
sandstorm-premium-throw-blanket,9201045831907,3,0,https://cdn.shopify.com/s/files/1/0788/2358/8067/files/2956101_2_3d.jpg?v=1778275156,sandstorm-premium-throw-blanket-cutout.png
sandstorm-premium-throw-blanket,9201045831907,4,0,https://cdn.shopify.com/s/files/1/0788/2358/8067/files/throw-blanket-sandstorm-all-over-print-premium-plush-velvet-polar-fleece-4-sizes-6615894.jpg?v=1778285768,sandstorm-premium-throw-blanket-cutout.png
scrap-quilt-hazmat-suit-costume,9185451606243,0,1,https://cdn.shopify.com/s/files/1/0788/2358/8067/files/aop-hazmat-suit-costume-for-bold-festival-and-event-dressers-all-over-print-statement-costume-rave-halloween-statement-suit-4751708.png?v=1782724388,scrap-quilt-hazmat-suit-costume-cutout.png
scrap-quilt-hazmat-suit-costume,9185451606243,1,0,https://cdn.shopify.com/s/files/1/0788/2358/8067/files/2943859_0_3d.jpg?v=1774790165,scrap-quilt-hazmat-suit-costume-cutout.png
scrap-quilt-hazmat-suit-costume,9185451606243,2,0,https://cdn.shopify.com/s/files/1/0788/2358/8067/files/2943859_1_3d.jpg?v=1774790165,scrap-quilt-hazmat-suit-costume-cutout.png
scrap-quilt-hazmat-suit-costume,9185451606243,3,0,https://cdn.shopify.com/s/files/1/0788/2358/8067/files/2943859_2_3d.jpg?v=1774790165,scrap-quilt-hazmat-suit-costume-cutout.png
scrap-quilt-hazmat-suit-costume,9185451606243,4,0,https://cdn.shopify.com/s/files/1/0788/2358/8067/files/2943859_3_3d.jpg?v=1774790165,scrap-quilt-hazmat-suit-costume-cutout.png
scrap-quilt-hazmat-suit-costume,9185451606243,5,0,https://cdn.shopify.com/s/files/1/0788/2358/8067/files/2943859_4_3d.jpg?v=1774790165,scrap-quilt-hazmat-suit-costume-cutout.png
scrap-quilt-hazmat-suit-costume,9185451606243,6,0,https://cdn.shopify.com/s/files/1/0788/2358/8067/files/2943859_5_3d.jpg?v=1774790165,scrap-quilt-hazmat-suit-costume-cutout.png
scrap-quilt-hazmat-suit-costume,9185451606243,7,0,https://cdn.shopify.com/s/files/1/0788/2358/8067/files/2943859_6_3d.jpg?v=1774790165,scrap-quilt-hazmat-suit-costume-cutout.png
scrap-quilt-hazmat-suit-costume,9185451606243,8,0,https://cdn.shopify.com/s/files/1/0788/2358/8067/files/2943859_7_3d.jpg?v=1774790165,scrap-quilt-hazmat-suit-costume-cutout.png
seamless-patterns-svg-bundle-800-cut-files,9529609158883,0,1,https://cdn.shopify.com/s/files/1/0788/2358/8067/files/seamless-patterns-800-svg-bundle-for-cricut-sublimation-pod-seamless-repeat-patterns-for-fabric-wallpaper-all-over-print-8515606.png?v=1782815106,seamless-patterns-svg-bundle-800-cut-files-cutout.png
seigaiha-wave-tee,9175875092707,0,1,https://cdn.shopify.com/s/files/1/0788/2358/8067/files/seigaiha-wave-aop-t-shirt-blue-geometric-pattern-140g-6423175.png?v=1782724507,seigaiha-wave-tee-cutout.png
seigaiha-wave-tee,9175875092707,1,0,https://cdn.shopify.com/s/files/1/0788/2358/8067/files/68a5ba2d-il_fullxfull.7770313056_63sh.jpg?v=1774790952,seigaiha-wave-tee-cutout.png
seigaiha-wave-tee,9175875092707,2,0,https://cdn.shopify.com/s/files/1/0788/2358/8067/files/196dbf81-il_fullxfull.7770302536_o2ri.jpg?v=1774790952,seigaiha-wave-tee-cutout.png
seigaiha-wave-tee,9175875092707,3,0,https://cdn.shopify.com/s/files/1/0788/2358/8067/files/96cb8c4f-il_fullxfull.7770281712_iln3.jpg?v=1774790952,seigaiha-wave-tee-cutout.png
seigaiha-wave-tee,9175875092707,4,0,https://cdn.shopify.com/s/files/1/0788/2358/8067/files/954f4869-il_fullxfull.7770282180_ntvu.jpg?v=1774790952,seigaiha-wave-tee-cutout.png
seigaiha-wave-tee,9175875092707,5,0,https://cdn.shopify.com/s/files/1/0788/2358/8067/files/913e9d88-il_fullxfull.7818222059_htbc.jpg?v=1774790952,seigaiha-wave-tee-cutout.png
seigaiha-wave-tee,9175875092707,6,0,https://cdn.shopify.com/s/files/1/0788/2358/8067/files/5483310d-il_fullxfull.7770282158_j4ny.jpg?v=1774790952,seigaiha-wave-tee-cutout.png
seigaiha-wave-tee,9175875092707,7,0,https://cdn.shopify.com/s/files/1/0788/2358/8067/files/4c7a6aab-il_fullxfull.7818221985_d2on.jpg?v=1774790952,seigaiha-wave-tee-cutout.png
seigaiha-wave-tee,9175875092707,8,0,https://cdn.shopify.com/s/files/1/0788/2358/8067/files/d8e8683f-il_fullxfull.7818222157_dmlo.jpg?v=1774790952,seigaiha-wave-tee-cutout.png
seigaiha-wave-tee,9175875092707,9,0,https://cdn.shopify.com/s/files/1/0788/2358/8067/files/7dcd7de6-il_fullxfull.7818241047_jzzk.jpg?v=1774790952,seigaiha-wave-tee-cutout.png
seigaiha-wave-tee,9175875092707,10,0,https://cdn.shopify.com/s/files/1/0788/2358/8067/files/4dc7a64d-il_fullxfull.7770301628_3bxw.jpg?v=1774790952,seigaiha-wave-tee-cutout.png
seven-tails-moon-patchwork-hoodie,9214500077795,0,1,https://cdn.shopify.com/s/files/1/0788/2358/8067/files/seven-tails-moon-natures-collage-aop-hoodie-vibrant-patchwork-streetwear-6718540.png?v=1777788609,seven-tails-moon-patchwork-hoodie-cutout.png
seven-tails-moon-patchwork-hoodie,9214500077795,1,0,https://cdn.shopify.com/s/files/1/0788/2358/8067/files/6239529436405771108_2048.jpg?v=1776080528,seven-tails-moon-patchwork-hoodie-cutout.png
seven-tails-moon-patchwork-hoodie,9214500077795,2,0,https://cdn.shopify.com/s/files/1/0788/2358/8067/files/10259716850626330138_2048.jpg?v=1776080528,seven-tails-moon-patchwork-hoodie-cutout.png
seven-tails-moon-patchwork-hoodie,9214500077795,3,0,https://cdn.shopify.com/s/files/1/0788/2358/8067/files/6239529436405771108_2048.png?v=1776080528,seven-tails-moon-patchwork-hoodie-cutout.png
seven-tails-moon-patchwork-hoodie,9214500077795,4,0,https://cdn.shopify.com/s/files/1/0788/2358/8067/files/Clothing_photoshoot_new_202604110229.jpg?v=1776080528,seven-tails-moon-patchwork-hoodie-cutout.png
seven-tails-moon-patchwork-hoodie,9214500077795,5,0,https://cdn.shopify.com/s/files/1/0788/2358/8067/files/Screenshot_2026-04-11_at_02.26.20.png?v=1776080528,seven-tails-moon-patchwork-hoodie-cutout.png
seven-tails-moon-patchwork-hoodie,9214500077795,6,0,https://cdn.shopify.com/s/files/1/0788/2358/8067/files/Keep_everything_from_202604110229.jpg?v=1776080585,seven-tails-moon-patchwork-hoodie-cutout.png
seven-tails-moon-patchwork-hoodie,9214500077795,7,0,https://cdn.shopify.com/s/files/1/0788/2358/8067/files/Keep_everything_from_202604110229_70d630e5-37ea-4fab-bbbc-81726f3ee9ef.png?v=1776080586,seven-tails-moon-patchwork-hoodie-cutout.png
seven-tails-moon-patchwork-hoodie,9214500077795,8,0,https://cdn.shopify.com/s/files/1/0788/2358/8067/files/Keep_everything_from_202604110229.png?v=1776080528,seven-tails-moon-patchwork-hoodie-cutout.png
seven-tails-moon-patchwork-hoodie,9214500077795,9,0,https://cdn.shopify.com/s/files/1/0788/2358/8067/files/Clothing_photoshoot_new_202604110234.jpg?v=1776080528,seven-tails-moon-patchwork-hoodie-cutout.png
seven-tails-moon-patchwork-hoodie,9214500077795,10,0,https://cdn.shopify.com/s/files/1/0788/2358/8067/files/Keep_everything_from_202604110228_1.jpg?v=1776080527,seven-tails-moon-patchwork-hoodie-cutout.png
seven-tails-moon-patchwork-hoodie,9214500077795,11,0,https://cdn.shopify.com/s/files/1/0788/2358/8067/files/Keep_everything_from_202604110228_1.png?v=1776080527,seven-tails-moon-patchwork-hoodie-cutout.png
shatter-web-hoodie,9214499881187,0,1,https://cdn.shopify.com/s/files/1/0788/2358/8067/files/shattered-beyond-compare-aop-unisex-graphic-hoodie-for-broken-souls-and-overrecyclers-1053829.png?v=1777788606,shatter-web-hoodie-cutout.png
shatter-web-hoodie,9214499881187,1,0,https://cdn.shopify.com/s/files/1/0788/2358/8067/files/5054757667180514954_2048.jpg?v=1775471048,shatter-web-hoodie-cutout.png
shattered-glass-aop-pullover-hoodie,9455369650403,0,1,https://cdn.shopify.com/s/files/1/0788/2358/8067/files/tinas-hoodie-shattered-glass-print-streetwear-sweatshirt-festival-hooded-jumper-unisex-graphic-sweater-resilience-hoodie-3756642.jpg?v=1782724210,shattered-glass-aop-pullover-hoodie-cutout.png
shattered-glass-aop-pullover-hoodie,9455369650403,1,0,https://cdn.shopify.com/s/files/1/0788/2358/8067/files/tinas-hoodie-shattered-glass-print-streetwear-sweatshirt-festival-hooded-jumper-unisex-graphic-sweater-resilience-hoodie-6137293.jpg?v=1782724210,shattered-glass-aop-pullover-hoodie-cutout.png
shattered-glass-aop-pullover-hoodie,9455369650403,2,0,https://cdn.shopify.com/s/files/1/0788/2358/8067/files/tinas-hoodie-shattered-glass-print-streetwear-sweatshirt-festival-hooded-jumper-unisex-graphic-sweater-resilience-hoodie-2457420.jpg?v=1782724210,shattered-glass-aop-pullover-hoodie-cutout.png
shattered-glass-aop-pullover-hoodie,9455369650403,3,0,https://cdn.shopify.com/s/files/1/0788/2358/8067/files/tinas-hoodie-shattered-glass-print-streetwear-sweatshirt-festival-hooded-jumper-unisex-graphic-sweater-resilience-hoodie-6710498.jpg?v=1782724210,shattered-glass-aop-pullover-hoodie-cutout.png
shattered-mosaic-compression-shorts,9184473481443,0,1,https://cdn.shopify.com/s/files/1/0788/2358/8067/files/shattered-mosaic-compression-shorts-stone-amber-fragment-aop-base-layer-for-bold-training-4433540.png?v=1782724387,shattered-mosaic-compression-shorts-cutout.png
shattered-mosaic-compression-shorts,9184473481443,1,0,https://cdn.shopify.com/s/files/1/0788/2358/8067/files/72337b9146469dc3eef4fa34d7bff85d.jpg?v=1774456099,shattered-mosaic-compression-shorts-cutout.png
shattered-mosaic-compression-shorts,9184473481443,2,0,https://cdn.shopify.com/s/files/1/0788/2358/8067/files/8a310e9aabe6b85892b9feaf7b0ed9eb.jpg?v=1774456099,shattered-mosaic-compression-shorts-cutout.png
shattered-mosaic-compression-shorts,9184473481443,3,0,https://cdn.shopify.com/s/files/1/0788/2358/8067/files/4fc8e7fe1242fa1ea813a5b416a05254.jpg?v=1774456099,shattered-mosaic-compression-shorts-cutout.png
shattered-mosaic-compression-shorts,9184473481443,4,0,https://cdn.shopify.com/s/files/1/0788/2358/8067/files/9240ac8b0693a837b4deacd70dcfb4f5.jpg?v=1774456099,shattered-mosaic-compression-shorts-cutout.png
shattered-mosaic-compression-shorts,9184473481443,5,0,https://cdn.shopify.com/s/files/1/0788/2358/8067/files/e7e9f5cb1a5e39b1d53376a4437ed910.jpg?v=1774456099,shattered-mosaic-compression-shorts-cutout.png
shattered-mosaic-compression-shorts,9184473481443,6,0,https://cdn.shopify.com/s/files/1/0788/2358/8067/files/558b036561470a7c199367935b717bd1_44b8fc29-1382-4d0e-ba3a-b220fc58e8c4.jpg?v=1774456100,shattered-mosaic-compression-shorts-cutout.png
shattered-mosaic-faux-linen-shirt,9184472826083,0,1,https://cdn.shopify.com/s/files/1/0788/2358/8067/files/shattered-mosaic-faux-linen-shirt-stone-amber-stained-glass-aop-long-sleeve-with-pocket-1774168.png?v=1782724387,shattered-mosaic-faux-linen-shirt-cutout.png
shattered-mosaic-faux-linen-shirt,9184472826083,1,0,https://cdn.shopify.com/s/files/1/0788/2358/8067/files/189d10bf6eb64c62d8ae2bd7e02655df.jpg?v=1774456195,shattered-mosaic-faux-linen-shirt-cutout.png
shattered-mosaic-faux-linen-shirt,9184472826083,2,0,https://cdn.shopify.com/s/files/1/0788/2358/8067/files/0ee31e46211d658a58eb285182487a7f.jpg?v=1774456195,shattered-mosaic-faux-linen-shirt-cutout.png
shattered-mosaic-faux-linen-shirt,9184472826083,3,0,https://cdn.shopify.com/s/files/1/0788/2358/8067/files/8ca5f1562fcfe8d71791c26feaaba3a3.jpg?v=1774456196,shattered-mosaic-faux-linen-shirt-cutout.png
shattered-mosaic-faux-linen-shirt,9184472826083,4,0,https://cdn.shopify.com/s/files/1/0788/2358/8067/files/c1ad1dbe272e2927b18cb668eb7138a8.jpg?v=1774456195,shattered-mosaic-faux-linen-shirt-cutout.png
shattered-mosaic-faux-linen-shirt,9184472826083,5,0,https://cdn.shopify.com/s/files/1/0788/2358/8067/files/989ab80480697f21298af591ceda4dcf.jpg?v=1774456196,shattered-mosaic-faux-linen-shirt-cutout.png
shattered-mosaic-faux-linen-shirt,9184472826083,6,0,https://cdn.shopify.com/s/files/1/0788/2358/8067/files/464d9d0ca5ac4ff8563a9219100e8075.jpg?v=1774456196,shattered-mosaic-faux-linen-shirt-cutout.png
shattered-mosaic-hooded-trench-coat,9184478396643,0,1,https://cdn.shopify.com/s/files/1/0788/2358/8067/files/shattered-mosaic-hooded-trench-coat-stone-amber-stained-glass-aop-short-rain-layer-for-urban-rebels-4570331.png?v=1782724387,shattered-mosaic-hooded-trench-coat-cutout.png
shattered-mosaic-hooded-trench-coat,9184478396643,1,0,https://cdn.shopify.com/s/files/1/0788/2358/8067/files/ad4bf44f07abb77e498f8e3b832f2416.jpg?v=1774456101,shattered-mosaic-hooded-trench-coat-cutout.png
shattered-mosaic-hooded-trench-coat,9184478396643,2,0,https://cdn.shopify.com/s/files/1/0788/2358/8067/files/785dba7ea4c8b3e4df93445dd75b170e.jpg?v=1774456101,shattered-mosaic-hooded-trench-coat-cutout.png
shattered-mosaic-hooded-trench-coat,9184478396643,3,0,https://cdn.shopify.com/s/files/1/0788/2358/8067/files/576cfadb70380d31916f384bc283c49f.jpg?v=1774456100,shattered-mosaic-hooded-trench-coat-cutout.png
shattered-mosaic-hooded-trench-coat,9184478396643,4,0,https://cdn.shopify.com/s/files/1/0788/2358/8067/files/afa327ec4858ee8df2e221c08a298fc6.jpg?v=1774456101,shattered-mosaic-hooded-trench-coat-cutout.png
shattered-mosaic-hooded-trench-coat,9184478396643,5,0,https://cdn.shopify.com/s/files/1/0788/2358/8067/files/2b356cf9432f305f7a17b966f1f6739e.jpg?v=1774456101,shattered-mosaic-hooded-trench-coat-cutout.png
shattered-mosaic-hooded-trench-coat,9184478396643,6,0,https://cdn.shopify.com/s/files/1/0788/2358/8067/files/d2c23c0528d21c6f27acaa697ac30a27.jpg?v=1774456101,shattered-mosaic-hooded-trench-coat-cutout.png
shattered-mosaic-hooded-trench-coat,9184478396643,7,0,https://cdn.shopify.com/s/files/1/0788/2358/8067/files/297af2c7d08e06748cf2ca9ce0982000_0b1a3978-efbb-46da-befb-74b671a33e3f.jpg?v=1774456101,shattered-mosaic-hooded-trench-coat-cutout.png
shattered-mosaic-hooded-trench-coat,9184478396643,8,0,https://cdn.shopify.com/s/files/1/0788/2358/8067/files/6195adb8b52bc27a1ebff95af2a35e30_62111ac2-6c3d-402f-bbaa-2cc59e460b61.jpg?v=1774456101,shattered-mosaic-hooded-trench-coat-cutout.png
shattered-mosaic-shirt-shorts-set,9184467976419,0,1,https://cdn.shopify.com/s/files/1/0788/2358/8067/files/shattered-mosaic-shirt-shorts-set-stone-amber-fragment-aop-matching-two-piece-summer-fit-8397823.png?v=1782724388,shattered-mosaic-shirt-shorts-set-cutout.png
shattered-mosaic-shirt-shorts-set,9184467976419,1,0,https://cdn.shopify.com/s/files/1/0788/2358/8067/files/f55fe2a18d04752946ec315858c700bb.jpg?v=1774456181,shattered-mosaic-shirt-shorts-set-cutout.png
shattered-mosaic-shirt-shorts-set,9184467976419,2,0,https://cdn.shopify.com/s/files/1/0788/2358/8067/files/f1ee9c0d0c1f455357284377e438f23a.jpg?v=1774456181,shattered-mosaic-shirt-shorts-set-cutout.png
shattered-mosaic-shirt-shorts-set,9184467976419,3,0,https://cdn.shopify.com/s/files/1/0788/2358/8067/files/4de2b7a73435dc456e9a853a75c57957.jpg?v=1774456181,shattered-mosaic-shirt-shorts-set-cutout.png
shattered-mosaic-shirt-shorts-set,9184467976419,4,0,https://cdn.shopify.com/s/files/1/0788/2358/8067/files/3e176ecea97b9d8ac0027668b800afb1.jpg?v=1774456181,shattered-mosaic-shirt-shorts-set-cutout.png
shattered-mosaic-shirt-shorts-set,9184467976419,5,0,https://cdn.shopify.com/s/files/1/0788/2358/8067/files/6e0cd1b60e735ae3b8bf2e044107712a.jpg?v=1774456181,shattered-mosaic-shirt-shorts-set-cutout.png
shattered-mosaic-shirt-shorts-set,9184467976419,6,0,https://cdn.shopify.com/s/files/1/0788/2358/8067/files/94a0f2462de795edd012763b391a53da_72a4c9f3-322b-4111-bfa1-7356b927b98f.jpg?v=1774456182,shattered-mosaic-shirt-shorts-set-cutout.png
shattered-mosaic-shirt-shorts-set,9184467976419,7,0,https://cdn.shopify.com/s/files/1/0788/2358/8067/files/ab59aa1d263d37def170aab5ab22dbf5_1edf1740-52c2-4db6-afdf-24d697ef516e.jpg?v=1774456183,shattered-mosaic-shirt-shorts-set-cutout.png
shattered-mosaic-shirt-shorts-set,9184467976419,8,0,https://cdn.shopify.com/s/files/1/0788/2358/8067/files/9e5af7b15b5c802a3e80aeba9af6c8bf_f8729048-1387-4545-9ab5-240aa6cbd32c.jpg?v=1774456182,shattered-mosaic-shirt-shorts-set-cutout.png
shattered-mosaic-shirt-shorts-set,9184467976419,9,0,https://cdn.shopify.com/s/files/1/0788/2358/8067/files/7cfc0702c30fd8f50addebb9e72a3aa0.jpg?v=1774456182,shattered-mosaic-shirt-shorts-set-cutout.png
shattered-stone-tank,9184472957155,0,1,https://cdn.shopify.com/s/files/1/0788/2358/8067/files/graffiti-frame-cotton-tank-top-teal-tank-with-street-art-chest-print-for-summer-sessions-9334204.png?v=1782724388,shattered-stone-tank-cutout.png
shattered-stone-tank,9184472957155,1,0,https://cdn.shopify.com/s/files/1/0788/2358/8067/files/graffiti-frame-cotton-tank-top-teal-tank-with-street-art-chest-print-for-summer-sessions-4701106.png?v=1782724388,shattered-stone-tank-cutout.png
shattered-stone-tank,9184472957155,2,0,https://cdn.shopify.com/s/files/1/0788/2358/8067/files/b9cfe5e3adb9abf96d1310a98a19dbc1.jpg?v=1774456195,shattered-stone-tank-cutout.png
shattered-stone-tank,9184472957155,3,0,https://cdn.shopify.com/s/files/1/0788/2358/8067/files/1a47cbbbe2fc7a986744704f4c5b18b8.jpg?v=1774456098,shattered-stone-tank-cutout.png
shattered-stone-tank,9184472957155,4,0,https://cdn.shopify.com/s/files/1/0788/2358/8067/files/1403101a57069f4228e789d29e36fab3.jpg?v=1774456098,shattered-stone-tank-cutout.png
shattered-stone-tank,9184472957155,5,0,https://cdn.shopify.com/s/files/1/0788/2358/8067/files/a26139560ad7982252d51804783b3a91.jpg?v=1774456098,shattered-stone-tank-cutout.png
shattered-stone-tank,9184472957155,6,0,https://cdn.shopify.com/s/files/1/0788/2358/8067/files/e4923191d4435c54328c31e72b05c7f2.jpg?v=1774456098,shattered-stone-tank-cutout.png
shattered-stone-tank,9184472957155,7,0,https://cdn.shopify.com/s/files/1/0788/2358/8067/files/68b1065ba8b153a5b9b792e771da8f26.jpg?v=1774456098,shattered-stone-tank-cutout.png
shattered-stone-tank,9184472957155,8,0,https://cdn.shopify.com/s/files/1/0788/2358/8067/files/6c68e1c556abc4b39ffc0baec299fa3f.jpg?v=1774456098,shattered-stone-tank-cutout.png
shattered-stone-tank,9184472957155,9,0,https://cdn.shopify.com/s/files/1/0788/2358/8067/files/96f7a4b29a334b6c336f0af454664019.jpg?v=1774456098,shattered-stone-tank-cutout.png
shattered-stone-tank,9184472957155,10,0,https://cdn.shopify.com/s/files/1/0788/2358/8067/files/5b0fabcbc72a42f8d1109ce710fb8b26.jpg?v=1774456098,shattered-stone-tank-cutout.png
shattered-stone-tank,9184472957155,11,0,https://cdn.shopify.com/s/files/1/0788/2358/8067/files/003bd9aa1c6bdf0d70e03531464a7c41.jpg?v=1774456098,shattered-stone-tank-cutout.png
sherbet-spiral-fleece-coat,9552890626275,0,1,https://cdn.shopify.com/s/files/1/0788/2358/8067/files/psychedelic-fleece-coat-plus-size-outerwear-maximalist-motifs-7029812.jpg?v=1783374008,sherbet-spiral-fleece-coat-cutout.png
sherbet-spiral-fleece-coat,9552890626275,1,0,https://cdn.shopify.com/s/files/1/0788/2358/8067/files/psychedelic-fleece-coat-plus-size-outerwear-maximalist-motifs-6954839.jpg?v=1783374008,sherbet-spiral-fleece-coat-cutout.png
sherbet-spiral-fleece-coat,9552890626275,2,0,https://cdn.shopify.com/s/files/1/0788/2358/8067/files/psychedelic-fleece-coat-plus-size-outerwear-maximalist-motifs-7088947.jpg?v=1783374008,sherbet-spiral-fleece-coat-cutout.png
sherbet-spiral-fleece-coat,9552890626275,3,0,https://cdn.shopify.com/s/files/1/0788/2358/8067/files/psychedelic-fleece-coat-plus-size-outerwear-maximalist-motifs-8117361.jpg?v=1783374009,sherbet-spiral-fleece-coat-cutout.png
sherbet-spiral-fleece-coat,9552890626275,4,0,https://cdn.shopify.com/s/files/1/0788/2358/8067/files/eb5a9918-7a48-41e1-852d-49c6e8aac169.png?v=1783275758,sherbet-spiral-fleece-coat-cutout.png
skate-block-aop-camp-shirt,9175877779683,0,1,https://cdn.shopify.com/s/files/1/0788/2358/8067/files/793761f7-il_fullxfull.7676321190_5jn1.jpg?v=1774455791,skate-block-aop-camp-shirt-cutout.png
skate-block-aop-camp-shirt,9175877779683,1,0,https://cdn.shopify.com/s/files/1/0788/2358/8067/files/addc8ab8-il_fullxfull.7724268203_ezwp.jpg?v=1774455791,skate-block-aop-camp-shirt-cutout.png
skate-block-aop-camp-shirt,9175877779683,2,0,https://cdn.shopify.com/s/files/1/0788/2358/8067/files/18f66c5f-il_fullxfull.7724268577_4sk7.jpg?v=1774455791,skate-block-aop-camp-shirt-cutout.png
skate-block-aop-camp-shirt,9175877779683,3,0,https://cdn.shopify.com/s/files/1/0788/2358/8067/files/7aeb7b22-il_fullxfull.7676322290_9g0p.jpg?v=1774455791,skate-block-aop-camp-shirt-cutout.png
skate-block-aop-camp-shirt,9175877779683,4,0,https://cdn.shopify.com/s/files/1/0788/2358/8067/files/glitched-tropical-hawaiian-shirt-for-cyberpunk-summer-maximalists-dyles-mavis-premium-aop-glitchcore-camp-shirt-digital-distortion-tropical-5866494.png?v=1782724390,skate-block-aop-camp-shirt-cutout.png
skull-kid-inside-sweatshirt,9193885008099,0,1,https://cdn.shopify.com/s/files/1/0788/2358/8067/files/skull-kid-inside-aop-sweatshirt-fleece-lined-streetwear-by-dyles-mavis-6838497.png?v=1778120046,skull-kid-inside-sweatshirt-cutout.png
skull-kid-inside-sweatshirt,9193885008099,1,0,https://cdn.shopify.com/s/files/1/0788/2358/8067/files/155733-a45b6f14-2cb3-4b67-ab12-3ab666a6d665.jpg?v=1774789627,skull-kid-inside-sweatshirt-cutout.png
skull-kid-inside-sweatshirt,9193885008099,2,0,https://cdn.shopify.com/s/files/1/0788/2358/8067/files/155733-1c81d4ea-4dea-40e0-8813-e63913e6e059.jpg?v=1774789627,skull-kid-inside-sweatshirt-cutout.png
skull-kid-inside-sweatshirt,9193885008099,3,0,https://cdn.shopify.com/s/files/1/0788/2358/8067/files/155733-53086318-b287-4ef5-8a90-b06a60aec662.jpg?v=1774789627,skull-kid-inside-sweatshirt-cutout.png
skull-kid-inside-sweatshirt,9193885008099,4,0,https://cdn.shopify.com/s/files/1/0788/2358/8067/files/155733-96c5f08c-2cc9-460f-b07d-10567eb79629.jpg?v=1774789627,skull-kid-inside-sweatshirt-cutout.png
skull-kid-inside-sweatshirt,9193885008099,5,0,https://cdn.shopify.com/s/files/1/0788/2358/8067/files/155733-1010876e-c98f-4441-add8-d8db016db0fa.jpg?v=1774789627,skull-kid-inside-sweatshirt-cutout.png
skull-kid-inside-sweatshirt,9193885008099,6,0,https://cdn.shopify.com/s/files/1/0788/2358/8067/files/155733-17750e86-88a2-481d-bfff-1b8682620f89.jpg?v=1774789627,skull-kid-inside-sweatshirt-cutout.png
skull-kid-inside-sweatshirt,9193885008099,7,0,https://cdn.shopify.com/s/files/1/0788/2358/8067/files/8a801d0d-6359-4b1b-82b6-12bff6a13f8f_96feb766-f1c9-4a8f-aacc-93b10ae4eb10.png?v=1774789627,skull-kid-inside-sweatshirt-cutout.png
sky-sand-abstract-wall-svg,9260745523427,0,1,https://cdn.shopify.com/s/files/1/0788/2358/8067/files/sky_sand_abstract_wall_v5.svg?v=1778523132,sky-sand-abstract-wall-svg-cutout.png
slate-ink-splatter-camo-svg,9260748079331,0,1,https://cdn.shopify.com/s/files/1/0788/2358/8067/files/blush_ink_splatter_camo_v11.svg?v=1778522132,slate-ink-splatter-camo-svg-cutout.png
solar-burst-hoodie,9556267073763,0,1,https://cdn.shopify.com/s/files/1/0788/2358/8067/files/155733-c89ff9af-5a8c-4b01-9681-72377de64429.jpg?v=1783544392,solar-burst-hoodie-cutout.png
solar-burst-hoodie,9556267073763,1,0,https://cdn.shopify.com/s/files/1/0788/2358/8067/files/155733-59ed07bc-0424-47e9-a538-6fbd0c11e8d9.jpg?v=1783544394,solar-burst-hoodie-cutout.png
solar-burst-hoodie,9556267073763,2,0,https://cdn.shopify.com/s/files/1/0788/2358/8067/files/14909fea-d0d6-4736-87f6-5252ce1f1842_619aab12-1866-4fb1-b064-2724abb6f42c.png?v=1783544394,solar-burst-hoodie-cutout.png
solar-burst-tie-dye-bolster-pillow,9185456292067,0,1,https://cdn.shopify.com/s/files/1/0788/2358/8067/files/2944940_0_3d.jpg?v=1774790285,solar-burst-tie-dye-bolster-pillow-cutout.png
solar-burst-tie-dye-bolster-pillow,9185456292067,1,0,https://cdn.shopify.com/s/files/1/0788/2358/8067/files/2944940_1_3d.jpg?v=1774790285,solar-burst-tie-dye-bolster-pillow-cutout.png
solar-burst-tie-dye-bolster-pillow,9185456292067,2,0,https://cdn.shopify.com/s/files/1/0788/2358/8067/files/2944940_2_3d.jpg?v=1774790285,solar-burst-tie-dye-bolster-pillow-cutout.png
solar-burst-tie-dye-bolster-pillow,9185456292067,3,0,https://cdn.shopify.com/s/files/1/0788/2358/8067/files/2944940_3_3d.jpg?v=1774790285,solar-burst-tie-dye-bolster-pillow-cutout.png
solar-ring-aop-polo,9175876141283,0,1,https://cdn.shopify.com/s/files/1/0788/2358/8067/files/maximalist-aop-mens-stretch-henley-shirt-ribbed-polyester-long-sleeve-tailored-statement-top-for-artists-studio-to-gallery-days-xs-5xl-3037809.png?v=1782724567,solar-ring-aop-polo-cutout.png
solar-ring-aop-polo,9175876141283,1,0,https://cdn.shopify.com/s/files/1/0788/2358/8067/files/71f1fc4f-il_fullxfull.7707197164_nw6n.jpg?v=1774790894,solar-ring-aop-polo-cutout.png
solar-ring-aop-polo,9175876141283,2,0,https://cdn.shopify.com/s/files/1/0788/2358/8067/files/c13c1df0-il_fullxfull.7755137195_n2sy.jpg?v=1774790894,solar-ring-aop-polo-cutout.png
solar-ring-aop-polo,9175876141283,3,0,https://cdn.shopify.com/s/files/1/0788/2358/8067/files/b317e340-il_fullxfull.7707194196_pzj7.jpg?v=1774790894,solar-ring-aop-polo-cutout.png
solar-ring-aop-polo,9175876141283,4,0,https://cdn.shopify.com/s/files/1/0788/2358/8067/files/eef1264d-il_fullxfull.7707195148_q8ov.jpg?v=1774790894,solar-ring-aop-polo-cutout.png
solar-ring-aop-polo,9175876141283,5,0,https://cdn.shopify.com/s/files/1/0788/2358/8067/files/21886e65-il_fullxfull.7707195278_cywb.jpg?v=1774790894,solar-ring-aop-polo-cutout.png
solar-ring-aop-polo,9175876141283,6,0,https://cdn.shopify.com/s/files/1/0788/2358/8067/files/718ec84f-il_fullxfull.7755135705_kg99.jpg?v=1774790894,solar-ring-aop-polo-cutout.png
solar-ring-aop-polo,9175876141283,7,0,https://cdn.shopify.com/s/files/1/0788/2358/8067/files/28555f9b-il_fullxfull.7707195790_s80c.jpg?v=1774790894,solar-ring-aop-polo-cutout.png
solar-ring-aop-polo,9175876141283,8,0,https://cdn.shopify.com/s/files/1/0788/2358/8067/files/4930b2e4-il_fullxfull.7755135991_qf3k.jpg?v=1774790894,solar-ring-aop-polo-cutout.png
solar-ring-aop-polo,9175876141283,9,0,https://cdn.shopify.com/s/files/1/0788/2358/8067/files/257927b4-il_fullxfull.7707196626_6ch6.jpg?v=1774790894,solar-ring-aop-polo-cutout.png
solar-ring-aop-polo,9175876141283,10,0,https://cdn.shopify.com/s/files/1/0788/2358/8067/files/d77d55f2-il_fullxfull.7707196792_cc3i.jpg?v=1774790894,solar-ring-aop-polo-cutout.png
space-cowboy-rose-polo,9175879057635,0,1,https://cdn.shopify.com/s/files/1/0788/2358/8067/files/ef84362e-il_fullxfull.7724265913_hfy4.jpg?v=1774455877,space-cowboy-rose-polo-cutout.png
space-cowboy-rose-polo,9175879057635,1,0,https://cdn.shopify.com/s/files/1/0788/2358/8067/files/f4e2c660-il_fullxfull.7676319252_e2fh.jpg?v=1774455877,space-cowboy-rose-polo-cutout.png
space-cowboy-rose-polo,9175879057635,2,0,https://cdn.shopify.com/s/files/1/0788/2358/8067/files/d4d86827-il_fullxfull.7676319668_rsvk.jpg?v=1774455877,space-cowboy-rose-polo-cutout.png
space-cowboy-rose-polo,9175879057635,3,0,https://cdn.shopify.com/s/files/1/0788/2358/8067/files/3871f673-il_fullxfull.7676320010_90zm.jpg?v=1774455877,space-cowboy-rose-polo-cutout.png
spider-web-rave-hoodie,9231500542179,0,1,https://cdn.shopify.com/s/files/1/0788/2358/8067/files/spider-web-rave-hoodie-100-pure-cotton-night-owls-gear-unisex-8223220.png?v=1776796691,spider-web-rave-hoodie-cutout.png
spider-web-rave-hoodie,9231500542179,1,0,https://cdn.shopify.com/s/files/1/0788/2358/8067/files/spider-web-rave-hoodie-100-pure-cotton-night-owls-gear-unisex-3671720.jpg?v=1776777201,spider-web-rave-hoodie-cutout.png
spider-web-rave-hoodie,9231500542179,2,0,https://cdn.shopify.com/s/files/1/0788/2358/8067/files/spider-web-rave-hoodie-100-pure-cotton-night-owls-gear-unisex-3076091.jpg?v=1776777201,spider-web-rave-hoodie-cutout.png
spider-web-rave-hoodie,9231500542179,3,0,https://cdn.shopify.com/s/files/1/0788/2358/8067/files/spider-web-rave-hoodie-100-pure-cotton-night-owls-gear-unisex-9576299.jpg?v=1776777201,spider-web-rave-hoodie-cutout.png
spider-web-rave-hoodie,9231500542179,4,0,https://cdn.shopify.com/s/files/1/0788/2358/8067/files/spider-web-rave-hoodie-100-pure-cotton-night-owls-gear-unisex-4555193.jpg?v=1776777201,spider-web-rave-hoodie-cutout.png
spider-web-rave-hoodie,9231500542179,5,0,https://cdn.shopify.com/s/files/1/0788/2358/8067/files/spider-web-rave-hoodie-100-pure-cotton-night-owls-gear-unisex-1768283.jpg?v=1776777201,spider-web-rave-hoodie-cutout.png
spider-web-rave-hoodie,9231500542179,6,0,https://cdn.shopify.com/s/files/1/0788/2358/8067/files/spider-web-rave-hoodie-100-pure-cotton-night-owls-gear-unisex-6208768.jpg?v=1776777201,spider-web-rave-hoodie-cutout.png
spider-web-rave-hoodie,9231500542179,7,0,https://cdn.shopify.com/s/files/1/0788/2358/8067/files/spider-web-rave-hoodie-100-pure-cotton-night-owls-gear-unisex-7279440.jpg?v=1776777201,spider-web-rave-hoodie-cutout.png
spider-web-rave-hoodie,9231500542179,8,0,https://cdn.shopify.com/s/files/1/0788/2358/8067/files/spider-web-rave-hoodie-100-pure-cotton-night-owls-gear-unisex-9620950.jpg?v=1776777201,spider-web-rave-hoodie-cutout.png
spider-web-rave-hoodie,9231500542179,9,0,https://cdn.shopify.com/s/files/1/0788/2358/8067/files/spider-web-rave-hoodie-100-pure-cotton-night-owls-gear-unisex-9559066.jpg?v=1776777201,spider-web-rave-hoodie-cutout.png
spider-web-rave-hoodie,9231500542179,10,0,https://cdn.shopify.com/s/files/1/0788/2358/8067/files/spider-web-rave-hoodie-100-pure-cotton-night-owls-gear-unisex-2089767.jpg?v=1776777201,spider-web-rave-hoodie-cutout.png
spider-web-rave-hoodie,9231500542179,11,0,https://cdn.shopify.com/s/files/1/0788/2358/8067/files/all-over-print-unisex-pullover-hoodie-310gsm-cotton-7446174.png?v=1776777201,spider-web-rave-hoodie-cutout.png
spill-the-paint-mini-scarf,9191712686307,0,1,https://cdn.shopify.com/s/files/1/0788/2358/8067/files/square-printed-scarves-with-skin-friendly-imitated-silk-8796362.png?v=1782724327,spill-the-paint-mini-scarf-cutout.png
spill-the-paint-mini-scarf,9191712686307,1,0,https://cdn.shopify.com/s/files/1/0788/2358/8067/files/1a955533fc2cd852ebe11ca5590a0f40.jpg?v=1774456438,spill-the-paint-mini-scarf-cutout.png
spill-the-paint-mini-scarf,9191712686307,2,0,https://cdn.shopify.com/s/files/1/0788/2358/8067/files/8a67a1946a51a71a7537efdbfc6af64d.jpg?v=1774456438,spill-the-paint-mini-scarf-cutout.png
spill-the-paint-mini-scarf,9191712686307,3,0,https://cdn.shopify.com/s/files/1/0788/2358/8067/files/7ae2877a9d445aec3de08e1dbdfd3ed3.jpg?v=1774456438,spill-the-paint-mini-scarf-cutout.png
spill-the-paint-mini-scarf,9191712686307,4,0,https://cdn.shopify.com/s/files/1/0788/2358/8067/files/0966a3160af4853abbdef1380c8d1006.jpg?v=1774456438,spill-the-paint-mini-scarf-cutout.png
spill-the-paint-mini-scarf,9191712686307,5,0,https://cdn.shopify.com/s/files/1/0788/2358/8067/files/72001a6396d2d272ac02a984bd448058.jpg?v=1774456438,spill-the-paint-mini-scarf-cutout.png
spill-the-paint-mini-scarf,9191712686307,6,0,https://cdn.shopify.com/s/files/1/0788/2358/8067/files/2fdc37a4e53781c6eac71ad7b27cc365.jpg?v=1774456438,spill-the-paint-mini-scarf-cutout.png
spill-the-paint-mini-scarf,9191712686307,7,0,https://cdn.shopify.com/s/files/1/0788/2358/8067/files/1e1b84efeabd3e60fbfa9cce8ab95a13.jpg?v=1774456438,spill-the-paint-mini-scarf-cutout.png
spill-the-paint-mini-scarf,9191712686307,8,0,https://cdn.shopify.com/s/files/1/0788/2358/8067/files/MWFmZjM1M2IyZDM3NTFlNzZmOTQxMGI2YTk4YmQzMGI_de07f4f5-1460-4e18-8157-f345b21739ab.jpg?v=1774456439,spill-the-paint-mini-scarf-cutout.png
spill-the-paint-mini-scarf,9191712686307,9,0,https://cdn.shopify.com/s/files/1/0788/2358/8067/files/Y2YxZWUzMmI1MmNjMTQyZjFhZmQwNzA5NmE2ZjQwMjI_f058a481-29fa-431f-b825-121c5541cd34.jpg?v=1774456439,spill-the-paint-mini-scarf-cutout.png
spill-the-paint-six-way-scarf,9191711670499,0,1,https://cdn.shopify.com/s/files/1/0788/2358/8067/files/abstract-print-square-scarf-sublimated-aop-silk-feel-27-6164966.png?v=1778120107,spill-the-paint-six-way-scarf-cutout.png
spill-the-paint-six-way-scarf,9191711670499,1,0,https://cdn.shopify.com/s/files/1/0788/2358/8067/files/410d44bdfe640788abcdd0c1cc18352b.jpg?v=1774456127,spill-the-paint-six-way-scarf-cutout.png
spill-the-paint-six-way-scarf,9191711670499,2,0,https://cdn.shopify.com/s/files/1/0788/2358/8067/files/9c754cca879130f6a551f4a86cc61065.jpg?v=1774456127,spill-the-paint-six-way-scarf-cutout.png
spill-the-paint-six-way-scarf,9191711670499,3,0,https://cdn.shopify.com/s/files/1/0788/2358/8067/files/72cafd19f5be7158ad3dbb45a929eb18.jpg?v=1774456127,spill-the-paint-six-way-scarf-cutout.png
spill-the-paint-six-way-scarf,9191711670499,4,0,https://cdn.shopify.com/s/files/1/0788/2358/8067/files/b956d194ec5d17063b9cd4edbd169925.jpg?v=1774456127,spill-the-paint-six-way-scarf-cutout.png
spill-the-paint-six-way-scarf,9191711670499,5,0,https://cdn.shopify.com/s/files/1/0788/2358/8067/files/1a5c619f029ec90a8ea3bdd5a723e39d.jpg?v=1774456127,spill-the-paint-six-way-scarf-cutout.png
spill-the-paint-six-way-scarf,9191711670499,6,0,https://cdn.shopify.com/s/files/1/0788/2358/8067/files/16790781d863637cd33039c4df4b363c.jpg?v=1774456127,spill-the-paint-six-way-scarf-cutout.png
spill-the-paint-six-way-scarf,9191711670499,7,0,https://cdn.shopify.com/s/files/1/0788/2358/8067/files/98d297c9d3f04e2310f2837e6b049b0f.jpg?v=1774456127,spill-the-paint-six-way-scarf-cutout.png
spiral-overload-track-jacket,9185458159843,0,1,https://cdn.shopify.com/s/files/1/0788/2358/8067/files/2945077_0_3d.jpg?v=1774790226,spiral-overload-track-jacket-cutout.png
spiral-overload-track-jacket,9185458159843,1,0,https://cdn.shopify.com/s/files/1/0788/2358/8067/files/2945077_1_3d.jpg?v=1774790226,spiral-overload-track-jacket-cutout.png
spiral-overload-track-jacket,9185458159843,2,0,https://cdn.shopify.com/s/files/1/0788/2358/8067/files/2945077_2_3d.jpg?v=1774790226,spiral-overload-track-jacket-cutout.png
spiral-overload-track-jacket,9185458159843,3,0,https://cdn.shopify.com/s/files/1/0788/2358/8067/files/2945077_3_3d.jpg?v=1774790226,spiral-overload-track-jacket-cutout.png
spiral-overload-track-jacket,9185458159843,4,0,https://cdn.shopify.com/s/files/1/0788/2358/8067/files/2945077_4_3d.jpg?v=1774790226,spiral-overload-track-jacket-cutout.png
spiral-overload-track-jacket,9185458159843,5,0,https://cdn.shopify.com/s/files/1/0788/2358/8067/files/2945077_5_3d.jpg?v=1774790226,spiral-overload-track-jacket-cutout.png
spiral-overload-track-jacket,9185458159843,6,0,https://cdn.shopify.com/s/files/1/0788/2358/8067/files/2945077_6_3d.jpg?v=1774790226,spiral-overload-track-jacket-cutout.png
spiral-tie-dye-long-sleeve-henley,9175875846371,0,1,https://cdn.shopify.com/s/files/1/0788/2358/8067/files/spiral-tie-dye-henley-psychedelic-aop-festival-shirt-1381412.png?v=1782898207,spiral-tie-dye-long-sleeve-henley-cutout.png
spiral-tie-dye-long-sleeve-henley,9175875846371,1,0,https://cdn.shopify.com/s/files/1/0788/2358/8067/files/spiral-tie-dye-henley-psychedelic-aop-festival-shirt-5417506.png?v=1782898207,spiral-tie-dye-long-sleeve-henley-cutout.png
spiral-tie-dye-long-sleeve-henley,9175875846371,2,0,https://cdn.shopify.com/s/files/1/0788/2358/8067/files/5b96f81c-il_fullxfull.7691832656_bgr9.jpg?v=1774790892,spiral-tie-dye-long-sleeve-henley-cutout.png
spiral-tie-dye-long-sleeve-henley,9175875846371,3,0,https://cdn.shopify.com/s/files/1/0788/2358/8067/files/9d4d39f3-il_fullxfull.7691832720_203s.jpg?v=1774790893,spiral-tie-dye-long-sleeve-henley-cutout.png
spiral-tie-dye-long-sleeve-henley,9175875846371,4,0,https://cdn.shopify.com/s/files/1/0788/2358/8067/files/61521e46-il_fullxfull.7781518453_o8p6.jpg?v=1774790892,spiral-tie-dye-long-sleeve-henley-cutout.png
spiral-tie-dye-long-sleeve-henley,9175875846371,5,0,https://cdn.shopify.com/s/files/1/0788/2358/8067/files/4f77a73d-il_fullxfull.7781519179_sahs.jpg?v=1774790893,spiral-tie-dye-long-sleeve-henley-cutout.png
spiral-tie-dye-long-sleeve-henley,9175875846371,6,0,https://cdn.shopify.com/s/files/1/0788/2358/8067/files/09fe8de5-il_fullxfull.7781521877_i8i5.jpg?v=1774790893,spiral-tie-dye-long-sleeve-henley-cutout.png
spiral-tie-dye-long-sleeve-henley,9175875846371,7,0,https://cdn.shopify.com/s/files/1/0788/2358/8067/files/aa58b2aa-il_fullxfull.7733571434_xyrz.jpg?v=1774790892,spiral-tie-dye-long-sleeve-henley-cutout.png
spiral-tie-dye-long-sleeve-henley,9175875846371,8,0,https://cdn.shopify.com/s/files/1/0788/2358/8067/files/798eaef1-il_fullxfull.7733572848_qqbu.jpg?v=1774790892,spiral-tie-dye-long-sleeve-henley-cutout.png
splatter-bloom-hoodie,9556302692579,0,1,https://cdn.shopify.com/s/files/1/0788/2358/8067/files/155733-50477f94-665b-4348-973a-c7805215716b.jpg?v=1783545153,splatter-bloom-hoodie-cutout.png
splatter-bloom-hoodie,9556302692579,1,0,https://cdn.shopify.com/s/files/1/0788/2358/8067/files/155733-f38b383a-1cea-47ca-a413-e858a8b37ac5.jpg?v=1783545153,splatter-bloom-hoodie-cutout.png
splatter-bloom-hoodie,9556302692579,2,0,https://cdn.shopify.com/s/files/1/0788/2358/8067/files/14909fea-d0d6-4736-87f6-5252ce1f1842_16058849-77ca-4f79-adc8-5625826281bf.png?v=1783545155,splatter-bloom-hoodie-cutout.png
splatter-brush-ps5-controller-skin,9191712817379,0,1,https://cdn.shopify.com/s/files/1/0788/2358/8067/files/51ae9a1db30551ed039cdfdd23851a48.jpg?v=1774456439,splatter-brush-ps5-controller-skin-cutout.png
splatter-brush-ps5-controller-skin,9191712817379,1,0,https://cdn.shopify.com/s/files/1/0788/2358/8067/files/23efda5adad07822ad58131ac1ce9f1e.jpg?v=1774456438,splatter-brush-ps5-controller-skin-cutout.png
splatter-brush-ps5-controller-skin,9191712817379,2,0,https://cdn.shopify.com/s/files/1/0788/2358/8067/files/73329a37db61c4528b2c4370722171c0.jpg?v=1774456439,splatter-brush-ps5-controller-skin-cutout.png
splatter-brush-ps5-controller-skin,9191712817379,3,0,https://cdn.shopify.com/s/files/1/0788/2358/8067/files/872080e48b814fa47dd8632f6a84bf86.jpg?v=1774456439,splatter-brush-ps5-controller-skin-cutout.png
splatter-brush-ps5-controller-skin,9191712817379,4,0,https://cdn.shopify.com/s/files/1/0788/2358/8067/files/a470b91dfd5fab0d32e979a0bdeaa546.jpg?v=1774456438,splatter-brush-ps5-controller-skin-cutout.png
splatter-brush-ps5-controller-skin,9191712817379,5,0,https://cdn.shopify.com/s/files/1/0788/2358/8067/files/0039a389cb7979318fd2ec91335f35d0.jpg?v=1774456438,splatter-brush-ps5-controller-skin-cutout.png
splatter-daisy-neck-tube,9185461993699,0,1,https://cdn.shopify.com/s/files/1/0788/2358/8067/files/2945881_0_3d.jpg?v=1774790705,splatter-daisy-neck-tube-cutout.png
splatter-daisy-neck-tube,9185461993699,1,0,https://cdn.shopify.com/s/files/1/0788/2358/8067/files/2945881_1_3d.jpg?v=1774790705,splatter-daisy-neck-tube-cutout.png
splatter-daisy-neck-tube,9185461993699,2,0,https://cdn.shopify.com/s/files/1/0788/2358/8067/files/2945881_2_3d.jpg?v=1774790705,splatter-daisy-neck-tube-cutout.png
stained-glass-block-sweatshirt,9175880073443,0,1,https://cdn.shopify.com/s/files/1/0788/2358/8067/files/stained-glass-geometric-sweatshirt-multicolor-abstract-art-block-pattern-unisex-pullover-8788032.png?v=1783063866,stained-glass-block-sweatshirt-cutout.png
stained-glass-block-sweatshirt,9175880073443,1,0,https://cdn.shopify.com/s/files/1/0788/2358/8067/files/Hyperrealistic_8k_cinematic_studio_photography_sub_303784edd6_3501db3f-a339-472b-aae0-da176af4a28c.jpg?v=1774790585,stained-glass-block-sweatshirt-cutout.png
stained-glass-block-sweatshirt,9175880073443,2,0,https://cdn.shopify.com/s/files/1/0788/2358/8067/files/Hyperrealistic_8k_cinematic_studio_photography_sub_76cb8a1116.jpg?v=1774790585,stained-glass-block-sweatshirt-cutout.png
stained-glass-block-sweatshirt,9175880073443,3,0,https://cdn.shopify.com/s/files/1/0788/2358/8067/files/Hyperrealistic_8k_cinematic_studio_photography_sub_7cf759aab9.jpg?v=1774790645,stained-glass-block-sweatshirt-cutout.png
stained-glass-block-sweatshirt,9175880073443,4,0,https://cdn.shopify.com/s/files/1/0788/2358/8067/files/Hyperrealistic_8k_cinematic_studio_photography_sub_7d9e569a23.jpg?v=1774790585,stained-glass-block-sweatshirt-cutout.png
stained-glass-block-sweatshirt,9175880073443,5,0,https://cdn.shopify.com/s/files/1/0788/2358/8067/files/Hyperrealistic_8k_cinematic_studio_photography_sub_9232d13ac7.jpg?v=1774790585,stained-glass-block-sweatshirt-cutout.png
stained-glass-block-sweatshirt,9175880073443,6,0,https://cdn.shopify.com/s/files/1/0788/2358/8067/files/Hyperrealistic_8k_cinematic_studio_photography_sub_9860890606.jpg?v=1774790585,stained-glass-block-sweatshirt-cutout.png
stained-glass-block-sweatshirt,9175880073443,7,0,https://cdn.shopify.com/s/files/1/0788/2358/8067/files/Hyperrealistic_8k_cinematic_studio_photography_sub_b40380a541.jpg?v=1774790585,stained-glass-block-sweatshirt-cutout.png
stained-glass-block-sweatshirt,9175880073443,8,0,https://cdn.shopify.com/s/files/1/0788/2358/8067/files/Hyperrealistic_8k_cinematic_studio_photography_sub_c72344ab97.jpg?v=1774790644,stained-glass-block-sweatshirt-cutout.png
stained-glass-block-sweatshirt,9175880073443,9,0,https://cdn.shopify.com/s/files/1/0788/2358/8067/files/Hyperrealistic_8k_cinematic_studio_photography_sub_cae5606aba.jpg?v=1774790585,stained-glass-block-sweatshirt-cutout.png
stained-glass-block-sweatshirt,9175880073443,10,0,https://cdn.shopify.com/s/files/1/0788/2358/8067/files/Hyperrealistic_8k_cinematic_studio_photography_sub_f31b1b0566.jpg?v=1774790585,stained-glass-block-sweatshirt-cutout.png
stained-glass-block-sweatshirt,9175880073443,11,0,https://cdn.shopify.com/s/files/1/0788/2358/8067/files/colorful_hand_drawn_shapes_sweatshirt.jpg?v=1774455920,stained-glass-block-sweatshirt-cutout.png
stained-glass-boots,9175879712995,0,1,https://cdn.shopify.com/s/files/1/0788/2358/8067/files/4ee1625c-il_fullxfull.7739725965_8fw7.jpg?v=1774790831,stained-glass-boots-cutout.png
stained-glass-boots,9175879712995,1,0,https://cdn.shopify.com/s/files/1/0788/2358/8067/files/32dc868c-il_fullxfull.7739725935_i2gi.jpg?v=1774790831,stained-glass-boots-cutout.png
stained-glass-boots,9175879712995,2,0,https://cdn.shopify.com/s/files/1/0788/2358/8067/files/9f92a0c8-il_fullxfull.7691782230_tf64.jpg?v=1774790831,stained-glass-boots-cutout.png
stained-glass-boots,9175879712995,3,0,https://cdn.shopify.com/s/files/1/0788/2358/8067/files/a3827e43-il_fullxfull.7691782184_q5rp.jpg?v=1774790831,stained-glass-boots-cutout.png
stained-glass-boots,9175879712995,4,0,https://cdn.shopify.com/s/files/1/0788/2358/8067/files/6f1d97e7-il_fullxfull.7691782202_dzq0.jpg?v=1774790831,stained-glass-boots-cutout.png
stained-glass-boots,9175879712995,5,0,https://cdn.shopify.com/s/files/1/0788/2358/8067/files/f2303b93-il_fullxfull.7691782206_7f2z.jpg?v=1774790831,stained-glass-boots-cutout.png
stained-glass-boots,9175879712995,6,0,https://cdn.shopify.com/s/files/1/0788/2358/8067/files/9e4fc794-il_fullxfull.7739725969_l7a0.jpg?v=1774790832,stained-glass-boots-cutout.png
stained-glass-flip-flops,9297181507811,0,1,https://cdn.shopify.com/s/files/1/0788/2358/8067/files/stained-glass-mosaic-flip-flops-colorful-shard-aop-beach-sandals-wearable-art-summer-footwear-1124914.jpg?v=1782724148,stained-glass-flip-flops-cutout.png
stained-glass-slub-midi-dress,9175878467811,0,1,https://cdn.shopify.com/s/files/1/0788/2358/8067/files/a944c1ba-il_fullxfull.7724266181_4ka9.jpg?v=1774790764,stained-glass-slub-midi-dress-cutout.png
stained-glass-slub-midi-dress,9175878467811,1,0,https://cdn.shopify.com/s/files/1/0788/2358/8067/files/1954a89a-il_fullxfull.7676320070_f9uj.jpg?v=1774790764,stained-glass-slub-midi-dress-cutout.png
stained-glass-slub-midi-dress,9175878467811,2,0,https://cdn.shopify.com/s/files/1/0788/2358/8067/files/a0ef8b1d-il_fullxfull.7676320722_bkfj.jpg?v=1774790764,stained-glass-slub-midi-dress-cutout.png
stained-glass-slub-midi-dress,9175878467811,3,0,https://cdn.shopify.com/s/files/1/0788/2358/8067/files/0ae77e0a-il_fullxfull.7724267779_jl9j.jpg?v=1774790764,stained-glass-slub-midi-dress-cutout.png
starburst-mandala-button-down,9175878435043,0,1,https://cdn.shopify.com/s/files/1/0788/2358/8067/files/1a9203f4-il_fullxfull.7676319844_840r.jpg?v=1774790831,starburst-mandala-button-down-cutout.png
starburst-mandala-button-down,9175878435043,1,0,https://cdn.shopify.com/s/files/1/0788/2358/8067/files/5d2f7a14-il_fullxfull.7724267231_a60c.jpg?v=1774790832,starburst-mandala-button-down-cutout.png
starburst-mandala-button-down,9175878435043,2,0,https://cdn.shopify.com/s/files/1/0788/2358/8067/files/69878d74-il_fullxfull.7724267515_lr0e.jpg?v=1774790832,starburst-mandala-button-down-cutout.png
starburst-mandala-button-down,9175878435043,3,0,https://cdn.shopify.com/s/files/1/0788/2358/8067/files/ae713ab1-il_fullxfull.7724267875_4wow.jpg?v=1774790831,starburst-mandala-button-down-cutout.png
starry-swirl-cotton-hoodie,9254414745827,0,1,https://cdn.shopify.com/s/files/1/0788/2358/8067/files/starry-night-hoodie-all-over-print-cotton-pullover-4552961.png?v=1778120046,starry-swirl-cotton-hoodie-cutout.png
starry-swirl-cotton-hoodie,9254414745827,1,0,https://cdn.shopify.com/s/files/1/0788/2358/8067/files/starry-night-all-over-print-unisex-pullover-hoodie-310gsm-cotton-1640121.jpg?v=1777954329,starry-swirl-cotton-hoodie-cutout.png
starry-swirl-cotton-hoodie,9254414745827,2,0,https://cdn.shopify.com/s/files/1/0788/2358/8067/files/starry-night-all-over-print-unisex-pullover-hoodie-310gsm-cotton-9060346.jpg?v=1777954328,starry-swirl-cotton-hoodie-cutout.png
starry-swirl-cotton-hoodie,9254414745827,3,0,https://cdn.shopify.com/s/files/1/0788/2358/8067/files/starry-night-all-over-print-unisex-pullover-hoodie-310gsm-cotton-5035869.jpg?v=1777954328,starry-swirl-cotton-hoodie-cutout.png
starry-swirl-cotton-hoodie,9254414745827,4,0,https://cdn.shopify.com/s/files/1/0788/2358/8067/files/starry-night-all-over-print-unisex-pullover-hoodie-310gsm-cotton-2982643.jpg?v=1777954329,starry-swirl-cotton-hoodie-cutout.png
starry-swirl-cotton-hoodie,9254414745827,5,0,https://cdn.shopify.com/s/files/1/0788/2358/8067/files/starry-night-all-over-print-unisex-pullover-hoodie-310gsm-cotton-4838412.jpg?v=1777954329,starry-swirl-cotton-hoodie-cutout.png
starry-swirl-cotton-hoodie,9254414745827,6,0,https://cdn.shopify.com/s/files/1/0788/2358/8067/files/8e0a7853-ded9-4cf8-9a74-fed30c8e0f9c.png?v=1777881554,starry-swirl-cotton-hoodie-cutout.png
static-frequency-silk-shirt,9193769337059,0,1,https://cdn.shopify.com/s/files/1/0788/2358/8067/files/static-frequency-aop-mens-silk-feel-shirt-maximalist-short-sleeve-summer-top-6482618.png?v=1782724326,static-frequency-silk-shirt-cutout.png
static-frequency-silk-shirt,9193769337059,1,0,https://cdn.shopify.com/s/files/1/0788/2358/8067/files/155733-9fe305b5-d643-4627-81d8-bc0739426ef5.jpg?v=1774789867,static-frequency-silk-shirt-cutout.png
static-frequency-silk-shirt,9193769337059,2,0,https://cdn.shopify.com/s/files/1/0788/2358/8067/files/155733-8d2a7567-9229-491f-af3a-c874f2406cd5.jpg?v=1774789867,static-frequency-silk-shirt-cutout.png
static-frequency-silk-shirt,9193769337059,3,0,https://cdn.shopify.com/s/files/1/0788/2358/8067/files/034b5fa4-3d2a-4c8f-a32e-890ee94fbee9.png?v=1774789867,static-frequency-silk-shirt-cutout.png
static-shock-graffiti-tank-top,9175875125475,0,1,https://cdn.shopify.com/s/files/1/0788/2358/8067/files/static-shock-aop-v-neck-tank-abstract-lightning-print-sleeveless-for-festival-gym-street-8385156.png?v=1782724507,static-shock-graffiti-tank-top-cutout.png
static-shock-graffiti-tank-top,9175875125475,1,0,https://cdn.shopify.com/s/files/1/0788/2358/8067/files/e9ddd246-il_fullxfull.7691829148_6d0z.jpg?v=1774791011,static-shock-graffiti-tank-top-cutout.png
static-shock-graffiti-tank-top,9175875125475,2,0,https://cdn.shopify.com/s/files/1/0788/2358/8067/files/86f15b31-il_fullxfull.7691829096_ln93.jpg?v=1774791011,static-shock-graffiti-tank-top-cutout.png
static-shock-graffiti-tank-top,9175875125475,3,0,https://cdn.shopify.com/s/files/1/0788/2358/8067/files/f7e5f16c-il_fullxfull.7739773029_sgcv.jpg?v=1774791011,static-shock-graffiti-tank-top-cutout.png
static-wall-uv-arm-sleeves,9188174495971,0,1,https://cdn.shopify.com/s/files/1/0788/2358/8067/files/9ebd9e8af92f853c21bbf8fb8142c7b3.jpg?v=1774456340,static-wall-uv-arm-sleeves-cutout.png
static-wall-uv-arm-sleeves,9188174495971,1,0,https://cdn.shopify.com/s/files/1/0788/2358/8067/files/9c8f9da6ec7899995eb7ae9a99bc7e94.jpg?v=1774456340,static-wall-uv-arm-sleeves-cutout.png
static-wall-uv-arm-sleeves,9188174495971,2,0,https://cdn.shopify.com/s/files/1/0788/2358/8067/files/239c914d6926be6e0f0d6c33c62191a4.jpg?v=1774456339,static-wall-uv-arm-sleeves-cutout.png
static-wall-uv-arm-sleeves,9188174495971,3,0,https://cdn.shopify.com/s/files/1/0788/2358/8067/files/1eea2f9548a40fa4303e02c9174ca1b3.jpg?v=1774456340,static-wall-uv-arm-sleeves-cutout.png
static-wall-uv-arm-sleeves,9188174495971,4,0,https://cdn.shopify.com/s/files/1/0788/2358/8067/files/f7d1978d0d0e36b0e8ebdcb306073985.jpg?v=1774456339,static-wall-uv-arm-sleeves-cutout.png
steel-blue-cell-vexel-svg,9260747358435,0,1,https://cdn.shopify.com/s/files/1/0788/2358/8067/files/steel_blue_cell_vexel_v7.svg?v=1778522446,steel-blue-cell-vexel-svg-cutout.png
steel-blue-graffiti-collage-svg,9260748243171,0,1,https://cdn.shopify.com/s/files/1/0788/2358/8067/files/steel_blue_graffiti_collage_v6.svg?v=1778521961,steel-blue-graffiti-collage-svg-cutout.png
sticker-bomb-aop-snapback,9175876698339,0,1,https://cdn.shopify.com/s/files/1/0788/2358/8067/files/92ac7caa-il_fullxfull.7704680306_epuy.jpg?v=1774790771,sticker-bomb-aop-snapback-cutout.png
sticker-bomb-aop-snapback,9175876698339,1,0,https://cdn.shopify.com/s/files/1/0788/2358/8067/files/76b8d124-il_fullxfull.7704679588_mvzs.jpg?v=1774790771,sticker-bomb-aop-snapback-cutout.png
sticker-bomb-aop-snapback,9175876698339,2,0,https://cdn.shopify.com/s/files/1/0788/2358/8067/files/07c05321-il_fullxfull.7704679570_7yrm.jpg?v=1774790771,sticker-bomb-aop-snapback-cutout.png
sticker-bomb-aop-snapback,9175876698339,3,0,https://cdn.shopify.com/s/files/1/0788/2358/8067/files/8db30bf2-il_fullxfull.7691994038_9o0j.jpg?v=1774790771,sticker-bomb-aop-snapback-cutout.png
sticker-bomb-aop-snapback,9175876698339,4,0,https://cdn.shopify.com/s/files/1/0788/2358/8067/files/2a963dd9-il_fullxfull.7739937375_71y2.jpg?v=1774790771,sticker-bomb-aop-snapback-cutout.png
sticker-bomb-aop-snapback,9175876698339,5,0,https://cdn.shopify.com/s/files/1/0788/2358/8067/files/09c8d042-il_fullxfull.7739937441_1ph6.jpg?v=1774790771,sticker-bomb-aop-snapback-cutout.png
sticker-bomb-aop-snapback,9175876698339,6,0,https://cdn.shopify.com/s/files/1/0788/2358/8067/files/9b8e8b7e-il_fullxfull.7739937517_nczh.jpg?v=1774790771,sticker-bomb-aop-snapback-cutout.png
sticker-bomb-aop-snapback,9175876698339,7,0,https://cdn.shopify.com/s/files/1/0788/2358/8067/files/00ef881c-il_fullxfull.7739937631_3rwi.jpg?v=1774790772,sticker-bomb-aop-snapback-cutout.png
sticker-bomb-aop-snapback,9175876698339,8,0,https://cdn.shopify.com/s/files/1/0788/2358/8067/files/05f79cb0-il_fullxfull.7691993066_abal.jpg?v=1774790771,sticker-bomb-aop-snapback-cutout.png
sticker-bomb-aop-snapback,9175876698339,9,0,https://cdn.shopify.com/s/files/1/0788/2358/8067/files/a82a8934-il_fullxfull.7739937721_83ml.jpg?v=1774790771,sticker-bomb-aop-snapback-cutout.png
sticker-bomb-beach-shorts-with-pockets,9188173906147,0,1,https://cdn.shopify.com/s/files/1/0788/2358/8067/files/845a7e8c3123a022923df4eebf49de5e.jpg?v=1774456164,sticker-bomb-beach-shorts-with-pockets-cutout.png
sticker-bomb-beach-shorts-with-pockets,9188173906147,1,0,https://cdn.shopify.com/s/files/1/0788/2358/8067/files/447c389dc17b6b7d2ce8e7795c994a87.jpg?v=1774456164,sticker-bomb-beach-shorts-with-pockets-cutout.png
sticker-bomb-beach-shorts-with-pockets,9188173906147,2,0,https://cdn.shopify.com/s/files/1/0788/2358/8067/files/f89c3e9988aed00e801469bd04ccbc99.jpg?v=1774456163,sticker-bomb-beach-shorts-with-pockets-cutout.png
sticker-bomb-beach-shorts-with-pockets,9188173906147,3,0,https://cdn.shopify.com/s/files/1/0788/2358/8067/files/8bb417aa6fad3c7a9fc029a6622d011e.jpg?v=1774456164,sticker-bomb-beach-shorts-with-pockets-cutout.png
sticker-bomb-beach-shorts-with-pockets,9188173906147,4,0,https://cdn.shopify.com/s/files/1/0788/2358/8067/files/f1ad7f0cbf0a0a8838d8c911db208039.jpg?v=1774456164,sticker-bomb-beach-shorts-with-pockets-cutout.png
sticker-bomb-beach-shorts-with-pockets,9188173906147,5,0,https://cdn.shopify.com/s/files/1/0788/2358/8067/files/6ce4c2eda1d8506cb23083ff238df6f6.jpg?v=1774456164,sticker-bomb-beach-shorts-with-pockets-cutout.png
sticker-bomb-beach-shorts-with-pockets,9188173906147,6,0,https://cdn.shopify.com/s/files/1/0788/2358/8067/files/aae4ae005e6cae3f02c5285654e02180.jpg?v=1774456164,sticker-bomb-beach-shorts-with-pockets-cutout.png
sticker-bomb-beach-shorts-with-pockets,9188173906147,7,0,https://cdn.shopify.com/s/files/1/0788/2358/8067/files/362c34dec1b7ff1ec4b00f122404698e.jpg?v=1774456164,sticker-bomb-beach-shorts-with-pockets-cutout.png
sticker-bomb-beach-shorts-with-pockets,9188173906147,8,0,https://cdn.shopify.com/s/files/1/0788/2358/8067/files/a62a6f05cb546783554667921c3a8433_d8b2fccb-6649-44f2-baa8-8d24c90aaee9.jpg?v=1774456164,sticker-bomb-beach-shorts-with-pockets-cutout.png
sticker-bomb-board-shorts,9188173873379,0,1,https://cdn.shopify.com/s/files/1/0788/2358/8067/files/sticker-bomb-board-shorts-street-collage-aop-swim-trunks-for-loud-beach-days-6365932.png?v=1782724336,sticker-bomb-board-shorts-cutout.png
sticker-bomb-board-shorts,9188173873379,1,0,https://cdn.shopify.com/s/files/1/0788/2358/8067/files/896829c77c435000544222b56e7e51a4.jpg?v=1774456163,sticker-bomb-board-shorts-cutout.png
sticker-bomb-board-shorts,9188173873379,2,0,https://cdn.shopify.com/s/files/1/0788/2358/8067/files/30738765442777fdb447ca5d89f4b277.jpg?v=1774456164,sticker-bomb-board-shorts-cutout.png
sticker-bomb-board-shorts,9188173873379,3,0,https://cdn.shopify.com/s/files/1/0788/2358/8067/files/ce1597c93adc87a7e1aa1a748d712812.jpg?v=1774456164,sticker-bomb-board-shorts-cutout.png
sticker-bomb-board-shorts,9188173873379,4,0,https://cdn.shopify.com/s/files/1/0788/2358/8067/files/f583109c08c73793296656f4a2812fc5.jpg?v=1774456164,sticker-bomb-board-shorts-cutout.png
sticker-bomb-board-shorts,9188173873379,5,0,https://cdn.shopify.com/s/files/1/0788/2358/8067/files/261a93175d595d6071388f2bf38f9aaf.jpg?v=1774456164,sticker-bomb-board-shorts-cutout.png
sticker-bomb-board-shorts,9188173873379,6,0,https://cdn.shopify.com/s/files/1/0788/2358/8067/files/67bd5af0ab9e64181e28a4cb1af7e6b8.jpg?v=1774456163,sticker-bomb-board-shorts-cutout.png
sticker-bomb-board-shorts,9188173873379,7,0,https://cdn.shopify.com/s/files/1/0788/2358/8067/files/eeb50bd638110410dc17d46fd4a9ef8a.jpg?v=1774456163,sticker-bomb-board-shorts-cutout.png
sticker-bomb-board-shorts,9188173873379,8,0,https://cdn.shopify.com/s/files/1/0788/2358/8067/files/297b7e7752cc7ed13a2b9d913392f929_56deed2c-fd45-4034-bbf1-b759a0985cbc.jpg?v=1774456164,sticker-bomb-board-shorts-cutout.png
sticker-bomb-board-shorts,9188173873379,9,0,https://cdn.shopify.com/s/files/1/0788/2358/8067/files/6e64d1a14b7276b9a53da93c158d703a_abee970e-a647-4764-9c2f-64a1705e6fa1.jpg?v=1774456164,sticker-bomb-board-shorts-cutout.png
sticker-bomb-capsule-pet-bed,9175876468963,0,1,https://cdn.shopify.com/s/files/1/0788/2358/8067/files/731eea14-il_fullxfull.7733045501_3zp2.jpg?v=1774790952,sticker-bomb-capsule-pet-bed-cutout.png
sticker-bomb-capsule-pet-bed,9175876468963,1,0,https://cdn.shopify.com/s/files/1/0788/2358/8067/files/b47d3f6a-il_fullxfull.7733045523_mluj.jpg?v=1774790952,sticker-bomb-capsule-pet-bed-cutout.png
sticker-bomb-capsule-pet-bed,9175876468963,2,0,https://cdn.shopify.com/s/files/1/0788/2358/8067/files/9ba93ce1-il_fullxfull.7733045541_2miy.jpg?v=1774455745,sticker-bomb-capsule-pet-bed-cutout.png
sticker-bomb-capsule-pet-bed,9175876468963,3,0,https://cdn.shopify.com/s/files/1/0788/2358/8067/files/adefc230-il_fullxfull.7685101258_fi1r.jpg?v=1774455745,sticker-bomb-capsule-pet-bed-cutout.png
sticker-bomb-capsule-pet-bed,9175876468963,4,0,https://cdn.shopify.com/s/files/1/0788/2358/8067/files/55e81a1c-il_fullxfull.7685101276_njcw.jpg?v=1774455745,sticker-bomb-capsule-pet-bed-cutout.png
sticker-bomb-capsule-pet-bed,9175876468963,5,0,https://cdn.shopify.com/s/files/1/0788/2358/8067/files/a1aedbd8-il_fullxfull.7685101294_766o.jpg?v=1774455745,sticker-bomb-capsule-pet-bed-cutout.png
sticker-bomb-capsule-pet-bed,9175876468963,6,0,https://cdn.shopify.com/s/files/1/0788/2358/8067/files/75f37532-il_fullxfull.7685101336_it10.jpg?v=1774455745,sticker-bomb-capsule-pet-bed-cutout.png
sticker-bomb-capsule-pet-bed,9175876468963,7,0,https://cdn.shopify.com/s/files/1/0788/2358/8067/files/0e6c490f-il_fullxfull.7685101362_rv7j.jpg?v=1774455745,sticker-bomb-capsule-pet-bed-cutout.png
sticker-bomb-capsule-pet-bed,9175876468963,8,0,https://cdn.shopify.com/s/files/1/0788/2358/8067/files/64fa84dc-il_fullxfull.7733045647_gapt.jpg?v=1774455745,sticker-bomb-capsule-pet-bed-cutout.png
sticker-bomb-capsule-pet-bed,9175876468963,9,0,https://cdn.shopify.com/s/files/1/0788/2358/8067/files/2a20983a-il_fullxfull.7685101406_dsv9.jpg?v=1774455745,sticker-bomb-capsule-pet-bed-cutout.png
sticker-bomb-eyeglass-case,9188097556707,0,1,https://cdn.shopify.com/s/files/1/0788/2358/8067/files/9cd38322467c8f8298a45b1c414c8dcf.jpg?v=1774456380,sticker-bomb-eyeglass-case-cutout.png
sticker-bomb-eyeglass-case,9188097556707,1,0,https://cdn.shopify.com/s/files/1/0788/2358/8067/files/b9b6b9c5669920c1947b5ae014fa9d01.jpg?v=1774456380,sticker-bomb-eyeglass-case-cutout.png
sticker-bomb-eyeglass-case,9188097556707,2,0,https://cdn.shopify.com/s/files/1/0788/2358/8067/files/8134278136a482ae256e84f3cf98d3cc.jpg?v=1774456380,sticker-bomb-eyeglass-case-cutout.png
sticker-bomb-eyeglass-case,9188097556707,3,0,https://cdn.shopify.com/s/files/1/0788/2358/8067/files/a5fce9d9769d0ea4e65e64a09c50a967.jpg?v=1774456380,sticker-bomb-eyeglass-case-cutout.png
sticker-bomb-eyeglass-case,9188097556707,4,0,https://cdn.shopify.com/s/files/1/0788/2358/8067/files/77ca9c8f09370094d77045bff0ec1343.jpg?v=1774456380,sticker-bomb-eyeglass-case-cutout.png
sticker-bomb-eyeglass-case,9188097556707,5,0,https://cdn.shopify.com/s/files/1/0788/2358/8067/files/d4247aefe91fff32f7828eff39ac6a4a.jpg?v=1774456380,sticker-bomb-eyeglass-case-cutout.png
sticker-bomb-eyeglass-case,9188097556707,6,0,https://cdn.shopify.com/s/files/1/0788/2358/8067/files/b3031958da51f12978901d15972d7997.jpg?v=1774456380,sticker-bomb-eyeglass-case-cutout.png
sticker-bomb-eyeglass-case,9188097556707,7,0,https://cdn.shopify.com/s/files/1/0788/2358/8067/files/5b8db21914c119ea5160283311440270.jpg?v=1774456380,sticker-bomb-eyeglass-case-cutout.png
sticker-bomb-flannel-slippers-mens,9188175085795,0,1,https://cdn.shopify.com/s/files/1/0788/2358/8067/files/fb4b8bb752d1ca7bc8d80d5878f4522e.jpg?v=1774456356,sticker-bomb-flannel-slippers-mens-cutout.png
sticker-bomb-flannel-slippers-mens,9188175085795,1,0,https://cdn.shopify.com/s/files/1/0788/2358/8067/files/e776f41496e20a76b83b6d1bf9978436.jpg?v=1774456355,sticker-bomb-flannel-slippers-mens-cutout.png
sticker-bomb-flannel-slippers-mens,9188175085795,2,0,https://cdn.shopify.com/s/files/1/0788/2358/8067/files/d29da2b0092bc30302b8981e62926de7.jpg?v=1774456355,sticker-bomb-flannel-slippers-mens-cutout.png
sticker-bomb-flannel-slippers-mens,9188175085795,3,0,https://cdn.shopify.com/s/files/1/0788/2358/8067/files/804c8161fe7ee6f62a908ec3d6d701f7.jpg?v=1774456355,sticker-bomb-flannel-slippers-mens-cutout.png
sticker-bomb-flannel-slippers-mens,9188175085795,4,0,https://cdn.shopify.com/s/files/1/0788/2358/8067/files/fb32abf6674534d814d931dd8e850ab8.jpg?v=1774456356,sticker-bomb-flannel-slippers-mens-cutout.png
sticker-bomb-flannel-slippers-mens,9188175085795,5,0,https://cdn.shopify.com/s/files/1/0788/2358/8067/files/f16915677c4632a9a6048c54fd36ddbf.jpg?v=1774456355,sticker-bomb-flannel-slippers-mens-cutout.png
sticker-bomb-flannel-slippers-mens,9188175085795,6,0,https://cdn.shopify.com/s/files/1/0788/2358/8067/files/196a4b09346d21bbadf97757e6c5c790.jpg?v=1774456356,sticker-bomb-flannel-slippers-mens-cutout.png
sticker-bomb-flannel-slippers-mens,9188175085795,7,0,https://cdn.shopify.com/s/files/1/0788/2358/8067/files/d0971b53433ea3d9783dc53619b0cfbb_03a3650f-6d06-447b-8039-f0fbbdaa7b81.jpg?v=1774456356,sticker-bomb-flannel-slippers-mens-cutout.png
sticker-bomb-fleece-crewneck,9231812034787,0,1,https://cdn.shopify.com/s/files/1/0788/2358/8067/files/all-over-print-mens-heavy-fleece-sweatshirt-1268350.png?v=1776713887,sticker-bomb-fleece-crewneck-cutout.png
sticker-bomb-fleece-crewneck,9231812034787,1,0,https://cdn.shopify.com/s/files/1/0788/2358/8067/files/all-over-print-mens-heavy-fleece-sweatshirt-5343331.jpg?v=1776713071,sticker-bomb-fleece-crewneck-cutout.png
sticker-bomb-fleece-crewneck,9231812034787,2,0,https://cdn.shopify.com/s/files/1/0788/2358/8067/files/all-over-print-mens-heavy-fleece-sweatshirt-1041538.jpg?v=1776713071,sticker-bomb-fleece-crewneck-cutout.png
sticker-bomb-fleece-crewneck,9231812034787,3,0,https://cdn.shopify.com/s/files/1/0788/2358/8067/files/all-over-print-mens-heavy-fleece-sweatshirt-3009791.png?v=1776713071,sticker-bomb-fleece-crewneck-cutout.png
sticker-bomb-graffiti-fleece-hoodie,9297182687459,0,1,https://cdn.shopify.com/s/files/1/0788/2358/8067/files/sticker-bomb-graffiti-fleece-hoodie-white-street-tag-collage-aop-heavyweight-winter-pullover-2725448.jpg?v=1782724153,sticker-bomb-graffiti-fleece-hoodie-cutout.png
sticker-bomb-graffiti-fleece-hoodie,9297182687459,1,0,https://cdn.shopify.com/s/files/1/0788/2358/8067/files/sticker-bomb-graffiti-fleece-hoodie-white-street-tag-collage-aop-heavyweight-winter-pullover-9025577.jpg?v=1782724153,sticker-bomb-graffiti-fleece-hoodie-cutout.png
sticker-bomb-graffiti-fleece-hoodie,9297182687459,2,0,https://cdn.shopify.com/s/files/1/0788/2358/8067/files/sticker-bomb-graffiti-fleece-hoodie-white-street-tag-collage-aop-heavyweight-winter-pullover-9323824.jpg?v=1782724152,sticker-bomb-graffiti-fleece-hoodie-cutout.png
sticker-bomb-graffiti-fleece-hoodie,9297182687459,3,0,https://cdn.shopify.com/s/files/1/0788/2358/8067/files/sticker-bomb-graffiti-fleece-hoodie-white-street-tag-collage-aop-heavyweight-winter-pullover-6866848.jpg?v=1782724152,sticker-bomb-graffiti-fleece-hoodie-cutout.png
sticker-bomb-graffiti-fleece-hoodie,9297182687459,4,0,https://cdn.shopify.com/s/files/1/0788/2358/8067/files/sticker-bomb-graffiti-fleece-hoodie-white-street-tag-collage-aop-heavyweight-winter-pullover-7166796.png?v=1782724153,sticker-bomb-graffiti-fleece-hoodie-cutout.png
sticker-bomb-graffiti-foldable-wallet,9231811117283,0,1,https://cdn.shopify.com/s/files/1/0788/2358/8067/files/foldable-wallet-1880555.png?v=1776796691,sticker-bomb-graffiti-foldable-wallet-cutout.png
sticker-bomb-graffiti-foldable-wallet,9231811117283,1,0,https://cdn.shopify.com/s/files/1/0788/2358/8067/files/foldable-wallet-4317630.jpg?v=1776713960,sticker-bomb-graffiti-foldable-wallet-cutout.png
sticker-bomb-graffiti-foldable-wallet,9231811117283,2,0,https://cdn.shopify.com/s/files/1/0788/2358/8067/files/foldable-wallet-6964898.jpg?v=1776713960,sticker-bomb-graffiti-foldable-wallet-cutout.png
sticker-bomb-graffiti-foldable-wallet,9231811117283,3,0,https://cdn.shopify.com/s/files/1/0788/2358/8067/files/foldable-wallet-5994402.jpg?v=1776713960,sticker-bomb-graffiti-foldable-wallet-cutout.png
sticker-bomb-graffiti-foldable-wallet,9231811117283,4,0,https://cdn.shopify.com/s/files/1/0788/2358/8067/files/foldable-wallet-7668427.jpg?v=1776713960,sticker-bomb-graffiti-foldable-wallet-cutout.png
sticker-bomb-graffiti-foldable-wallet,9231811117283,5,0,https://cdn.shopify.com/s/files/1/0788/2358/8067/files/foldable-wallet-4748203.jpg?v=1776713960,sticker-bomb-graffiti-foldable-wallet-cutout.png
sticker-bomb-kids-hoodie,9188174332131,0,1,https://cdn.shopify.com/s/files/1/0788/2358/8067/files/kids-graffiti-hoodie-all-over-print-sublimated-pullover-3333581.png?v=1778120107,sticker-bomb-kids-hoodie-cutout.png
sticker-bomb-kids-hoodie,9188174332131,1,0,https://cdn.shopify.com/s/files/1/0788/2358/8067/files/f0115f767c3f3c95aed9739a6736fd2c.jpg?v=1777354502,sticker-bomb-kids-hoodie-cutout.png
sticker-bomb-kids-hoodie,9188174332131,2,0,https://cdn.shopify.com/s/files/1/0788/2358/8067/files/a055b0ccc3ad79df68136f4b7ee9a242.jpg?v=1774456338,sticker-bomb-kids-hoodie-cutout.png
sticker-bomb-kids-hoodie,9188174332131,3,0,https://cdn.shopify.com/s/files/1/0788/2358/8067/files/edb3d956908854c812f48beb6a0a36e0.jpg?v=1774456339,sticker-bomb-kids-hoodie-cutout.png
sticker-bomb-kids-hoodie,9188174332131,4,0,https://cdn.shopify.com/s/files/1/0788/2358/8067/files/b387a7e3542980fb098f5c8256b87aff.jpg?v=1774456339,sticker-bomb-kids-hoodie-cutout.png
sticker-bomb-kids-hoodie,9188174332131,5,0,https://cdn.shopify.com/s/files/1/0788/2358/8067/files/3e6935aff9b7c4921d77d2804b183181.jpg?v=1774456339,sticker-bomb-kids-hoodie-cutout.png
sticker-bomb-kids-hoodie,9188174332131,6,0,https://cdn.shopify.com/s/files/1/0788/2358/8067/files/84287dceeeb567e8c8cac5507495f872.jpg?v=1774456339,sticker-bomb-kids-hoodie-cutout.png
sticker-bomb-shower-curtain,9188096409827,0,1,https://cdn.shopify.com/s/files/1/0788/2358/8067/files/e69f5167ba40736359195b95a7150cf9.jpg?v=1774456097,sticker-bomb-shower-curtain-cutout.png
sticker-bomb-shower-curtain,9188096409827,1,0,https://cdn.shopify.com/s/files/1/0788/2358/8067/files/f435bf9d91ad4120c6f8a2b297e0af51.jpg?v=1774456097,sticker-bomb-shower-curtain-cutout.png
sticker-bomb-shower-curtain,9188096409827,2,0,https://cdn.shopify.com/s/files/1/0788/2358/8067/files/2cca6a0345706f6b8d9282c3a659a785.jpg?v=1774456098,sticker-bomb-shower-curtain-cutout.png
sticker-bomb-shower-curtain,9188096409827,3,0,https://cdn.shopify.com/s/files/1/0788/2358/8067/files/78d76e245048664855f03510f8cd590c.jpg?v=1774456098,sticker-bomb-shower-curtain-cutout.png
sticker-bomb-shower-curtain,9188096409827,4,0,https://cdn.shopify.com/s/files/1/0788/2358/8067/files/4980e412567ce98f5149a8473f9035fe.jpg?v=1774456098,sticker-bomb-shower-curtain-cutout.png
sticker-bomb-slip-on-shoes,9188097622243,0,1,https://cdn.shopify.com/s/files/1/0788/2358/8067/files/146312c6300de9d9cad9fdcc77cb97ce.jpg?v=1774456113,sticker-bomb-slip-on-shoes-cutout.png
sticker-bomb-slip-on-shoes,9188097622243,1,0,https://cdn.shopify.com/s/files/1/0788/2358/8067/files/441db2e01dd5e3aec3e8453c46804a8c.jpg?v=1774456113,sticker-bomb-slip-on-shoes-cutout.png
sticker-bomb-slip-on-shoes,9188097622243,2,0,https://cdn.shopify.com/s/files/1/0788/2358/8067/files/5818cd5092312dc6c7e28310addb0966.jpg?v=1774456113,sticker-bomb-slip-on-shoes-cutout.png
sticker-bomb-slip-on-shoes,9188097622243,3,0,https://cdn.shopify.com/s/files/1/0788/2358/8067/files/826217ec5689ce3a92a7f64faacb8d07.jpg?v=1774456113,sticker-bomb-slip-on-shoes-cutout.png
sticker-bomb-slip-on-shoes,9188097622243,4,0,https://cdn.shopify.com/s/files/1/0788/2358/8067/files/1f9ae9563ab1316f8da950e5e59c155f.jpg?v=1774456113,sticker-bomb-slip-on-shoes-cutout.png
sticker-bomb-slip-on-shoes,9188097622243,5,0,https://cdn.shopify.com/s/files/1/0788/2358/8067/files/b0acf973466f15bdc175fe9201cd3ef5.jpg?v=1774456113,sticker-bomb-slip-on-shoes-cutout.png
sticker-bomb-slip-on-shoes,9188097622243,6,0,https://cdn.shopify.com/s/files/1/0788/2358/8067/files/eb2d49a28af86f83ddfbb09215249693.jpg?v=1774456114,sticker-bomb-slip-on-shoes-cutout.png
sticker-bomb-water-shoes,9188174463203,0,1,https://cdn.shopify.com/s/files/1/0788/2358/8067/files/quick-dry-wate-shoes-for-beach-pool-and-water-activities-5963293.png?v=1782724326,sticker-bomb-water-shoes-cutout.png
sticker-bomb-water-shoes,9188174463203,1,0,https://cdn.shopify.com/s/files/1/0788/2358/8067/files/4b98620f9649e21ab95e9ae57e784172.jpg?v=1774456339,sticker-bomb-water-shoes-cutout.png
sticker-bomb-water-shoes,9188174463203,2,0,https://cdn.shopify.com/s/files/1/0788/2358/8067/files/eb94f0086cb171d0f6cc4813739ff0f6.jpg?v=1774456339,sticker-bomb-water-shoes-cutout.png
sticker-bomb-water-shoes,9188174463203,3,0,https://cdn.shopify.com/s/files/1/0788/2358/8067/files/b3245257f8f8cbf77349629c85e970f4.jpg?v=1774456339,sticker-bomb-water-shoes-cutout.png
sticker-bomb-water-shoes,9188174463203,4,0,https://cdn.shopify.com/s/files/1/0788/2358/8067/files/8ceda4996cf0ebcc79375cbcfa3b0b5d.jpg?v=1774456339,sticker-bomb-water-shoes-cutout.png
sticker-bomb-water-shoes,9188174463203,5,0,https://cdn.shopify.com/s/files/1/0788/2358/8067/files/804efef00f2219bcf5a3db1d9495a64f.jpg?v=1774456339,sticker-bomb-water-shoes-cutout.png
sticker-riot-aop-pullover-hoodie,9231541502179,0,1,https://cdn.shopify.com/s/files/1/0788/2358/8067/files/all-over-print-unisex-pullover-hoodie-310gsm-cotton-2533700.png?v=1776796691,sticker-riot-aop-pullover-hoodie-cutout.png
sticker-riot-aop-pullover-hoodie,9231541502179,1,0,https://cdn.shopify.com/s/files/1/0788/2358/8067/files/all-over-print-unisex-pullover-hoodie-310gsm-cotton-5043981.jpg?v=1776745373,sticker-riot-aop-pullover-hoodie-cutout.png
sticker-riot-aop-pullover-hoodie,9231541502179,2,0,https://cdn.shopify.com/s/files/1/0788/2358/8067/files/all-over-print-unisex-pullover-hoodie-310gsm-cotton-8915009.jpg?v=1776745373,sticker-riot-aop-pullover-hoodie-cutout.png
sticker-riot-aop-pullover-hoodie,9231541502179,3,0,https://cdn.shopify.com/s/files/1/0788/2358/8067/files/all-over-print-unisex-pullover-hoodie-310gsm-cotton-7894784.jpg?v=1776745373,sticker-riot-aop-pullover-hoodie-cutout.png
sticker-riot-aop-pullover-hoodie,9231541502179,4,0,https://cdn.shopify.com/s/files/1/0788/2358/8067/files/all-over-print-unisex-pullover-hoodie-310gsm-cotton-2870492.jpg?v=1776745373,sticker-riot-aop-pullover-hoodie-cutout.png
sticker-riot-aop-pullover-hoodie,9231541502179,5,0,https://cdn.shopify.com/s/files/1/0788/2358/8067/files/all-over-print-unisex-pullover-hoodie-310gsm-cotton-9029715.jpg?v=1776745373,sticker-riot-aop-pullover-hoodie-cutout.png
sticker-riot-aop-pullover-hoodie,9231541502179,6,0,https://cdn.shopify.com/s/files/1/0788/2358/8067/files/all-over-print-unisex-pullover-hoodie-310gsm-cotton-3224566.png?v=1776745373,sticker-riot-aop-pullover-hoodie-cutout.png
sticker-riot-aop-pullover-hoodie,9231541502179,7,0,https://cdn.shopify.com/s/files/1/0788/2358/8067/files/all-over-print-unisex-pullover-hoodie-310gsm-cotton-8900490.jpg?v=1776745373,sticker-riot-aop-pullover-hoodie-cutout.png
stipple-wave-long-fleece-coat,9301035155683,0,1,https://cdn.shopify.com/s/files/1/0788/2358/8067/files/maximalist-festival-coat-for-burners-long-fleece-windbreaker-psychedelic-outerwear-rave-camp-uniform-alt-streetwear-statement-trench-2699938.jpg?v=1782724211,stipple-wave-long-fleece-coat-cutout.png
stipple-wave-long-fleece-coat,9301035155683,1,0,https://cdn.shopify.com/s/files/1/0788/2358/8067/files/maximalist-festival-coat-for-burners-long-fleece-windbreaker-psychedelic-outerwear-rave-camp-uniform-alt-streetwear-statement-trench-6018867.jpg?v=1782724211,stipple-wave-long-fleece-coat-cutout.png
stipple-wave-long-fleece-coat,9301035155683,2,0,https://cdn.shopify.com/s/files/1/0788/2358/8067/files/maximalist-festival-coat-for-burners-long-fleece-windbreaker-psychedelic-outerwear-rave-camp-uniform-alt-streetwear-statement-trench-4729545.png?v=1782724210,stipple-wave-long-fleece-coat-cutout.png
strange-orbit-aloha-shirt,9231810035939,0,1,https://cdn.shopify.com/s/files/1/0788/2358/8067/files/all-over-print-mens-hawaiian-shirt-with-button-closure-115gsm-cotton-poplin-9988579.png?v=1776796692,strange-orbit-aloha-shirt-cutout.png
strange-orbit-aloha-shirt,9231810035939,1,0,https://cdn.shopify.com/s/files/1/0788/2358/8067/files/all-over-print-mens-hawaiian-shirt-with-button-closure-115gsm-cotton-poplin-1752573.jpg?v=1776720447,strange-orbit-aloha-shirt-cutout.png
strange-orbit-aloha-shirt,9231810035939,2,0,https://cdn.shopify.com/s/files/1/0788/2358/8067/files/all-over-print-mens-hawaiian-shirt-with-button-closure-115gsm-cotton-poplin-4623162.jpg?v=1776720447,strange-orbit-aloha-shirt-cutout.png
strange-orbit-aloha-shirt,9231810035939,3,0,https://cdn.shopify.com/s/files/1/0788/2358/8067/files/all-over-print-mens-hawaiian-shirt-with-button-closure-115gsm-cotton-poplin-8522194.jpg?v=1776720447,strange-orbit-aloha-shirt-cutout.png
strange-orbit-aloha-shirt,9231810035939,4,0,https://cdn.shopify.com/s/files/1/0788/2358/8067/files/all-over-print-mens-hawaiian-shirt-with-button-closure-115gsm-cotton-poplin-3268016.jpg?v=1776720447,strange-orbit-aloha-shirt-cutout.png
strange-orbit-aloha-shirt,9231810035939,5,0,https://cdn.shopify.com/s/files/1/0788/2358/8067/files/all-over-print-mens-hawaiian-shirt-with-button-closure-115gsm-cotton-poplin-3766252.png?v=1776720447,strange-orbit-aloha-shirt-cutout.png
strawberry-wheels-tie-dye-button-up-shirt,9260235292899,0,1,https://cdn.shopify.com/s/files/1/0788/2358/8067/files/strawberry-wheels-aop-button-up-shirt-digital-tie-dye-workwear-6073305.png?v=1782724157,strawberry-wheels-tie-dye-button-up-shirt-cutout.png
strawberry-wheels-tie-dye-button-up-shirt,9260235292899,1,0,https://cdn.shopify.com/s/files/1/0788/2358/8067/files/strawberry-wheels-aop-button-up-shirt-digital-tie-dye-workwear-5619181.jpg?v=1782724157,strawberry-wheels-tie-dye-button-up-shirt-cutout.png
strawberry-wheels-tie-dye-button-up-shirt,9260235292899,2,0,https://cdn.shopify.com/s/files/1/0788/2358/8067/files/strawberry-wheels-aop-button-up-shirt-digital-tie-dye-workwear-9091449.jpg?v=1782724156,strawberry-wheels-tie-dye-button-up-shirt-cutout.png
strawberry-wheels-tie-dye-button-up-shirt,9260235292899,3,0,https://cdn.shopify.com/s/files/1/0788/2358/8067/files/strawberry-wheels-aop-button-up-shirt-digital-tie-dye-workwear-9221506.jpg?v=1782724157,strawberry-wheels-tie-dye-button-up-shirt-cutout.png
strawberry-wheels-tie-dye-button-up-shirt,9260235292899,4,0,https://cdn.shopify.com/s/files/1/0788/2358/8067/files/strawberry-wheels-aop-button-up-shirt-digital-tie-dye-workwear-8990049.jpg?v=1782724156,strawberry-wheels-tie-dye-button-up-shirt-cutout.png
strawberry-wheels-tie-dye-button-up-shirt,9260235292899,5,0,https://cdn.shopify.com/s/files/1/0788/2358/8067/files/strawberry-wheels-aop-button-up-shirt-digital-tie-dye-workwear-8242381.jpg?v=1782724156,strawberry-wheels-tie-dye-button-up-shirt-cutout.png
strawberry-wheels-tie-dye-button-up-shirt,9260235292899,6,0,https://cdn.shopify.com/s/files/1/0788/2358/8067/files/strawberry-wheels-aop-button-up-shirt-digital-tie-dye-workwear-8834608.jpg?v=1782724157,strawberry-wheels-tie-dye-button-up-shirt-cutout.png
street-collage-aop-lounge-pants,9260923650275,0,1,https://cdn.shopify.com/s/files/1/0788/2358/8067/files/graffiti-collage-pajama-pants-street-art-all-over-print-lounge-pants-7322485.jpg?v=1782724092,street-collage-aop-lounge-pants-cutout.png
street-collage-aop-lounge-pants,9260923650275,1,0,https://cdn.shopify.com/s/files/1/0788/2358/8067/files/graffiti-collage-pajama-pants-street-art-all-over-print-lounge-pants-5877868.jpg?v=1782724090,street-collage-aop-lounge-pants-cutout.png
street-collage-aop-lounge-pants,9260923650275,2,0,https://cdn.shopify.com/s/files/1/0788/2358/8067/files/graffiti-collage-pajama-pants-street-art-all-over-print-lounge-pants-2260893.jpg?v=1782724092,street-collage-aop-lounge-pants-cutout.png
street-collage-aop-lounge-pants,9260923650275,3,0,https://cdn.shopify.com/s/files/1/0788/2358/8067/files/graffiti-collage-pajama-pants-street-art-all-over-print-lounge-pants-9829660.jpg?v=1782724090,street-collage-aop-lounge-pants-cutout.png
street-collage-aop-lounge-pants,9260923650275,4,0,https://cdn.shopify.com/s/files/1/0788/2358/8067/files/graffiti-collage-pajama-pants-street-art-all-over-print-lounge-pants-3222076.jpg?v=1782724091,street-collage-aop-lounge-pants-cutout.png
street-collage-aop-lounge-pants,9260923650275,5,0,https://cdn.shopify.com/s/files/1/0788/2358/8067/files/graffiti-collage-pajama-pants-street-art-all-over-print-lounge-pants-5195861.jpg?v=1782724092,street-collage-aop-lounge-pants-cutout.png
street-collage-aop-lounge-pants,9260923650275,6,0,https://cdn.shopify.com/s/files/1/0788/2358/8067/files/graffiti-collage-pajama-pants-street-art-all-over-print-lounge-pants-4422566.jpg?v=1782724091,street-collage-aop-lounge-pants-cutout.png
street-collage-baseball-cap,9188175249635,0,1,https://cdn.shopify.com/s/files/1/0788/2358/8067/files/Hyper-realistic_8k_cinematic_202603171651_2.jpg?v=1774790045,street-collage-baseball-cap-cutout.png
street-collage-baseball-cap,9188175249635,1,0,https://cdn.shopify.com/s/files/1/0788/2358/8067/files/Hat_in_mid_202603171653_1.jpg?v=1774790045,street-collage-baseball-cap-cutout.png
street-collage-baseball-cap,9188175249635,2,0,https://cdn.shopify.com/s/files/1/0788/2358/8067/files/Hyper-realistic_8k_cinematic_202603171651_1.jpg?v=1774790045,street-collage-baseball-cap-cutout.png
street-collage-baseball-cap,9188175249635,3,0,https://cdn.shopify.com/s/files/1/0788/2358/8067/files/Hyper-realistic_8k_cinematic_202603171651_4.jpg?v=1774790045,street-collage-baseball-cap-cutout.png
street-collage-baseball-cap,9188175249635,4,0,https://cdn.shopify.com/s/files/1/0788/2358/8067/files/Hyper-realistic_8k_cinematic_202603171651.jpg?v=1774791071,street-collage-baseball-cap-cutout.png
street-collage-baseball-cap,9188175249635,5,0,https://cdn.shopify.com/s/files/1/0788/2358/8067/files/Hat_in_mid_202603171653.jpg?v=1774790045,street-collage-baseball-cap-cutout.png
street-collage-baseball-cap,9188175249635,6,0,https://cdn.shopify.com/s/files/1/0788/2358/8067/files/7ecdeae5962db3321677eb0d7b3c9053.jpg?v=1774456356,street-collage-baseball-cap-cutout.png
street-collage-baseball-cap,9188175249635,7,0,https://cdn.shopify.com/s/files/1/0788/2358/8067/files/6d515a12854a910f5699b40e90bd4fe3.jpg?v=1774456356,street-collage-baseball-cap-cutout.png
street-collage-baseball-cap,9188175249635,8,0,https://cdn.shopify.com/s/files/1/0788/2358/8067/files/7dc3e28c07d6786c758ac616bf4784d9.jpg?v=1774456356,street-collage-baseball-cap-cutout.png
street-collage-baseball-cap,9188175249635,9,0,https://cdn.shopify.com/s/files/1/0788/2358/8067/files/d05a715e35385af8ce8e2842d8f61774.jpg?v=1774456356,street-collage-baseball-cap-cutout.png
street-collage-baseball-cap,9188175249635,10,0,https://cdn.shopify.com/s/files/1/0788/2358/8067/files/2503462cdb12a16716eaaae397880119_c4f46c3f-57f9-4d19-acfb-8101a7af6ee2.jpg?v=1774456356,street-collage-baseball-cap-cutout.png
street-collage-full-zip-hoodie,9260923715811,0,1,https://cdn.shopify.com/s/files/1/0788/2358/8067/files/graffiti-collage-full-zip-hoodie-for-streetwear-collectors-layered-aop-urban-art-statement-lightweight-festival-layer-3746629.jpg?v=1782724099,street-collage-full-zip-hoodie-cutout.png
street-collage-full-zip-hoodie,9260923715811,1,0,https://cdn.shopify.com/s/files/1/0788/2358/8067/files/graffiti-collage-full-zip-hoodie-for-streetwear-collectors-layered-aop-urban-art-statement-lightweight-festival-layer-3917237.jpg?v=1782724099,street-collage-full-zip-hoodie-cutout.png
street-collage-full-zip-hoodie,9260923715811,2,0,https://cdn.shopify.com/s/files/1/0788/2358/8067/files/graffiti-collage-full-zip-hoodie-for-streetwear-collectors-layered-aop-urban-art-statement-lightweight-festival-layer-2379103.jpg?v=1782724099,street-collage-full-zip-hoodie-cutout.png
street-collage-full-zip-hoodie,9260923715811,3,0,https://cdn.shopify.com/s/files/1/0788/2358/8067/files/graffiti-collage-full-zip-hoodie-for-streetwear-collectors-layered-aop-urban-art-statement-lightweight-festival-layer-9122402.jpg?v=1782724099,street-collage-full-zip-hoodie-cutout.png
street-collage-full-zip-hoodie,9260923715811,4,0,https://cdn.shopify.com/s/files/1/0788/2358/8067/files/graffiti-collage-full-zip-hoodie-for-streetwear-collectors-layered-aop-urban-art-statement-lightweight-festival-layer-1423189.jpg?v=1782724098,street-collage-full-zip-hoodie-cutout.png
street-collage-scarf,9188174758115,0,1,https://cdn.shopify.com/s/files/1/0788/2358/8067/files/6bec7fb8541ea00062eb4f1de88cee84.jpg?v=1774456384,street-collage-scarf-cutout.png
street-collage-scarf,9188174758115,1,0,https://cdn.shopify.com/s/files/1/0788/2358/8067/files/f3660f16487871be77b9426fa299fe42.jpg?v=1774456384,street-collage-scarf-cutout.png
street-collage-scarf,9188174758115,2,0,https://cdn.shopify.com/s/files/1/0788/2358/8067/files/4eacc55d2f71ff77b07e07f3abf96bce.jpg?v=1774456384,street-collage-scarf-cutout.png
street-collage-scarf,9188174758115,3,0,https://cdn.shopify.com/s/files/1/0788/2358/8067/files/05eafeff2e8317cd0953116d40d87453.jpg?v=1774456384,street-collage-scarf-cutout.png
street-collage-scarf,9188174758115,4,0,https://cdn.shopify.com/s/files/1/0788/2358/8067/files/4cd9136e5ba64223fe6fbf2b1dfe78e8.jpg?v=1774456384,street-collage-scarf-cutout.png
street-collage-scarf,9188174758115,5,0,https://cdn.shopify.com/s/files/1/0788/2358/8067/files/cfbe0b04fc286dd5b944e2e0ff379343.jpg?v=1774456384,street-collage-scarf-cutout.png
street-collage-scarf,9188174758115,6,0,https://cdn.shopify.com/s/files/1/0788/2358/8067/files/01aca8c67969edc077910178369a8f87.jpg?v=1774456384,street-collage-scarf-cutout.png
street-collage-snapback,9175875223779,0,1,https://cdn.shopify.com/s/files/1/0788/2358/8067/files/graffiti-newspaper-collage-snapback-hat-urban-street-art-aop-flat-brim-cap-for-streetwear-skate-culture-3488874.png?v=1782724506,street-collage-snapback-cutout.png
street-collage-snapback,9175875223779,1,0,https://cdn.shopify.com/s/files/1/0788/2358/8067/files/8740b6e1-il_fullxfull.7818340149_o02z.jpg?v=1774790952,street-collage-snapback-cutout.png
street-collage-snapback,9175875223779,2,0,https://cdn.shopify.com/s/files/1/0788/2358/8067/files/9adee4fd-il_fullxfull.7770396406_fd9q.jpg?v=1774790951,street-collage-snapback-cutout.png
street-collage-snapback,9175875223779,3,0,https://cdn.shopify.com/s/files/1/0788/2358/8067/files/5182c5a1-il_fullxfull.7770396660_lqhe.jpg?v=1774790952,street-collage-snapback-cutout.png
street-collage-snapback,9175875223779,4,0,https://cdn.shopify.com/s/files/1/0788/2358/8067/files/25a5c4c4-il_fullxfull.7818336031_lsht.jpg?v=1774790951,street-collage-snapback-cutout.png
street-collage-snapback,9175875223779,5,0,https://cdn.shopify.com/s/files/1/0788/2358/8067/files/f826ac6d-il_fullxfull.7770396664_irog.jpg?v=1774790951,street-collage-snapback-cutout.png
street-collage-snapback,9175875223779,6,0,https://cdn.shopify.com/s/files/1/0788/2358/8067/files/a18253f1-il_fullxfull.7818336029_3s3r.jpg?v=1774790951,street-collage-snapback-cutout.png
street-collage-snapback,9175875223779,7,0,https://cdn.shopify.com/s/files/1/0788/2358/8067/files/4e4a8990-il_fullxfull.7770396760_3gp5.jpg?v=1774790951,street-collage-snapback-cutout.png
street-collage-snapback,9175875223779,8,0,https://cdn.shopify.com/s/files/1/0788/2358/8067/files/bd937bb2-il_fullxfull.7818336129_jv7a.jpg?v=1774790951,street-collage-snapback-cutout.png
street-collage-snapback,9175875223779,9,0,https://cdn.shopify.com/s/files/1/0788/2358/8067/files/712fcfcf-il_fullxfull.7818338587_cymg.jpg?v=1774455756,street-collage-snapback-cutout.png
street-collage-snapback,9175875223779,10,0,https://cdn.shopify.com/s/files/1/0788/2358/8067/files/073bbff0-il_fullxfull.7818339391_eyol.jpg?v=1774455756,street-collage-snapback-cutout.png
street-collage-tablecloth,9188096049379,0,1,https://cdn.shopify.com/s/files/1/0788/2358/8067/files/6300b9570b5095b0afc54752d6c54124.jpg?v=1774456335,street-collage-tablecloth-cutout.png
street-collage-tablecloth,9188096049379,1,0,https://cdn.shopify.com/s/files/1/0788/2358/8067/files/467ef5615381ef515d2e2a78c1bf093a.jpg?v=1774456335,street-collage-tablecloth-cutout.png
street-collage-tablecloth,9188096049379,2,0,https://cdn.shopify.com/s/files/1/0788/2358/8067/files/dd800b9ceef47e9d4c8a39bf20d63ece.jpg?v=1774456335,street-collage-tablecloth-cutout.png
street-collage-tablecloth,9188096049379,3,0,https://cdn.shopify.com/s/files/1/0788/2358/8067/files/1b44e8a6ef9870669feeaab3d0e31c36.jpg?v=1774456335,street-collage-tablecloth-cutout.png
street-collage-tablecloth,9188096049379,4,0,https://cdn.shopify.com/s/files/1/0788/2358/8067/files/32929bb300fa0915d1172c6bb7b20222.jpg?v=1774456335,street-collage-tablecloth-cutout.png
street-collage-tablecloth,9188096049379,5,0,https://cdn.shopify.com/s/files/1/0788/2358/8067/files/57908a08c5f82f0e4cb05258fad182d0.jpg?v=1774456335,street-collage-tablecloth-cutout.png
street-collage-tablecloth,9188096049379,6,0,https://cdn.shopify.com/s/files/1/0788/2358/8067/files/ccd07ef872441b664f84548beec5fe02.jpg?v=1774456335,street-collage-tablecloth-cutout.png
street-swag-aop-knit-beanie,9188175053027,0,1,https://cdn.shopify.com/s/files/1/0788/2358/8067/files/3f542af2aa327f31838b1bae5d9a69ad.png?v=1774789988,street-swag-aop-knit-beanie-cutout.png
street-swag-aop-knit-beanie,9188175053027,1,0,https://cdn.shopify.com/s/files/1/0788/2358/8067/files/8717810d59e1f2754a06c56e1a6bd91c.jpg?v=1774455760,street-swag-aop-knit-beanie-cutout.png
street-swag-aop-knit-beanie,9188175053027,2,0,https://cdn.shopify.com/s/files/1/0788/2358/8067/files/0a7e20e2485b280be429764b5088d9ca.jpg?v=1774455760,street-swag-aop-knit-beanie-cutout.png
street-swag-aop-knit-beanie,9188175053027,3,0,https://cdn.shopify.com/s/files/1/0788/2358/8067/files/b8219e56d46b09b35c09345edd9d70ef.jpg?v=1774455760,street-swag-aop-knit-beanie-cutout.png
street-swag-aop-knit-beanie,9188175053027,4,0,https://cdn.shopify.com/s/files/1/0788/2358/8067/files/3f542af2aa327f31838b1bae5d9a69ad.jpg?v=1774455760,street-swag-aop-knit-beanie-cutout.png
street-swag-aop-knit-beanie,9188175053027,5,0,https://cdn.shopify.com/s/files/1/0788/2358/8067/files/7e770b9de6fe59a286134a36d0f518fd.jpg?v=1774455760,street-swag-aop-knit-beanie-cutout.png
street-swag-aop-knit-beanie,9188175053027,6,0,https://cdn.shopify.com/s/files/1/0788/2358/8067/files/d0b37f7b2dfec40a514beb63d6646f14.jpg?v=1774455760,street-swag-aop-knit-beanie-cutout.png
street-swag-aop-knit-beanie,9188175053027,7,0,https://cdn.shopify.com/s/files/1/0788/2358/8067/files/1af738f61c05419d87c5f67d5d06fe93.jpg?v=1774455760,street-swag-aop-knit-beanie-cutout.png
street-swag-aop-knit-beanie,9188175053027,8,0,https://cdn.shopify.com/s/files/1/0788/2358/8067/files/7c5e68e91621824c1e2b65af85cc87a2.jpg?v=1774455761,street-swag-aop-knit-beanie-cutout.png
street-swag-aop-knit-beanie,9188175053027,9,0,https://cdn.shopify.com/s/files/1/0788/2358/8067/files/c740256d0a43b75ae4e846597ebe4cec.jpg?v=1774456355,street-swag-aop-knit-beanie-cutout.png
street-syntax-graffiti-turtleneck,9175875551459,0,1,https://cdn.shopify.com/s/files/1/0788/2358/8067/files/street-syntax-all-over-print-graffiti-turtleneck-top-neon-maximalist-long-sleeve-8026714.png?v=1782724509,street-syntax-graffiti-turtleneck-cutout.png
street-syntax-graffiti-turtleneck,9175875551459,1,0,https://cdn.shopify.com/s/files/1/0788/2358/8067/files/a00f8af6-il_fullxfull.7739773069_t4ti.jpg?v=1774790952,street-syntax-graffiti-turtleneck-cutout.png
street-syntax-graffiti-turtleneck,9175875551459,2,0,https://cdn.shopify.com/s/files/1/0788/2358/8067/files/b4f1b407-il_fullxfull.7691829008_nqkn.jpg?v=1774790952,street-syntax-graffiti-turtleneck-cutout.png
street-syntax-graffiti-turtleneck,9175875551459,3,0,https://cdn.shopify.com/s/files/1/0788/2358/8067/files/street-syntax-all-over-print-graffiti-turtleneck-top-neon-maximalist-long-sleeve-2988032.png?v=1782724509,street-syntax-graffiti-turtleneck-cutout.png
streetsmart-collage-athletic-hoodie,9175877484771,0,1,https://cdn.shopify.com/s/files/1/0788/2358/8067/files/streetsmart-collage-athletic-hoodie-bold-aop-recycled-performance-pullover-for-gym-street-6918010.png?v=1782724506,streetsmart-collage-athletic-hoodie-cutout.png
streetsmart-collage-athletic-hoodie,9175877484771,1,0,https://cdn.shopify.com/s/files/1/0788/2358/8067/files/bfab1067-il_fullxfull.7820428473_bfpe.jpg?v=1774790713,streetsmart-collage-athletic-hoodie-cutout.png
streetsmart-collage-athletic-hoodie,9175877484771,2,0,https://cdn.shopify.com/s/files/1/0788/2358/8067/files/0dab9d48-il_fullxfull.7771946768_jjnq.jpg?v=1774790713,streetsmart-collage-athletic-hoodie-cutout.png
streetsmart-collage-athletic-hoodie,9175877484771,3,0,https://cdn.shopify.com/s/files/1/0788/2358/8067/files/a0991ff9-il_fullxfull.7771945020_4g7m.jpg?v=1774790713,streetsmart-collage-athletic-hoodie-cutout.png
streetsmart-collage-athletic-hoodie,9175877484771,4,0,https://cdn.shopify.com/s/files/1/0788/2358/8067/files/923613db-il_fullxfull.7724265299_ck7j.jpg?v=1774790713,streetsmart-collage-athletic-hoodie-cutout.png
streetsmart-collage-athletic-hoodie,9175877484771,5,0,https://cdn.shopify.com/s/files/1/0788/2358/8067/files/33243d23-il_fullxfull.7724265629_b9l8.jpg?v=1774790713,streetsmart-collage-athletic-hoodie-cutout.png
streetsmart-collage-athletic-hoodie,9175877484771,6,0,https://cdn.shopify.com/s/files/1/0788/2358/8067/files/f64f114b-il_fullxfull.7724265985_pxoi.jpg?v=1774790713,streetsmart-collage-athletic-hoodie-cutout.png
streetsmart-collage-athletic-hoodie,9175877484771,7,0,https://cdn.shopify.com/s/files/1/0788/2358/8067/files/8b8502b2-il_fullxfull.7724266373_541v.jpg?v=1774790713,streetsmart-collage-athletic-hoodie-cutout.png
streetsmart-collage-athletic-hoodie,9175877484771,8,0,https://cdn.shopify.com/s/files/1/0788/2358/8067/files/ffc5c42e-il_fullxfull.7724267429_k37g.jpg?v=1774790713,streetsmart-collage-athletic-hoodie-cutout.png
streetsmart-collage-athletic-hoodie,9175877484771,9,0,https://cdn.shopify.com/s/files/1/0788/2358/8067/files/32d1a0d1-il_fullxfull.7676321032_mlgq.jpg?v=1774790713,streetsmart-collage-athletic-hoodie-cutout.png
streetsmart-collage-athletic-hoodie,9175877484771,10,0,https://cdn.shopify.com/s/files/1/0788/2358/8067/files/6310955a-il_fullxfull.7676321658_fais.jpg?v=1774790713,streetsmart-collage-athletic-hoodie-cutout.png
streetsmart-sticker-bomb-microfiber-beach-towel,9188096868579,0,1,https://cdn.shopify.com/s/files/1/0788/2358/8067/files/d32e86022ff182e31de85be5713f8e81.jpg?v=1774455887,streetsmart-sticker-bomb-microfiber-beach-towel-cutout.png
streetsmart-sticker-bomb-microfiber-beach-towel,9188096868579,1,0,https://cdn.shopify.com/s/files/1/0788/2358/8067/files/f2aa92fc2f65368fe340cd6034e3a748.jpg?v=1774455886,streetsmart-sticker-bomb-microfiber-beach-towel-cutout.png
streetsmart-sticker-bomb-microfiber-beach-towel,9188096868579,2,0,https://cdn.shopify.com/s/files/1/0788/2358/8067/files/d4f83d14260e95f51f80eecec924badc.jpg?v=1774455886,streetsmart-sticker-bomb-microfiber-beach-towel-cutout.png
streetsmart-sticker-bomb-microfiber-beach-towel,9188096868579,3,0,https://cdn.shopify.com/s/files/1/0788/2358/8067/files/92701afb779ce95a12038eb53e11a8c6.jpg?v=1774455886,streetsmart-sticker-bomb-microfiber-beach-towel-cutout.png
streetsmart-sticker-bomb-microfiber-beach-towel,9188096868579,4,0,https://cdn.shopify.com/s/files/1/0788/2358/8067/files/a3a1c988623500d9f6d3cfbe7bc01018.jpg?v=1774455886,streetsmart-sticker-bomb-microfiber-beach-towel-cutout.png
streetsmart-sticker-bomb-microfiber-beach-towel,9188096868579,5,0,https://cdn.shopify.com/s/files/1/0788/2358/8067/files/1f3c5b8c5c7da9e42a312fff909fec9b.jpg?v=1774455887,streetsmart-sticker-bomb-microfiber-beach-towel-cutout.png
streetsmart-sticker-bomb-microfiber-beach-towel,9188096868579,6,0,https://cdn.shopify.com/s/files/1/0788/2358/8067/files/4610ae287c73c54a6b4e387381bd70dc.jpg?v=1774455886,streetsmart-sticker-bomb-microfiber-beach-towel-cutout.png
streetsmart-sticker-bomb-microfiber-beach-towel,9188096868579,7,0,https://cdn.shopify.com/s/files/1/0788/2358/8067/files/084a47da01b929173e704aefc402e478.jpg?v=1774455886,streetsmart-sticker-bomb-microfiber-beach-towel-cutout.png
streetsmart-sticker-bomb-snapback,9188174856419,0,1,https://cdn.shopify.com/s/files/1/0788/2358/8067/files/37aeb2e00ef6d2893690c5b5f9dc72c5.jpg?v=1774789987,streetsmart-sticker-bomb-snapback-cutout.png
streetsmart-sticker-bomb-snapback,9188174856419,1,0,https://cdn.shopify.com/s/files/1/0788/2358/8067/files/8b7b20c3f0af9385cc59e0ecb4b2fd9a.jpg?v=1774456384,streetsmart-sticker-bomb-snapback-cutout.png
streetsmart-sticker-bomb-snapback,9188174856419,2,0,https://cdn.shopify.com/s/files/1/0788/2358/8067/files/37aeb2e00ef6d2893690c5b5f9dc72c5.png?v=1774789987,streetsmart-sticker-bomb-snapback-cutout.png
streetsmart-sticker-bomb-snapback,9188174856419,3,0,https://cdn.shopify.com/s/files/1/0788/2358/8067/files/bc6375ee9c6cb0d9bc5357772571a237.jpg?v=1774455759,streetsmart-sticker-bomb-snapback-cutout.png
streetsmart-sticker-bomb-snapback,9188174856419,4,0,https://cdn.shopify.com/s/files/1/0788/2358/8067/files/30f5cc6f30bff90b16f5cf086f4e36cf.jpg?v=1774455759,streetsmart-sticker-bomb-snapback-cutout.png
streetsmart-sticker-bomb-snapback,9188174856419,5,0,https://cdn.shopify.com/s/files/1/0788/2358/8067/files/1eb5f347a86351dadc71a0fafca16608.jpg?v=1774455760,streetsmart-sticker-bomb-snapback-cutout.png
streetsmart-sticker-bomb-snapback,9188174856419,6,0,https://cdn.shopify.com/s/files/1/0788/2358/8067/files/415fe2f4700cdedac7211d535d36c8c8.jpg?v=1774455760,streetsmart-sticker-bomb-snapback-cutout.png
streetsmart-sticker-bomb-snapback,9188174856419,7,0,https://cdn.shopify.com/s/files/1/0788/2358/8067/files/4befcb2e892d7b5a34ef1ba8d979c1ce.jpg?v=1774455759,streetsmart-sticker-bomb-snapback-cutout.png
streetsmart-tag-wall-basketball-jersey,9261118783715,0,1,https://cdn.shopify.com/s/files/1/0788/2358/8067/files/streetsmart-tag-wall-aop-basketball-jersey-all-over-graffiti-print-athletic-tank-sublimation-street-art-streetwear-assembled-in-usa-s-2xl-7421029.jpg?v=1782724089,streetsmart-tag-wall-basketball-jersey-cutout.png
streetsmart-tag-wall-basketball-jersey,9261118783715,1,0,https://cdn.shopify.com/s/files/1/0788/2358/8067/files/streetsmart-tag-wall-aop-basketball-jersey-all-over-graffiti-print-athletic-tank-sublimation-street-art-streetwear-assembled-in-usa-s-2xl-8845049.jpg?v=1782724090,streetsmart-tag-wall-basketball-jersey-cutout.png
streetsmart-tag-wall-basketball-jersey,9261118783715,2,0,https://cdn.shopify.com/s/files/1/0788/2358/8067/files/streetsmart-tag-wall-aop-basketball-jersey-all-over-graffiti-print-athletic-tank-sublimation-street-art-streetwear-assembled-in-usa-s-2xl-3327645.jpg?v=1782724089,streetsmart-tag-wall-basketball-jersey-cutout.png
streetsmart-tag-wall-basketball-jersey,9261118783715,3,0,https://cdn.shopify.com/s/files/1/0788/2358/8067/files/streetsmart-tag-wall-aop-basketball-jersey-all-over-graffiti-print-athletic-tank-sublimation-street-art-streetwear-assembled-in-usa-s-2xl-2473366.jpg?v=1782724090,streetsmart-tag-wall-basketball-jersey-cutout.png
streetsmart-tag-wall-basketball-jersey,9261118783715,4,0,https://cdn.shopify.com/s/files/1/0788/2358/8067/files/streetsmart-tag-wall-aop-basketball-jersey-all-over-graffiti-print-athletic-tank-sublimation-street-art-streetwear-assembled-in-usa-s-2xl-3941713.jpg?v=1782724090,streetsmart-tag-wall-basketball-jersey-cutout.png
sublimated-tie-dye-pullover-hoodie,9214500372707,0,1,https://cdn.shopify.com/s/files/1/0788/2358/8067/files/electric-kaleidoscope-aop-pullover-hoodie-psychedelic-fractal-streetwear-2683330.png?v=1777788622,sublimated-tie-dye-pullover-hoodie-cutout.png
sublimated-tie-dye-pullover-hoodie,9214500372707,1,0,https://cdn.shopify.com/s/files/1/0788/2358/8067/files/The-Sunflower_Hoodie20.png?v=1776080527,sublimated-tie-dye-pullover-hoodie-cutout.png
sublimated-tie-dye-pullover-hoodie,9214500372707,2,0,https://cdn.shopify.com/s/files/1/0788/2358/8067/files/The-Sunflower_Hoodie8.jpg?v=1776080526,sublimated-tie-dye-pullover-hoodie-cutout.png
sublimated-tie-dye-pullover-hoodie,9214500372707,3,0,https://cdn.shopify.com/s/files/1/0788/2358/8067/files/The-Sunflower_Hoodie17.png?v=1776080527,sublimated-tie-dye-pullover-hoodie-cutout.png
sublimated-tie-dye-pullover-hoodie,9214500372707,4,0,https://cdn.shopify.com/s/files/1/0788/2358/8067/files/The-Sunflower_Hoodie19.png?v=1776080527,sublimated-tie-dye-pullover-hoodie-cutout.png
sublimated-tie-dye-pullover-hoodie,9214500372707,5,0,https://cdn.shopify.com/s/files/1/0788/2358/8067/files/The-Sunflower_Hoodie16.png?v=1776080527,sublimated-tie-dye-pullover-hoodie-cutout.png
sublimated-tie-dye-pullover-hoodie,9214500372707,6,0,https://cdn.shopify.com/s/files/1/0788/2358/8067/files/The-Sunflower_Hoodie10.jpg?v=1776080526,sublimated-tie-dye-pullover-hoodie-cutout.png
sublimated-tie-dye-pullover-hoodie,9214500372707,7,0,https://cdn.shopify.com/s/files/1/0788/2358/8067/files/The-Sunflower_Hoodie7.jpg?v=1776080527,sublimated-tie-dye-pullover-hoodie-cutout.png
sublimated-tie-dye-pullover-hoodie,9214500372707,8,0,https://cdn.shopify.com/s/files/1/0788/2358/8067/files/The-Sunflower_Hoodie11.png?v=1776080526,sublimated-tie-dye-pullover-hoodie-cutout.png
sublimated-tie-dye-pullover-hoodie,9214500372707,9,0,https://cdn.shopify.com/s/files/1/0788/2358/8067/files/10215172364303011936_2048.jpg?v=1776080527,sublimated-tie-dye-pullover-hoodie-cutout.png
sublimated-tie-dye-pullover-hoodie,9214500372707,10,0,https://cdn.shopify.com/s/files/1/0788/2358/8067/files/2270153891983538458_2048.jpg?v=1776080526,sublimated-tie-dye-pullover-hoodie-cutout.png
sustainable-abstract-art-slides,9188175151331,0,1,https://cdn.shopify.com/s/files/1/0788/2358/8067/files/cb8f3e02d47c9ca1b514f21aade35a71.jpg?v=1774456355,sustainable-abstract-art-slides-cutout.png
sustainable-abstract-art-slides,9188175151331,1,0,https://cdn.shopify.com/s/files/1/0788/2358/8067/files/4f0495b62cd0ac72813a259ed53e9117.jpg?v=1774456355,sustainable-abstract-art-slides-cutout.png
sustainable-abstract-art-slides,9188175151331,2,0,https://cdn.shopify.com/s/files/1/0788/2358/8067/files/cb8f3e02d47c9ca1b514f21aade35a71_6104c958-431b-464e-9cdc-5ac6968f6a33.png?v=1774789927,sustainable-abstract-art-slides-cutout.png
sustainable-abstract-art-slides,9188175151331,3,0,https://cdn.shopify.com/s/files/1/0788/2358/8067/files/a40057a9db752714de2c1d38735fd019.jpg?v=1774456356,sustainable-abstract-art-slides-cutout.png
sustainable-abstract-art-slides,9188175151331,4,0,https://cdn.shopify.com/s/files/1/0788/2358/8067/files/fb3e69cb8ab5f05231f460921b6eff44.jpg?v=1774456355,sustainable-abstract-art-slides-cutout.png
sustainable-abstract-art-slides,9188175151331,5,0,https://cdn.shopify.com/s/files/1/0788/2358/8067/files/b890a620ce53b306cd7ee60ccead88ec.jpg?v=1774456355,sustainable-abstract-art-slides-cutout.png
sustainable-abstract-art-slides,9188175151331,6,0,https://cdn.shopify.com/s/files/1/0788/2358/8067/files/d7af2e29782d4f97c929a0e37b93d6f6.jpg?v=1774456356,sustainable-abstract-art-slides-cutout.png
sustainable-abstract-art-slides,9188175151331,7,0,https://cdn.shopify.com/s/files/1/0788/2358/8067/files/30f7948810d76a70eeba966cbe5a90ee.jpg?v=1774456356,sustainable-abstract-art-slides-cutout.png
sustainable-abstract-art-slides,9188175151331,8,0,https://cdn.shopify.com/s/files/1/0788/2358/8067/files/88aa8fd6033c0316168fb650ac9bdba0.jpg?v=1774456356,sustainable-abstract-art-slides-cutout.png
sustainable-abstract-art-slides,9188175151331,9,0,https://cdn.shopify.com/s/files/1/0788/2358/8067/files/6c2a51b2f610af6d4c224565345b6b2a.jpg?v=1774456356,sustainable-abstract-art-slides-cutout.png
sustainable-abstract-art-slides,9188175151331,10,0,https://cdn.shopify.com/s/files/1/0788/2358/8067/files/cb8f3e02d47c9ca1b514f21aade35a71.png?v=1774789928,sustainable-abstract-art-slides-cutout.png
sustainable-abstract-art-slides,9188175151331,11,0,https://cdn.shopify.com/s/files/1/0788/2358/8067/files/cb8f3e02d47c9ca1b514f21aade35a71_63a570eb-28e2-431a-9dee-6b50e7afd839.png?v=1774789928,sustainable-abstract-art-slides-cutout.png
swamp-tour-bucket-hat,9175878009059,0,1,https://cdn.shopify.com/s/files/1/0788/2358/8067/files/59e4e5e7-il_fullxfull.7676318848_r2c2.jpg?v=1774790712,swamp-tour-bucket-hat-cutout.png
swamp-tour-bucket-hat,9175878009059,1,0,https://cdn.shopify.com/s/files/1/0788/2358/8067/files/5dedb4e0-il_fullxfull.7724266071_k9vo.jpg?v=1774790712,swamp-tour-bucket-hat-cutout.png
swamp-tour-bucket-hat,9175878009059,2,0,https://cdn.shopify.com/s/files/1/0788/2358/8067/files/e380aa2b-il_fullxfull.7676319420_d5dw.jpg?v=1774790712,swamp-tour-bucket-hat-cutout.png
swamp-tour-bucket-hat,9175878009059,3,0,https://cdn.shopify.com/s/files/1/0788/2358/8067/files/abd2340f-il_fullxfull.7676319726_evtr.jpg?v=1774790712,swamp-tour-bucket-hat-cutout.png
swamp-tour-bucket-hat,9175878009059,4,0,https://cdn.shopify.com/s/files/1/0788/2358/8067/files/3a6f35f7-il_fullxfull.7676320062_552a.jpg?v=1774790712,swamp-tour-bucket-hat-cutout.png
swamp-tour-bucket-hat,9175878009059,5,0,https://cdn.shopify.com/s/files/1/0788/2358/8067/files/8bc61a5d-il_fullxfull.7724267203_iutx.jpg?v=1774790712,swamp-tour-bucket-hat-cutout.png
swamp-tour-bucket-hat,9175878009059,6,0,https://cdn.shopify.com/s/files/1/0788/2358/8067/files/c9e0c686-il_fullxfull.7724267617_6pyo.jpg?v=1774790712,swamp-tour-bucket-hat-cutout.png
swamp-tour-bucket-hat,9175878009059,7,0,https://cdn.shopify.com/s/files/1/0788/2358/8067/files/7a78b7ed-il_fullxfull.7724268025_jt0u.jpg?v=1774790712,swamp-tour-bucket-hat-cutout.png
swamp-tour-bucket-hat,9175878009059,8,0,https://cdn.shopify.com/s/files/1/0788/2358/8067/files/c4a99d80-il_fullxfull.7676321552_csa1.jpg?v=1774790712,swamp-tour-bucket-hat-cutout.png
swamp-tour-bucket-hat,9175878009059,9,0,https://cdn.shopify.com/s/files/1/0788/2358/8067/files/037e840a-il_fullxfull.7724268609_jhix.jpg?v=1774790712,swamp-tour-bucket-hat-cutout.png
tactical-brushstroke-camo-bedding-set,9225772335331,0,1,https://cdn.shopify.com/s/files/1/0788/2358/8067/files/double-sided-printing-three-piece-suitdouble-sided-printing-6052106.jpg?v=1776768843,tactical-brushstroke-camo-bedding-set-cutout.png
tactical-canvas-hoodie-with-face-covering,9225686352099,0,1,https://cdn.shopify.com/s/files/1/0788/2358/8067/files/tactical-canvas-unisex-hoodie-with-sun-protective-face-covering-pullover-8143115.png?v=1777788606,tactical-canvas-hoodie-with-face-covering-cutout.png
tactical-canvas-hoodie-with-face-covering,9225686352099,1,0,https://cdn.shopify.com/s/files/1/0788/2358/8067/files/all-over-print-womens-hooded-face-cover-sun-protection-tshirt-6670532.jpg?v=1776481546,tactical-canvas-hoodie-with-face-covering-cutout.png
tactical-canvas-hoodie-with-face-covering,9225686352099,2,0,https://cdn.shopify.com/s/files/1/0788/2358/8067/files/tactical-canvas-unisex-hoodie-with-sun-protective-face-covering-pullover-7724190.png?v=1776534070,tactical-canvas-hoodie-with-face-covering-cutout.png
tactical-canvas-hoodie-with-face-covering,9225686352099,3,0,https://cdn.shopify.com/s/files/1/0788/2358/8067/files/all-over-print-womens-hooded-face-cover-sun-protection-tshirt-5286336.jpg?v=1776481546,tactical-canvas-hoodie-with-face-covering-cutout.png
tactical-canvas-hoodie-with-face-covering,9225686352099,4,0,https://cdn.shopify.com/s/files/1/0788/2358/8067/files/all-over-print-womens-hooded-face-cover-sun-protection-tshirt-2887436.jpg?v=1776481546,tactical-canvas-hoodie-with-face-covering-cutout.png
tactical-canvas-hoodie-with-face-covering,9225686352099,5,0,https://cdn.shopify.com/s/files/1/0788/2358/8067/files/all-over-print-womens-hooded-face-cover-sun-protection-tshirt-5287951.jpg?v=1776481546,tactical-canvas-hoodie-with-face-covering-cutout.png
tactical-canvas-hoodie-with-face-covering,9225686352099,6,0,https://cdn.shopify.com/s/files/1/0788/2358/8067/files/all-over-print-womens-hooded-face-cover-sun-protection-tshirt-4275963.jpg?v=1776481546,tactical-canvas-hoodie-with-face-covering-cutout.png
tactician-camo-joggers,9219066822883,0,1,https://cdn.shopify.com/s/files/1/0788/2358/8067/files/2965286_0_3d_7d8c0d21-0241-4f9f-9822-043eee1096cd.png?v=1776080527,tactician-camo-joggers-cutout.png
tactician-camo-joggers,9219066822883,1,0,https://cdn.shopify.com/s/files/1/0788/2358/8067/files/2965286_0_3d_8532ae5f-d8e6-48f4-b5f4-ff6ce7198846.png?v=1776080528,tactician-camo-joggers-cutout.png
tactician-camo-joggers,9219066822883,2,0,https://cdn.shopify.com/s/files/1/0788/2358/8067/files/2965286_0_3d.png?v=1776080527,tactician-camo-joggers-cutout.png
tactician-camo-joggers,9219066822883,3,0,https://cdn.shopify.com/s/files/1/0788/2358/8067/files/2965286_0_3d.jpg?v=1776080527,tactician-camo-joggers-cutout.png
tactician-camo-joggers,9219066822883,4,0,https://cdn.shopify.com/s/files/1/0788/2358/8067/files/2965286_1_3d.jpg?v=1776080527,tactician-camo-joggers-cutout.png
tactician-camo-joggers,9219066822883,5,0,https://cdn.shopify.com/s/files/1/0788/2358/8067/files/2965286_2_3d.jpg?v=1776080526,tactician-camo-joggers-cutout.png
tactician-camo-joggers,9219066822883,6,0,https://cdn.shopify.com/s/files/1/0788/2358/8067/files/2965286_3_3d.jpg?v=1776080526,tactician-camo-joggers-cutout.png
tactician-camo-joggers,9219066822883,7,0,https://cdn.shopify.com/s/files/1/0788/2358/8067/files/2965286_4_3d.jpg?v=1776080526,tactician-camo-joggers-cutout.png
tag-bomb-aop-cargo-pants-mens,9175876206819,0,1,https://cdn.shopify.com/s/files/1/0788/2358/8067/files/graffiti-aop-cargo-pants-for-urban-explorers-abstract-splatter-utility-trousers-cybercore-streetwear-bottoms-festival-rave-pants-9170446.png?v=1782724508,tag-bomb-aop-cargo-pants-mens-cutout.png
tag-bomb-aop-cargo-pants-mens,9175876206819,1,0,https://cdn.shopify.com/s/files/1/0788/2358/8067/files/6ed07c03-il_fullxfull.7752536175_am95.jpg?v=1774790769,tag-bomb-aop-cargo-pants-mens-cutout.png
tag-bomb-aop-cargo-pants-mens,9175876206819,2,0,https://cdn.shopify.com/s/files/1/0788/2358/8067/files/e7d00cb7-il_fullxfull.7704592676_crtn.jpg?v=1774790769,tag-bomb-aop-cargo-pants-mens-cutout.png
tag-bomb-aop-cargo-pants-mens,9175876206819,3,0,https://cdn.shopify.com/s/files/1/0788/2358/8067/files/c7476a50-il_fullxfull.7704592860_g9fv.jpg?v=1774790769,tag-bomb-aop-cargo-pants-mens-cutout.png
tag-bomb-aop-cargo-pants-mens,9175876206819,4,0,https://cdn.shopify.com/s/files/1/0788/2358/8067/files/d7e500f3-il_fullxfull.7704592866_d7lb.jpg?v=1774790769,tag-bomb-aop-cargo-pants-mens-cutout.png
tag-bomb-aop-cargo-pants-mens,9175876206819,5,0,https://cdn.shopify.com/s/files/1/0788/2358/8067/files/988913cb-il_fullxfull.7752532043_5zlg.jpg?v=1774790769,tag-bomb-aop-cargo-pants-mens-cutout.png
tag-bomb-aop-cargo-pants-mens,9175876206819,6,0,https://cdn.shopify.com/s/files/1/0788/2358/8067/files/60d8d327-il_fullxfull.7739783655_33cn.jpg?v=1774790769,tag-bomb-aop-cargo-pants-mens-cutout.png
tag-bomb-aop-cargo-pants-mens,9175876206819,7,0,https://cdn.shopify.com/s/files/1/0788/2358/8067/files/0b316302-il_fullxfull.7691839382_pait.jpg?v=1774790769,tag-bomb-aop-cargo-pants-mens-cutout.png
tag-bomb-graffiti-fleece-lined-bathrobe,9175874928867,0,1,https://cdn.shopify.com/s/files/1/0788/2358/8067/files/graffiti-tag-aop-fleece-lined-bathrobe-for-maximalist-loungewear-collectors-plush-all-over-print-unisex-robe-colorful-street-art-home-spa-statement-3633138.png?v=1782724508,tag-bomb-graffiti-fleece-lined-bathrobe-cutout.png
tag-bomb-graffiti-fleece-lined-bathrobe,9175874928867,1,0,https://cdn.shopify.com/s/files/1/0788/2358/8067/files/d731cd05-il_fullxfull.7691834552_fkwj.jpg?v=1774790892,tag-bomb-graffiti-fleece-lined-bathrobe-cutout.png
tag-bomb-graffiti-fleece-lined-bathrobe,9175874928867,2,0,https://cdn.shopify.com/s/files/1/0788/2358/8067/files/cd28452b-il_fullxfull.7739778727_iwsi.jpg?v=1774790891,tag-bomb-graffiti-fleece-lined-bathrobe-cutout.png
tag-bomb-wallet,9231810953443,0,1,https://cdn.shopify.com/s/files/1/0788/2358/8067/files/sign-here-graffiti-tag-foldable-wallet-premium-streetsmart-accessory-1909733.png?v=1776796690,tag-bomb-wallet-cutout.png
tag-bomb-wallet,9231810953443,1,0,https://cdn.shopify.com/s/files/1/0788/2358/8067/files/foldable-wallet-8335636.jpg?v=1776746632,tag-bomb-wallet-cutout.png
tag-bomb-wallet,9231810953443,2,0,https://cdn.shopify.com/s/files/1/0788/2358/8067/files/foldable-wallet-1225197.jpg?v=1776746632,tag-bomb-wallet-cutout.png
tag-bomb-wallet,9231810953443,3,0,https://cdn.shopify.com/s/files/1/0788/2358/8067/files/foldable-wallet-4597505.jpg?v=1776746632,tag-bomb-wallet-cutout.png
tag-bomb-wallet,9231810953443,4,0,https://cdn.shopify.com/s/files/1/0788/2358/8067/files/foldable-wallet-4881530.jpg?v=1776746632,tag-bomb-wallet-cutout.png
tag-bomb-wallet,9231810953443,5,0,https://cdn.shopify.com/s/files/1/0788/2358/8067/files/foldable-wallet-1893394.jpg?v=1776746632,tag-bomb-wallet-cutout.png
tag-bomb-wallet,9231810953443,6,0,https://cdn.shopify.com/s/files/1/0788/2358/8067/files/foldable-wallet-4159179.png?v=1776746632,tag-bomb-wallet-cutout.png
tag-collage-aop-knit-beanie,9199418441955,0,1,https://cdn.shopify.com/s/files/1/0788/2358/8067/files/tag-collage-aop-knit-beanie-all-over-print-one-size-5735997.png?v=1777788667,tag-collage-aop-knit-beanie-cutout.png
tag-collage-aop-knit-beanie,9199418441955,1,0,https://cdn.shopify.com/s/files/1/0788/2358/8067/files/1ab7e4751bd0418bec26b1ddadd10d32.jpg?v=1774456236,tag-collage-aop-knit-beanie-cutout.png
tag-collage-aop-knit-beanie,9199418441955,2,0,https://cdn.shopify.com/s/files/1/0788/2358/8067/files/225e4935cdc00046b9f838b687ce1e12.jpg?v=1774456236,tag-collage-aop-knit-beanie-cutout.png
tag-collage-aop-knit-beanie,9199418441955,3,0,https://cdn.shopify.com/s/files/1/0788/2358/8067/files/985b9781d3cf8d5137f4ab65b5d44597.jpg?v=1774456236,tag-collage-aop-knit-beanie-cutout.png
tag-collage-aop-knit-beanie,9199418441955,4,0,https://cdn.shopify.com/s/files/1/0788/2358/8067/files/8ec1a4afb8f5251c43858e01eb816344.jpg?v=1774456236,tag-collage-aop-knit-beanie-cutout.png
tag-collage-aop-knit-beanie,9199418441955,5,0,https://cdn.shopify.com/s/files/1/0788/2358/8067/files/0bf3317957f732c39a70d59adca5a94a.jpg?v=1774456236,tag-collage-aop-knit-beanie-cutout.png
tag-collage-aop-knit-beanie,9199418441955,6,0,https://cdn.shopify.com/s/files/1/0788/2358/8067/files/6457a10fd06a404c52a16887c7617c90.jpg?v=1774456237,tag-collage-aop-knit-beanie-cutout.png
tag-collage-aop-knit-beanie,9199418441955,7,0,https://cdn.shopify.com/s/files/1/0788/2358/8067/files/160b23a09d17bb1f916718040cab89af.jpg?v=1774455823,tag-collage-aop-knit-beanie-cutout.png
tag-collage-aop-knit-beanie,9199418441955,8,0,https://cdn.shopify.com/s/files/1/0788/2358/8067/files/8874568748f3bb926f65075945c88748.jpg?v=1774455823,tag-collage-aop-knit-beanie-cutout.png
tag-collage-aop-knit-beanie,9199418441955,9,0,https://cdn.shopify.com/s/files/1/0788/2358/8067/files/7011cb1cefe7f36c258d5ec87cc446a4.jpg?v=1774455823,tag-collage-aop-knit-beanie-cutout.png
tag-collage-aop-knit-beanie,9199418441955,10,0,https://cdn.shopify.com/s/files/1/0788/2358/8067/files/db5f1d20c2222d846d3673a55e372fc8.jpg?v=1774455823,tag-collage-aop-knit-beanie-cutout.png
tag-panel-kimono-robe,9175874896099,0,1,https://cdn.shopify.com/s/files/1/0788/2358/8067/files/graffiti-tag-kimono-robe-neon-street-art-aop-fur-lined-duster-9014889.png?v=1782724508,tag-panel-kimono-robe-cutout.png
tag-panel-kimono-robe,9175874896099,1,0,https://cdn.shopify.com/s/files/1/0788/2358/8067/files/6f443f51-il_fullxfull.7691840294_al2i.jpg?v=1774791005,tag-panel-kimono-robe-cutout.png
tag-panel-kimono-robe,9175874896099,2,0,https://cdn.shopify.com/s/files/1/0788/2358/8067/files/433230e8-il_fullxfull.7691840248_4nt8.jpg?v=1774791005,tag-panel-kimono-robe-cutout.png
tag-panel-kimono-robe,9175874896099,3,0,https://cdn.shopify.com/s/files/1/0788/2358/8067/files/fbcbda78-il_fullxfull.7739784581_2inx.jpg?v=1774791005,tag-panel-kimono-robe-cutout.png
tag-panel-kimono-robe,9175874896099,4,0,https://cdn.shopify.com/s/files/1/0788/2358/8067/files/dbf0aeee-il_fullxfull.7739784539_7n52.jpg?v=1774791005,tag-panel-kimono-robe-cutout.png
tag-riot-aop-cooler-bag,9175876829411,0,1,https://cdn.shopify.com/s/files/1/0788/2358/8067/files/fef9d2a5-il_fullxfull.7685062626_508v.jpg?v=1774455833,tag-riot-aop-cooler-bag-cutout.png
tag-riot-aop-cooler-bag,9175876829411,1,0,https://cdn.shopify.com/s/files/1/0788/2358/8067/files/8a7eb123-il_fullxfull.7685062650_4jy1.jpg?v=1774455833,tag-riot-aop-cooler-bag-cutout.png
tag-riot-aop-cooler-bag,9175876829411,2,0,https://cdn.shopify.com/s/files/1/0788/2358/8067/files/7fc1fa57-il_fullxfull.7685062664_nx4i.jpg?v=1774455833,tag-riot-aop-cooler-bag-cutout.png
tag-riot-aop-cooler-bag,9175876829411,3,0,https://cdn.shopify.com/s/files/1/0788/2358/8067/files/40631b3d-il_fullxfull.7733007091_pqna.jpg?v=1774455833,tag-riot-aop-cooler-bag-cutout.png
tag-riot-aop-cooler-bag,9175876829411,4,0,https://cdn.shopify.com/s/files/1/0788/2358/8067/files/51ef8944-il_fullxfull.7733007117_3t34.jpg?v=1774455833,tag-riot-aop-cooler-bag-cutout.png
tag-riot-aop-cooler-bag,9175876829411,5,0,https://cdn.shopify.com/s/files/1/0788/2358/8067/files/6c061b7e-il_fullxfull.7733007143_ii36.jpg?v=1774455833,tag-riot-aop-cooler-bag-cutout.png
tag-riot-aop-cooler-bag,9175876829411,6,0,https://cdn.shopify.com/s/files/1/0788/2358/8067/files/1484e534-il_fullxfull.7685062736_sbgj.jpg?v=1774455833,tag-riot-aop-cooler-bag-cutout.png
tag-riot-aop-cooler-bag,9175876829411,7,0,https://cdn.shopify.com/s/files/1/0788/2358/8067/files/bfde5cc5-il_fullxfull.7733007171_npc2.jpg?v=1774455833,tag-riot-aop-cooler-bag-cutout.png
tag-stack-riot-lounge-pants,9175875387619,0,1,https://cdn.shopify.com/s/files/1/0788/2358/8067/files/aop-unisex-heavyweight-cotton-lounge-pants-310gsm-all-over-print-streetwear-bottoms-for-festival-lounge-everyday-maximalism-1834254.png?v=1782724508,tag-stack-riot-lounge-pants-cutout.png
tag-stack-riot-lounge-pants,9175875387619,1,0,https://cdn.shopify.com/s/files/1/0788/2358/8067/files/f2ad6593-il_fullxfull.7691840340_96ha.jpg?v=1774790957,tag-stack-riot-lounge-pants-cutout.png
tag-stack-riot-lounge-pants,9175875387619,2,0,https://cdn.shopify.com/s/files/1/0788/2358/8067/files/a6130a90-il_fullxfull.7739784667_bg80.jpg?v=1774790957,tag-stack-riot-lounge-pants-cutout.png
tag-stack-riot-lounge-pants,9175875387619,3,0,https://cdn.shopify.com/s/files/1/0788/2358/8067/files/6ae7090f-il_fullxfull.7739784619_nlhh.jpg?v=1774790957,tag-stack-riot-lounge-pants-cutout.png
tag-stack-riot-lounge-pants,9175875387619,4,0,https://cdn.shopify.com/s/files/1/0788/2358/8067/files/bd12b8d3-il_fullxfull.7691840220_dvhj.jpg?v=1774790957,tag-stack-riot-lounge-pants-cutout.png
tag-wall-aop-tee,9261117898979,0,1,https://cdn.shopify.com/s/files/1/0788/2358/8067/files/graffiti-aop-urban-street-art-tee-for-city-culture-dressers-bold-all-over-print-graphic-t-shirt-hip-hop-skate-statement-festival-music-concert-top-1722813.jpg?v=1782724211,tag-wall-aop-tee-cutout.png
tag-wall-aop-tee,9261117898979,1,0,https://cdn.shopify.com/s/files/1/0788/2358/8067/files/graffiti-aop-urban-street-art-tee-for-city-culture-dressers-bold-all-over-print-graphic-t-shirt-hip-hop-skate-statement-festival-music-concert-top-6902919.jpg?v=1782724210,tag-wall-aop-tee-cutout.png
tag-wall-aop-tee,9261117898979,2,0,https://cdn.shopify.com/s/files/1/0788/2358/8067/files/graffiti-aop-urban-street-art-tee-for-city-culture-dressers-bold-all-over-print-graphic-t-shirt-hip-hop-skate-statement-festival-music-concert-top-9351966.jpg?v=1782724210,tag-wall-aop-tee-cutout.png
tag-wall-bomber-jacket,9184105824483,0,1,https://cdn.shopify.com/s/files/1/0788/2358/8067/files/graffiti-mashup-aop-bomber-jacket-white-street-tag-collage-statement-outerwear-for-urban-art-collectors-7555947.png?v=1782724388,tag-wall-bomber-jacket-cutout.png
tag-wall-bomber-jacket,9184105824483,1,0,https://cdn.shopify.com/s/files/1/0788/2358/8067/files/graffiti-mashup-aop-bomber-jacket-white-street-tag-collage-statement-outerwear-for-urban-art-collectors-3086717.png?v=1782724388,tag-wall-bomber-jacket-cutout.png
tag-wall-bomber-jacket,9184105824483,2,0,https://cdn.shopify.com/s/files/1/0788/2358/8067/files/all-over-print-unisex-bomber-jacket-white-front-69b6dce6e221f.jpg?v=1774456287,tag-wall-bomber-jacket-cutout.png
tag-wall-bomber-jacket,9184105824483,3,0,https://cdn.shopify.com/s/files/1/0788/2358/8067/files/all-over-print-unisex-bomber-jacket-white-back-69b6dce6e410d.jpg?v=1774456287,tag-wall-bomber-jacket-cutout.png
tag-wall-bomber-jacket,9184105824483,4,0,https://cdn.shopify.com/s/files/1/0788/2358/8067/files/all-over-print-unisex-bomber-jacket-white-left-front-69b6dce6e4ec0.jpg?v=1774456287,tag-wall-bomber-jacket-cutout.png
tag-wall-bomber-jacket,9184105824483,5,0,https://cdn.shopify.com/s/files/1/0788/2358/8067/files/all-over-print-unisex-bomber-jacket-white-right-back-69b6dce6e5c60.jpg?v=1774456287,tag-wall-bomber-jacket-cutout.png
tag-wall-flannel-throw-30x40,9188097425635,0,1,https://cdn.shopify.com/s/files/1/0788/2358/8067/files/351f74080f07ed6f15185a9e0d05f58e.jpg?v=1774456379,tag-wall-flannel-throw-30x40-cutout.png
tag-wall-flannel-throw-30x40,9188097425635,1,0,https://cdn.shopify.com/s/files/1/0788/2358/8067/files/7c50a78481beb14d9f8af2e4c9a39278.jpg?v=1774456379,tag-wall-flannel-throw-30x40-cutout.png
tag-wall-flannel-throw-30x40,9188097425635,2,0,https://cdn.shopify.com/s/files/1/0788/2358/8067/files/29da98f84f168c4b0701d3334c2ec3ea.jpg?v=1774456394,tag-wall-flannel-throw-30x40-cutout.png
tag-wall-flannel-throw-30x40,9188097425635,3,0,https://cdn.shopify.com/s/files/1/0788/2358/8067/files/dc76c203df0b1a641a4dcef5cccfe4b4.jpg?v=1774456379,tag-wall-flannel-throw-30x40-cutout.png
tag-wall-flannel-throw-30x40,9188097425635,4,0,https://cdn.shopify.com/s/files/1/0788/2358/8067/files/ac1190a55a2dd8491ec984e6bbae944a.jpg?v=1774456379,tag-wall-flannel-throw-30x40-cutout.png
tag-wall-flannel-throw-30x40,9188097425635,5,0,https://cdn.shopify.com/s/files/1/0788/2358/8067/files/b76410f89672d44ac4cbf5d38aa42a5c.jpg?v=1774456379,tag-wall-flannel-throw-30x40-cutout.png
tag-wall-flannel-throw-30x40,9188097425635,6,0,https://cdn.shopify.com/s/files/1/0788/2358/8067/files/76595002c308140c8e44b37dc82760e1.jpg?v=1774456379,tag-wall-flannel-throw-30x40-cutout.png
tag-wall-flannel-throw-30x40,9188097425635,7,0,https://cdn.shopify.com/s/files/1/0788/2358/8067/files/ac1dee06fbf450039b470fdab26db44a_47539c48-6d12-4c86-af20-c1a88185b282.jpg?v=1774456379,tag-wall-flannel-throw-30x40-cutout.png
tag-wall-fleece-lined-jacket,9188095852771,0,1,https://cdn.shopify.com/s/files/1/0788/2358/8067/files/Screenshot_2026-03-17_at_06.07.12.png?v=1774790225,tag-wall-fleece-lined-jacket-cutout.png
tag-wall-fleece-lined-jacket,9188095852771,1,0,https://cdn.shopify.com/s/files/1/0788/2358/8067/files/Model_wearing_clothing_article_57e9b55eaf.jpg?v=1774790166,tag-wall-fleece-lined-jacket-cutout.png
tag-wall-fleece-lined-jacket,9188095852771,2,0,https://cdn.shopify.com/s/files/1/0788/2358/8067/files/5c7ee3a38ecf791c6016993a45b61e2c.jpg?v=1774456320,tag-wall-fleece-lined-jacket-cutout.png
tag-wall-fleece-lined-jacket,9188095852771,3,0,https://cdn.shopify.com/s/files/1/0788/2358/8067/files/12eaba57f12aa0c0c81c2194d7aa0321_96109620-5476-4ef1-a2c4-67cd2bcf75ed.jpg?v=1774456320,tag-wall-fleece-lined-jacket-cutout.png
tag-wall-fleece-lined-jacket,9188095852771,4,0,https://cdn.shopify.com/s/files/1/0788/2358/8067/files/Screenshot_2026-03-17_at_06.19.45.png?v=1774790165,tag-wall-fleece-lined-jacket-cutout.png
tag-wall-fleece-lined-jacket,9188095852771,5,0,https://cdn.shopify.com/s/files/1/0788/2358/8067/files/Screenshot_2026-03-17_at_06.19.18.png?v=1774790165,tag-wall-fleece-lined-jacket-cutout.png
tag-wall-fleece-lined-jacket,9188095852771,6,0,https://cdn.shopify.com/s/files/1/0788/2358/8067/files/Screenshot_2026-03-17_at_06.18.58.png?v=1774790166,tag-wall-fleece-lined-jacket-cutout.png
tag-wall-fleece-lined-jacket,9188095852771,7,0,https://cdn.shopify.com/s/files/1/0788/2358/8067/files/Model_wearing_clothing_article_73e1089518.jpg?v=1774790165,tag-wall-fleece-lined-jacket-cutout.png
tag-wall-fleece-lined-jacket,9188095852771,8,0,https://cdn.shopify.com/s/files/1/0788/2358/8067/files/Hyperrealistic_8k_cinematic_studio_photography_sub_36830ec624.jpg?v=1774790165,tag-wall-fleece-lined-jacket-cutout.png
tag-wall-fleece-lined-jacket,9188095852771,9,0,https://cdn.shopify.com/s/files/1/0788/2358/8067/files/Screenshot_2026-03-17_at_06.01.10.png?v=1774790165,tag-wall-fleece-lined-jacket-cutout.png
tag-wall-fleece-lined-jacket,9188095852771,10,0,https://cdn.shopify.com/s/files/1/0788/2358/8067/files/Hyperrealistic_8k_cinematic_studio_photography_sub_14dc7fb6d1.jpg?v=1774790166,tag-wall-fleece-lined-jacket-cutout.png
tag-wall-kids-hoodie,9188174102755,0,1,https://cdn.shopify.com/s/files/1/0788/2358/8067/files/230gsm-childrens-hooded-sweatshirt-without-drawstringsall-over-printing-3582684.png?v=1778285948,tag-wall-kids-hoodie-cutout.png
tag-wall-kids-hoodie,9188174102755,1,0,https://cdn.shopify.com/s/files/1/0788/2358/8067/files/8365f48ddccda7599256cc5a0e101be6.jpg?v=1774456330,tag-wall-kids-hoodie-cutout.png
tag-wall-kids-hoodie,9188174102755,2,0,https://cdn.shopify.com/s/files/1/0788/2358/8067/files/7fbcdca777d25c6352b333c7bc066e96.jpg?v=1774456330,tag-wall-kids-hoodie-cutout.png
tag-wall-kids-hoodie,9188174102755,3,0,https://cdn.shopify.com/s/files/1/0788/2358/8067/files/0a87d4bc5d5b8f114e6e5037a4a39211.jpg?v=1774456330,tag-wall-kids-hoodie-cutout.png
tag-wall-kids-hoodie,9188174102755,4,0,https://cdn.shopify.com/s/files/1/0788/2358/8067/files/4b02aca89ea8769b87aaf3a441437ddc.jpg?v=1774456330,tag-wall-kids-hoodie-cutout.png
tag-wall-kids-hoodie,9188174102755,5,0,https://cdn.shopify.com/s/files/1/0788/2358/8067/files/8c6501e40c3b10d667ffb7bed65d0382.jpg?v=1774456330,tag-wall-kids-hoodie-cutout.png
tag-wall-kids-hoodie,9188174102755,6,0,https://cdn.shopify.com/s/files/1/0788/2358/8067/files/479fc2175e5768379d7f3cbf8a375e32.jpg?v=1774456330,tag-wall-kids-hoodie-cutout.png
tag-wall-kids-hoodie,9188174102755,7,0,https://cdn.shopify.com/s/files/1/0788/2358/8067/files/f0563abd3ac7c466ddeb52fc10dfe5be.jpg?v=1774456330,tag-wall-kids-hoodie-cutout.png
tag-wall-kids-hoodie,9188174102755,8,0,https://cdn.shopify.com/s/files/1/0788/2358/8067/files/7d08ae81c338f2de3e2a0ac72925fe2c.jpg?v=1774456330,tag-wall-kids-hoodie-cutout.png
tag-wall-kids-hoodie,9188174102755,9,0,https://cdn.shopify.com/s/files/1/0788/2358/8067/files/36f48df205dc8d6f73c31abff87b75b1.jpg?v=1774456330,tag-wall-kids-hoodie-cutout.png
tag-wall-lace-up-tank,9175875354851,0,1,https://cdn.shopify.com/s/files/1/0788/2358/8067/files/maximalist-aop-mens-drawstring-tank-top-cotton-blend-sleeveless-with-adjustable-hem-festival-gym-summer-streetwear-statement-s-3xl-1158363.png?v=1782724508,tag-wall-lace-up-tank-cutout.png
tag-wall-lace-up-tank,9175875354851,1,0,https://cdn.shopify.com/s/files/1/0788/2358/8067/files/62197c7c-il_fullxfull.7739773133_aqxg.jpg?v=1774790945,tag-wall-lace-up-tank-cutout.png
tag-wall-lace-up-tank,9175875354851,2,0,https://cdn.shopify.com/s/files/1/0788/2358/8067/files/cfd07942-il_fullxfull.7691829098_2g4r.jpg?v=1774790945,tag-wall-lace-up-tank-cutout.png
tag-wall-lace-up-tank,9175875354851,3,0,https://cdn.shopify.com/s/files/1/0788/2358/8067/files/60aea218-il_fullxfull.7691829032_60jx.jpg?v=1774790945,tag-wall-lace-up-tank-cutout.png
tag-wall-lantern-pants,9175876272355,0,1,https://cdn.shopify.com/s/files/1/0788/2358/8067/files/maximalist-aop-unisex-lantern-pants-carrot-cut-tapered-trousers-with-elastic-waist-festival-floaty-summer-statement-streetwear-bottoms-xs-3xl-6055784.png?v=1782724507,tag-wall-lantern-pants-cutout.png
tag-wall-lantern-pants,9175876272355,1,0,https://cdn.shopify.com/s/files/1/0788/2358/8067/files/f3632719-il_fullxfull.7704496710_6zp2.jpg?v=1774790952,tag-wall-lantern-pants-cutout.png
tag-wall-lantern-pants,9175876272355,2,0,https://cdn.shopify.com/s/files/1/0788/2358/8067/files/f79d2963-il_fullxfull.7739783957_12c0.jpg?v=1774790953,tag-wall-lantern-pants-cutout.png
tag-wall-lantern-pants,9175876272355,3,0,https://cdn.shopify.com/s/files/1/0788/2358/8067/files/4227c19a-il_fullxfull.7739783909_w2el.jpg?v=1774790952,tag-wall-lantern-pants-cutout.png
tag-wall-lantern-pants,9175876272355,4,0,https://cdn.shopify.com/s/files/1/0788/2358/8067/files/fe273083-il_fullxfull.7691839604_thxf.jpg?v=1774790952,tag-wall-lantern-pants-cutout.png
tag-wall-lantern-pants,9175876272355,5,0,https://cdn.shopify.com/s/files/1/0788/2358/8067/files/9e435d03-il_fullxfull.7739783827_7spr.jpg?v=1774790952,tag-wall-lantern-pants-cutout.png
tag-wall-lantern-pants,9175876272355,6,0,https://cdn.shopify.com/s/files/1/0788/2358/8067/files/575cc339-il_fullxfull.7691839440_rgc6.jpg?v=1774790952,tag-wall-lantern-pants-cutout.png
tag-wall-lantern-pants,9175876272355,7,0,https://cdn.shopify.com/s/files/1/0788/2358/8067/files/79dbbf58-il_fullxfull.7739783625_7dkh.jpg?v=1774790952,tag-wall-lantern-pants-cutout.png
tag-wall-lantern-pants,9175876272355,8,0,https://cdn.shopify.com/s/files/1/0788/2358/8067/files/5166dbde-il_fullxfull.7691839372_t86q.jpg?v=1774790952,tag-wall-lantern-pants-cutout.png
tag-wall-leather-wallet,9185451049187,0,1,https://cdn.shopify.com/s/files/1/0788/2358/8067/files/graffiti-tag-wall-leather-wallet-for-streetwear-collectors-urban-spray-paint-aop-bifold-handmade-to-order-7879349.jpg?v=1782724392,tag-wall-leather-wallet-cutout.png
tag-wall-leather-wallet,9185451049187,1,0,https://cdn.shopify.com/s/files/1/0788/2358/8067/files/graffiti-tag-wall-leather-wallet-for-streetwear-collectors-urban-spray-paint-aop-bifold-handmade-to-order-8933473.jpg?v=1782724391,tag-wall-leather-wallet-cutout.png
tag-wall-leather-wallet,9185451049187,2,0,https://cdn.shopify.com/s/files/1/0788/2358/8067/files/graffiti-tag-wall-leather-wallet-for-streetwear-collectors-urban-spray-paint-aop-bifold-handmade-to-order-5262867.jpg?v=1782724391,tag-wall-leather-wallet-cutout.png
tag-wall-leather-wallet,9185451049187,3,0,https://cdn.shopify.com/s/files/1/0788/2358/8067/files/graffiti-tag-wall-leather-wallet-for-streetwear-collectors-urban-spray-paint-aop-bifold-handmade-to-order-2199762.jpg?v=1782724391,tag-wall-leather-wallet-cutout.png
tag-wall-leather-wallet,9185451049187,4,0,https://cdn.shopify.com/s/files/1/0788/2358/8067/files/graffiti-tag-wall-leather-wallet-for-streetwear-collectors-urban-spray-paint-aop-bifold-handmade-to-order-1528527.jpg?v=1782724392,tag-wall-leather-wallet-cutout.png
tag-wall-leather-wallet,9185451049187,5,0,https://cdn.shopify.com/s/files/1/0788/2358/8067/files/2943718_0_3d.jpg?v=1774790585,tag-wall-leather-wallet-cutout.png
tag-wall-leather-wallet,9185451049187,6,0,https://cdn.shopify.com/s/files/1/0788/2358/8067/files/2943718_1_3d.jpg?v=1774790584,tag-wall-leather-wallet-cutout.png
tag-wall-tablecloth,9188096147683,0,1,https://cdn.shopify.com/s/files/1/0788/2358/8067/files/3dd89972c4b270094890cc89f2e75385.jpg?v=1774456336,tag-wall-tablecloth-cutout.png
tag-wall-tablecloth,9188096147683,1,0,https://cdn.shopify.com/s/files/1/0788/2358/8067/files/3c8a6dedc2c19fb2b7cd837ca633de20.jpg?v=1774456336,tag-wall-tablecloth-cutout.png
tag-wall-tablecloth,9188096147683,2,0,https://cdn.shopify.com/s/files/1/0788/2358/8067/files/668114bef7e1e63b088af1a181de0aa6.jpg?v=1774456336,tag-wall-tablecloth-cutout.png
tag-wall-tablecloth,9188096147683,3,0,https://cdn.shopify.com/s/files/1/0788/2358/8067/files/e0836f326b634a4458e0997c580de557.jpg?v=1774456336,tag-wall-tablecloth-cutout.png
tag-wall-tablecloth,9188096147683,4,0,https://cdn.shopify.com/s/files/1/0788/2358/8067/files/cddc12876806c4da0fdeb3afd4bf5d2b.jpg?v=1774456336,tag-wall-tablecloth-cutout.png
tag-wall-tablecloth,9188096147683,5,0,https://cdn.shopify.com/s/files/1/0788/2358/8067/files/eca18cfccd30190bec7775f5331c0b35.jpg?v=1774456336,tag-wall-tablecloth-cutout.png
tag-wall-tablecloth,9188096147683,6,0,https://cdn.shopify.com/s/files/1/0788/2358/8067/files/8326ff959aaddf8217bb45e8d784cef8.jpg?v=1774456336,tag-wall-tablecloth-cutout.png
tangerine-doodle-confetti-hoodie,9231538847971,0,1,https://cdn.shopify.com/s/files/1/0788/2358/8067/files/all-over-print-unisex-pullover-hoodie-310gsm-cotton-1209003.png?v=1776796692,tangerine-doodle-confetti-hoodie-cutout.png
tangerine-doodle-confetti-hoodie,9231538847971,1,0,https://cdn.shopify.com/s/files/1/0788/2358/8067/files/all-over-print-unisex-pullover-hoodie-310gsm-cotton-4881125.jpg?v=1776745929,tangerine-doodle-confetti-hoodie-cutout.png
tangerine-doodle-confetti-hoodie,9231538847971,2,0,https://cdn.shopify.com/s/files/1/0788/2358/8067/files/all-over-print-unisex-pullover-hoodie-310gsm-cotton-2422317.jpg?v=1776745929,tangerine-doodle-confetti-hoodie-cutout.png
tangerine-doodle-confetti-hoodie,9231538847971,3,0,https://cdn.shopify.com/s/files/1/0788/2358/8067/files/all-over-print-unisex-pullover-hoodie-310gsm-cotton-9935434.jpg?v=1776745929,tangerine-doodle-confetti-hoodie-cutout.png
tangerine-doodle-confetti-hoodie,9231538847971,4,0,https://cdn.shopify.com/s/files/1/0788/2358/8067/files/all-over-print-unisex-pullover-hoodie-310gsm-cotton-6447930.jpg?v=1776745929,tangerine-doodle-confetti-hoodie-cutout.png
tangerine-doodle-confetti-hoodie,9231538847971,5,0,https://cdn.shopify.com/s/files/1/0788/2358/8067/files/all-over-print-unisex-pullover-hoodie-310gsm-cotton-5671159.jpg?v=1776745929,tangerine-doodle-confetti-hoodie-cutout.png
tangerine-doodle-confetti-hoodie,9231538847971,6,0,https://cdn.shopify.com/s/files/1/0788/2358/8067/files/all-over-print-unisex-pullover-hoodie-310gsm-cotton-8589346.png?v=1776745929,tangerine-doodle-confetti-hoodie-cutout.png
teal-patchwork-collage-maxi-dress,9231811870947,0,1,https://cdn.shopify.com/s/files/1/0788/2358/8067/files/all-over-print-womens-maxi-dressplus-size-3770298.png?v=1776713887,teal-patchwork-collage-maxi-dress-cutout.png
teal-patchwork-collage-maxi-dress,9231811870947,1,0,https://cdn.shopify.com/s/files/1/0788/2358/8067/files/all-over-print-womens-maxi-dressplus-size-2206581.jpg?v=1776713683,teal-patchwork-collage-maxi-dress-cutout.png
teal-patchwork-collage-maxi-dress,9231811870947,2,0,https://cdn.shopify.com/s/files/1/0788/2358/8067/files/all-over-print-womens-maxi-dressplus-size-9988784.jpg?v=1776713683,teal-patchwork-collage-maxi-dress-cutout.png
teal-patchwork-collage-maxi-dress,9231811870947,3,0,https://cdn.shopify.com/s/files/1/0788/2358/8067/files/all-over-print-womens-maxi-dressplus-size-8970268.jpg?v=1776713683,teal-patchwork-collage-maxi-dress-cutout.png
terracotta-cobalt-textile-pattern-svg,9260746342627,0,1,https://cdn.shopify.com/s/files/1/0788/2358/8067/files/terracotta_cobalt_textile_v10.svg?v=1778522837,terracotta-cobalt-textile-pattern-svg-cutout.png
terrain-camo-aop-plush-boots-mens,9175875911907,0,1,https://cdn.shopify.com/s/files/1/0788/2358/8067/files/glitch-camo-combat-boots-for-urban-explorers-concrete-jungle-aop-martin-style-boots-plush-lined-winter-footwear-alt-fashion-mens-wearable-art-3860459.png?v=1782724567,terrain-camo-aop-plush-boots-mens-cutout.png
terrain-camo-aop-plush-boots-mens,9175875911907,1,0,https://cdn.shopify.com/s/files/1/0788/2358/8067/files/85092209-il_fullxfull.7730402358_985w.jpg?v=1774791005,terrain-camo-aop-plush-boots-mens-cutout.png
terrain-camo-aop-plush-boots-mens,9175875911907,2,0,https://cdn.shopify.com/s/files/1/0788/2358/8067/files/105118f1-il_fullxfull.7778347117_qflg.jpg?v=1774791005,terrain-camo-aop-plush-boots-mens-cutout.png
terrain-camo-aop-plush-boots-mens,9175875911907,3,0,https://cdn.shopify.com/s/files/1/0788/2358/8067/files/d64b22b2-il_fullxfull.7778347115_7mm9.jpg?v=1774791005,terrain-camo-aop-plush-boots-mens-cutout.png
terrain-camo-aop-plush-boots-mens,9175875911907,4,0,https://cdn.shopify.com/s/files/1/0788/2358/8067/files/57857f79-il_fullxfull.7730402364_uyq0.jpg?v=1774791005,terrain-camo-aop-plush-boots-mens-cutout.png
terrain-camo-aop-plush-boots-mens,9175875911907,5,0,https://cdn.shopify.com/s/files/1/0788/2358/8067/files/688b6b46-il_fullxfull.7778347101_anbp.jpg?v=1774791005,terrain-camo-aop-plush-boots-mens-cutout.png
terrain-camo-aop-plush-boots-mens,9175875911907,6,0,https://cdn.shopify.com/s/files/1/0788/2358/8067/files/a58bb898-il_fullxfull.7691833748_slhd.jpg?v=1774791005,terrain-camo-aop-plush-boots-mens-cutout.png
terrain-camo-aop-plush-boots-mens,9175875911907,7,0,https://cdn.shopify.com/s/files/1/0788/2358/8067/files/b3ffa9b7-il_fullxfull.7691833796_5tg4.jpg?v=1774791005,terrain-camo-aop-plush-boots-mens-cutout.png
terrain-camo-aop-plush-boots-mens,9175875911907,8,0,https://cdn.shopify.com/s/files/1/0788/2358/8067/files/c6142cef-il_fullxfull.7691833720_8q8z.jpg?v=1774791006,terrain-camo-aop-plush-boots-mens-cutout.png
terrain-camo-fleece-robe,9175875322083,0,1,https://cdn.shopify.com/s/files/1/0788/2358/8067/files/maximalist-bathrobe-for-loungewear-connoisseurs-geographic-aop-fleece-lined-robe-luxury-statement-loungewear-fathers-day-gift-mens-wearable-art-4199496.png?v=1782724507,terrain-camo-fleece-robe-cutout.png
terrain-camo-fleece-robe,9175875322083,1,0,https://cdn.shopify.com/s/files/1/0788/2358/8067/files/17c5eaf5-il_fullxfull.7739778777_cfx1.jpg?v=1774790951,terrain-camo-fleece-robe-cutout.png
terrain-camo-fleece-robe,9175875322083,2,0,https://cdn.shopify.com/s/files/1/0788/2358/8067/files/975d278e-il_fullxfull.7691834526_pvsd.jpg?v=1774790951,terrain-camo-fleece-robe-cutout.png
the-everything-vault-1-000-svg-bundle-for-cricut-sublimation-pod,9529033720035,0,1,https://cdn.shopify.com/s/files/1/0788/2358/8067/files/everything-vault_hero.png?v=1782587452,the-everything-vault-1-000-svg-bundle-for-cricut-sublimation-pod-cutout.png
thermal-bloom-bucket-hat,9175879385315,0,1,https://cdn.shopify.com/s/files/1/0788/2358/8067/files/db48e946-il_fullxfull.7724265229_7y5u.jpg?v=1774455860,thermal-bloom-bucket-hat-cutout.png
thermal-bloom-bucket-hat,9175879385315,1,0,https://cdn.shopify.com/s/files/1/0788/2358/8067/files/bee3ad3a-il_fullxfull.7724265519_n4il.jpg?v=1774455860,thermal-bloom-bucket-hat-cutout.png
thermal-bloom-bucket-hat,9175879385315,2,0,https://cdn.shopify.com/s/files/1/0788/2358/8067/files/edcd4338-il_fullxfull.7724265967_t9wv.jpg?v=1774455860,thermal-bloom-bucket-hat-cutout.png
thermal-bloom-bucket-hat,9175879385315,3,0,https://cdn.shopify.com/s/files/1/0788/2358/8067/files/1d11eb7f-il_fullxfull.7676319334_37k5.jpg?v=1774455860,thermal-bloom-bucket-hat-cutout.png
ticket-collage-halter-crop-top,9260393300195,0,1,https://cdn.shopify.com/s/files/1/0788/2358/8067/files/maximalist-aop-womens-halter-tie-vest-180gsm-milk-silk-adjustable-crop-top-bold-print-festival-beach-rooftop-statement-top-s-3xl-3815463.png?v=1782724160,ticket-collage-halter-crop-top-cutout.png
ticket-collage-halter-crop-top,9260393300195,1,0,https://cdn.shopify.com/s/files/1/0788/2358/8067/files/maximalist-aop-womens-halter-tie-vest-180gsm-milk-silk-adjustable-crop-top-bold-print-festival-beach-rooftop-statement-top-s-3xl-2027444.jpg?v=1782724159,ticket-collage-halter-crop-top-cutout.png
ticket-collage-halter-crop-top,9260393300195,2,0,https://cdn.shopify.com/s/files/1/0788/2358/8067/files/maximalist-aop-womens-halter-tie-vest-180gsm-milk-silk-adjustable-crop-top-bold-print-festival-beach-rooftop-statement-top-s-3xl-8156560.jpg?v=1782724160,ticket-collage-halter-crop-top-cutout.png
ticket-collage-halter-crop-top,9260393300195,3,0,https://cdn.shopify.com/s/files/1/0788/2358/8067/files/maximalist-aop-womens-halter-tie-vest-180gsm-milk-silk-adjustable-crop-top-bold-print-festival-beach-rooftop-statement-top-s-3xl-5460415.jpg?v=1782724159,ticket-collage-halter-crop-top-cutout.png
ticket-collage-halter-crop-top,9260393300195,4,0,https://cdn.shopify.com/s/files/1/0788/2358/8067/files/maximalist-aop-womens-halter-tie-vest-180gsm-milk-silk-adjustable-crop-top-bold-print-festival-beach-rooftop-statement-top-s-3xl-6959300.jpg?v=1782724159,ticket-collage-halter-crop-top-cutout.png
ticket-collage-halter-crop-top,9260393300195,5,0,https://cdn.shopify.com/s/files/1/0788/2358/8067/files/maximalist-aop-womens-halter-tie-vest-180gsm-milk-silk-adjustable-crop-top-bold-print-festival-beach-rooftop-statement-top-s-3xl-2090713.jpg?v=1782724159,ticket-collage-halter-crop-top-cutout.png
ticket-collage-halter-crop-top,9260393300195,6,0,https://cdn.shopify.com/s/files/1/0788/2358/8067/files/maximalist-aop-womens-halter-tie-vest-180gsm-milk-silk-adjustable-crop-top-bold-print-festival-beach-rooftop-statement-top-s-3xl-3263972.jpg?v=1782724158,ticket-collage-halter-crop-top-cutout.png
ticket-collage-halter-crop-top,9260393300195,7,0,https://cdn.shopify.com/s/files/1/0788/2358/8067/files/715881bfb8501f92d73a4c99775b25f9.jpg?v=1778483515,ticket-collage-halter-crop-top-cutout.png
ticket-collage-halter-crop-top,9260393300195,8,0,https://cdn.shopify.com/s/files/1/0788/2358/8067/files/cb3961713a46cffdcf5d21406d5effb1.jpg?v=1778483515,ticket-collage-halter-crop-top-cutout.png
ticket-collage-high-waist-midi-dress,9260393234659,0,1,https://cdn.shopify.com/s/files/1/0788/2358/8067/files/maximalist-aop-high-waist-midi-dress-180gsm-milk-fiber-stretch-with-flared-hem-bold-statement-dress-for-gallery-openings-rooftops-2963378.png?v=1782724156,ticket-collage-high-waist-midi-dress-cutout.png
ticket-collage-high-waist-midi-dress,9260393234659,1,0,https://cdn.shopify.com/s/files/1/0788/2358/8067/files/maximalist-aop-high-waist-midi-dress-180gsm-milk-fiber-stretch-with-flared-hem-bold-statement-dress-for-gallery-openings-rooftops-1217733.jpg?v=1782724157,ticket-collage-high-waist-midi-dress-cutout.png
ticket-collage-high-waist-midi-dress,9260393234659,2,0,https://cdn.shopify.com/s/files/1/0788/2358/8067/files/maximalist-aop-high-waist-midi-dress-180gsm-milk-fiber-stretch-with-flared-hem-bold-statement-dress-for-gallery-openings-rooftops-5719726.jpg?v=1782724156,ticket-collage-high-waist-midi-dress-cutout.png
ticket-collage-high-waist-midi-dress,9260393234659,3,0,https://cdn.shopify.com/s/files/1/0788/2358/8067/files/maximalist-aop-high-waist-midi-dress-180gsm-milk-fiber-stretch-with-flared-hem-bold-statement-dress-for-gallery-openings-rooftops-1087495.jpg?v=1782724157,ticket-collage-high-waist-midi-dress-cutout.png
ticket-collage-high-waist-midi-dress,9260393234659,4,0,https://cdn.shopify.com/s/files/1/0788/2358/8067/files/maximalist-aop-high-waist-midi-dress-180gsm-milk-fiber-stretch-with-flared-hem-bold-statement-dress-for-gallery-openings-rooftops-8558222.jpg?v=1782724156,ticket-collage-high-waist-midi-dress-cutout.png
ticket-collage-high-waist-midi-dress,9260393234659,5,0,https://cdn.shopify.com/s/files/1/0788/2358/8067/files/maximalist-aop-high-waist-midi-dress-180gsm-milk-fiber-stretch-with-flared-hem-bold-statement-dress-for-gallery-openings-rooftops-7264430.jpg?v=1782724157,ticket-collage-high-waist-midi-dress-cutout.png
ticket-collage-high-waist-midi-dress,9260393234659,6,0,https://cdn.shopify.com/s/files/1/0788/2358/8067/files/maximalist-aop-high-waist-midi-dress-180gsm-milk-fiber-stretch-with-flared-hem-bold-statement-dress-for-gallery-openings-rooftops-6913626.jpg?v=1782724156,ticket-collage-high-waist-midi-dress-cutout.png
ticket-collage-high-waist-midi-dress,9260393234659,7,0,https://cdn.shopify.com/s/files/1/0788/2358/8067/files/maximalist-aop-high-waist-midi-dress-180gsm-milk-fiber-stretch-with-flared-hem-bold-statement-dress-for-gallery-openings-rooftops-9330980.jpg?v=1782724156,ticket-collage-high-waist-midi-dress-cutout.png
ticket-collage-lounge-shorts,9260393267427,0,1,https://cdn.shopify.com/s/files/1/0788/2358/8067/files/maximalist-lounge-shorts-for-wfh-self-expressers-ticket-nation-aop-sleep-shorts-aesthetic-pajama-wear-inclusive-plus-size-loungewear-1544353.png?v=1782724215,ticket-collage-lounge-shorts-cutout.png
ticket-collage-lounge-shorts,9260393267427,1,0,https://cdn.shopify.com/s/files/1/0788/2358/8067/files/maximalist-lounge-shorts-for-wfh-self-expressers-ticket-nation-aop-sleep-shorts-aesthetic-pajama-wear-inclusive-plus-size-loungewear-6294996.jpg?v=1782724215,ticket-collage-lounge-shorts-cutout.png
ticket-collage-lounge-shorts,9260393267427,2,0,https://cdn.shopify.com/s/files/1/0788/2358/8067/files/maximalist-lounge-shorts-for-wfh-self-expressers-ticket-nation-aop-sleep-shorts-aesthetic-pajama-wear-inclusive-plus-size-loungewear-6762877.jpg?v=1782724214,ticket-collage-lounge-shorts-cutout.png
ticket-collage-lounge-shorts,9260393267427,3,0,https://cdn.shopify.com/s/files/1/0788/2358/8067/files/maximalist-lounge-shorts-for-wfh-self-expressers-ticket-nation-aop-sleep-shorts-aesthetic-pajama-wear-inclusive-plus-size-loungewear-5759702.jpg?v=1782724216,ticket-collage-lounge-shorts-cutout.png
ticket-collage-lounge-shorts,9260393267427,4,0,https://cdn.shopify.com/s/files/1/0788/2358/8067/files/maximalist-lounge-shorts-for-wfh-self-expressers-ticket-nation-aop-sleep-shorts-aesthetic-pajama-wear-inclusive-plus-size-loungewear-2422916.jpg?v=1782724214,ticket-collage-lounge-shorts-cutout.png
ticket-collage-lounge-shorts,9260393267427,5,0,https://cdn.shopify.com/s/files/1/0788/2358/8067/files/maximalist-lounge-shorts-for-wfh-self-expressers-ticket-nation-aop-sleep-shorts-aesthetic-pajama-wear-inclusive-plus-size-loungewear-4865213.jpg?v=1782724215,ticket-collage-lounge-shorts-cutout.png
ticket-collage-lounge-shorts,9260393267427,6,0,https://cdn.shopify.com/s/files/1/0788/2358/8067/files/maximalist-lounge-shorts-for-wfh-self-expressers-ticket-nation-aop-sleep-shorts-aesthetic-pajama-wear-inclusive-plus-size-loungewear-8120308.jpg?v=1782724214,ticket-collage-lounge-shorts-cutout.png
ticket-collage-lounge-shorts,9260393267427,7,0,https://cdn.shopify.com/s/files/1/0788/2358/8067/files/maximalist-lounge-shorts-for-wfh-self-expressers-ticket-nation-aop-sleep-shorts-aesthetic-pajama-wear-inclusive-plus-size-loungewear-1537740.jpg?v=1782724215,ticket-collage-lounge-shorts-cutout.png
ticket-collage-slip-on-sneakers,9260393103587,0,1,https://cdn.shopify.com/s/files/1/0788/2358/8067/files/maximalist-slip-on-shoes-for-art-first-dressers-multipass-aop-canvas-sneakers-wearable-art-footwear-unisex-statement-shoes-streetwear-slip-ons-7217350.png?v=1782724160,ticket-collage-slip-on-sneakers-cutout.png
ticket-collage-slip-on-sneakers,9260393103587,1,0,https://cdn.shopify.com/s/files/1/0788/2358/8067/files/maximalist-slip-on-shoes-for-art-first-dressers-multipass-aop-canvas-sneakers-wearable-art-footwear-unisex-statement-shoes-streetwear-slip-ons-2397371.jpg?v=1782724160,ticket-collage-slip-on-sneakers-cutout.png
ticket-collage-slip-on-sneakers,9260393103587,2,0,https://cdn.shopify.com/s/files/1/0788/2358/8067/files/maximalist-slip-on-shoes-for-art-first-dressers-multipass-aop-canvas-sneakers-wearable-art-footwear-unisex-statement-shoes-streetwear-slip-ons-8888874.jpg?v=1782724160,ticket-collage-slip-on-sneakers-cutout.png
ticket-collage-slip-on-sneakers,9260393103587,3,0,https://cdn.shopify.com/s/files/1/0788/2358/8067/files/maximalist-slip-on-shoes-for-art-first-dressers-multipass-aop-canvas-sneakers-wearable-art-footwear-unisex-statement-shoes-streetwear-slip-ons-9026492.jpg?v=1782724159,ticket-collage-slip-on-sneakers-cutout.png
ticket-collage-slip-on-sneakers,9260393103587,4,0,https://cdn.shopify.com/s/files/1/0788/2358/8067/files/maximalist-slip-on-shoes-for-art-first-dressers-multipass-aop-canvas-sneakers-wearable-art-footwear-unisex-statement-shoes-streetwear-slip-ons-3953515.jpg?v=1782724159,ticket-collage-slip-on-sneakers-cutout.png
ticket-collage-slip-on-sneakers,9260393103587,5,0,https://cdn.shopify.com/s/files/1/0788/2358/8067/files/maximalist-slip-on-shoes-for-art-first-dressers-multipass-aop-canvas-sneakers-wearable-art-footwear-unisex-statement-shoes-streetwear-slip-ons-7169680.jpg?v=1782724159,ticket-collage-slip-on-sneakers-cutout.png
ticket-collage-slip-on-sneakers,9260393103587,6,0,https://cdn.shopify.com/s/files/1/0788/2358/8067/files/maximalist-slip-on-shoes-for-art-first-dressers-multipass-aop-canvas-sneakers-wearable-art-footwear-unisex-statement-shoes-streetwear-slip-ons-4328481.jpg?v=1782724161,ticket-collage-slip-on-sneakers-cutout.png
ticket-collage-slip-on-sneakers,9260393103587,7,0,https://cdn.shopify.com/s/files/1/0788/2358/8067/files/maximalist-slip-on-shoes-for-art-first-dressers-multipass-aop-canvas-sneakers-wearable-art-footwear-unisex-statement-shoes-streetwear-slip-ons-5517454.jpg?v=1782724161,ticket-collage-slip-on-sneakers-cutout.png
ticket-down-south-bodysuit,9260393201891,0,1,https://cdn.shopify.com/s/files/1/0788/2358/8067/files/queer-statement-bodysuit-for-bold-dressers-ticket-down-south-aop-underwear-festival-base-layer-lgbt-intimate-wear-submissive-play-wear-9440917.jpg?v=1782724153,ticket-down-south-bodysuit-cutout.png
ticket-down-south-bodysuit,9260393201891,1,0,https://cdn.shopify.com/s/files/1/0788/2358/8067/files/queer-statement-bodysuit-for-bold-dressers-ticket-down-south-aop-underwear-festival-base-layer-lgbt-intimate-wear-submissive-play-wear-3105192.jpg?v=1782724152,ticket-down-south-bodysuit-cutout.png
ticket-down-south-bodysuit,9260393201891,2,0,https://cdn.shopify.com/s/files/1/0788/2358/8067/files/queer-statement-bodysuit-for-bold-dressers-ticket-down-south-aop-underwear-festival-base-layer-lgbt-intimate-wear-submissive-play-wear-2736414.jpg?v=1782724152,ticket-down-south-bodysuit-cutout.png
ticket-down-south-bodysuit,9260393201891,3,0,https://cdn.shopify.com/s/files/1/0788/2358/8067/files/queer-statement-bodysuit-for-bold-dressers-ticket-down-south-aop-underwear-festival-base-layer-lgbt-intimate-wear-submissive-play-wear-2461595.jpg?v=1782724151,ticket-down-south-bodysuit-cutout.png
ticket-down-south-bodysuit,9260393201891,4,0,https://cdn.shopify.com/s/files/1/0788/2358/8067/files/queer-statement-bodysuit-for-bold-dressers-ticket-down-south-aop-underwear-festival-base-layer-lgbt-intimate-wear-submissive-play-wear-1159057.jpg?v=1782724152,ticket-down-south-bodysuit-cutout.png
ticket-down-south-bodysuit,9260393201891,5,0,https://cdn.shopify.com/s/files/1/0788/2358/8067/files/9ae01142e17f26230163cff541b315be.jpg?v=1778483496,ticket-down-south-bodysuit-cutout.png
ticket-down-south-bodysuit,9260393201891,6,0,https://cdn.shopify.com/s/files/1/0788/2358/8067/files/queer-statement-bodysuit-for-bold-dressers-ticket-down-south-aop-underwear-festival-base-layer-lgbt-intimate-wear-submissive-play-wear-3143113.jpg?v=1782724153,ticket-down-south-bodysuit-cutout.png
ticket-down-south-bodysuit,9260393201891,7,0,https://cdn.shopify.com/s/files/1/0788/2358/8067/files/queer-statement-bodysuit-for-bold-dressers-ticket-down-south-aop-underwear-festival-base-layer-lgbt-intimate-wear-submissive-play-wear-1912345.jpg?v=1782724152,ticket-down-south-bodysuit-cutout.png
ticket-to-somewhere-snapback,9260393169123,0,1,https://cdn.shopify.com/s/files/1/0788/2358/8067/files/maximalist-aop-snapback-for-wanderlust-dressers-ticket-to-somewhere-bent-brim-cap-festival-travel-hat-streetwear-statement-outdoor-adventure-cap-3943741.png?v=1782724156,ticket-to-somewhere-snapback-cutout.png
ticket-to-somewhere-snapback,9260393169123,1,0,https://cdn.shopify.com/s/files/1/0788/2358/8067/files/maximalist-aop-snapback-for-wanderlust-dressers-ticket-to-somewhere-bent-brim-cap-festival-travel-hat-streetwear-statement-outdoor-adventure-cap-3526507.jpg?v=1782724156,ticket-to-somewhere-snapback-cutout.png
ticket-to-somewhere-snapback,9260393169123,2,0,https://cdn.shopify.com/s/files/1/0788/2358/8067/files/maximalist-aop-snapback-for-wanderlust-dressers-ticket-to-somewhere-bent-brim-cap-festival-travel-hat-streetwear-statement-outdoor-adventure-cap-2092801.jpg?v=1782724156,ticket-to-somewhere-snapback-cutout.png
ticket-to-somewhere-snapback,9260393169123,3,0,https://cdn.shopify.com/s/files/1/0788/2358/8067/files/maximalist-aop-snapback-for-wanderlust-dressers-ticket-to-somewhere-bent-brim-cap-festival-travel-hat-streetwear-statement-outdoor-adventure-cap-8174048.jpg?v=1782724158,ticket-to-somewhere-snapback-cutout.png
ticket-to-somewhere-snapback,9260393169123,4,0,https://cdn.shopify.com/s/files/1/0788/2358/8067/files/maximalist-aop-snapback-for-wanderlust-dressers-ticket-to-somewhere-bent-brim-cap-festival-travel-hat-streetwear-statement-outdoor-adventure-cap-1654382.jpg?v=1782724157,ticket-to-somewhere-snapback-cutout.png
ticket-to-somewhere-snapback,9260393169123,5,0,https://cdn.shopify.com/s/files/1/0788/2358/8067/files/maximalist-aop-snapback-for-wanderlust-dressers-ticket-to-somewhere-bent-brim-cap-festival-travel-hat-streetwear-statement-outdoor-adventure-cap-7992488.jpg?v=1782724156,ticket-to-somewhere-snapback-cutout.png
ticket-to-somewhere-snapback,9260393169123,6,0,https://cdn.shopify.com/s/files/1/0788/2358/8067/files/maximalist-aop-snapback-for-wanderlust-dressers-ticket-to-somewhere-bent-brim-cap-festival-travel-hat-streetwear-statement-outdoor-adventure-cap-6553349.jpg?v=1782724158,ticket-to-somewhere-snapback-cutout.png
ticket-to-somewhere-snapback,9260393169123,7,0,https://cdn.shopify.com/s/files/1/0788/2358/8067/files/maximalist-aop-snapback-for-wanderlust-dressers-ticket-to-somewhere-bent-brim-cap-festival-travel-hat-streetwear-statement-outdoor-adventure-cap-8995327.jpg?v=1782724157,ticket-to-somewhere-snapback-cutout.png
ticket-to-somewhere-snapback,9260393169123,8,0,https://cdn.shopify.com/s/files/1/0788/2358/8067/files/maximalist-aop-snapback-for-wanderlust-dressers-ticket-to-somewhere-bent-brim-cap-festival-travel-hat-streetwear-statement-outdoor-adventure-cap-7216269.jpg?v=1782724157,ticket-to-somewhere-snapback-cutout.png
ticket-to-somewhere-snapback,9260393169123,9,0,https://cdn.shopify.com/s/files/1/0788/2358/8067/files/maximalist-aop-snapback-for-wanderlust-dressers-ticket-to-somewhere-bent-brim-cap-festival-travel-hat-streetwear-statement-outdoor-adventure-cap-5377215.jpg?v=1782724157,ticket-to-somewhere-snapback-cutout.png
tidal-bloom-tie-dye-henley,9175875584227,0,1,https://cdn.shopify.com/s/files/1/0788/2358/8067/files/cyber-marble-liquid-glitch-henley-for-cyberpunk-streetwear-collectors-deep-swirl-aop-long-sleeve-280gsm-polyester-spandex-3103156.png?v=1782724506,tidal-bloom-tie-dye-henley-cutout.png
tidal-bloom-tie-dye-henley,9175875584227,1,0,https://cdn.shopify.com/s/files/1/0788/2358/8067/files/2e72861e-il_fullxfull.7682040258_qwjs.jpg?v=1774791071,tidal-bloom-tie-dye-henley-cutout.png
tidal-bloom-tie-dye-henley,9175875584227,2,0,https://cdn.shopify.com/s/files/1/0788/2358/8067/files/1b7cca0d-il_fullxfull.7682040236_cms5.jpg?v=1774791071,tidal-bloom-tie-dye-henley-cutout.png
tie-dye-spiral-canvas-jacket,9193886417123,0,1,https://cdn.shopify.com/s/files/1/0788/2358/8067/files/155733-8f8f53f1-9618-4169-b5fd-6249cfb902f9.jpg?v=1774790645,tie-dye-spiral-canvas-jacket-cutout.png
tie-dye-spiral-canvas-jacket,9193886417123,1,0,https://cdn.shopify.com/s/files/1/0788/2358/8067/files/155733-e079796a-6f74-4e90-8bed-bae00965a0af.jpg?v=1774790645,tie-dye-spiral-canvas-jacket-cutout.png
tie-dye-spiral-crop-tank,9175876174051,0,1,https://cdn.shopify.com/s/files/1/0788/2358/8067/files/psychedelic-tie-dye-crop-top-neon-spiral-rave-tank-9302474.png?v=1782724568,tie-dye-spiral-crop-tank-cutout.png
tie-dye-spiral-crop-tank,9175876174051,1,0,https://cdn.shopify.com/s/files/1/0788/2358/8067/files/d9903448-il_fullxfull.7842872015_s0zr.jpg?v=1774790765,tie-dye-spiral-crop-tank-cutout.png
tie-dye-spiral-crop-tank,9175876174051,2,0,https://cdn.shopify.com/s/files/1/0788/2358/8067/files/c4ec86bb-il_fullxfull.7752680601_f9fu.jpg?v=1774790765,tie-dye-spiral-crop-tank-cutout.png
tie-dye-spiral-crop-tank,9175876174051,3,0,https://cdn.shopify.com/s/files/1/0788/2358/8067/files/578dae45-il_fullxfull.7752680571_7ipo.jpg?v=1774790765,tie-dye-spiral-crop-tank-cutout.png
tie-dye-spiral-crop-tank,9175876174051,4,0,https://cdn.shopify.com/s/files/1/0788/2358/8067/files/9555390c-il_fullxfull.7752680569_925x_3ae0f47b-e076-4926-9841-0d83c5af9a34.jpg?v=1774790765,tie-dye-spiral-crop-tank-cutout.png
tie-dye-spiral-crop-tank,9175876174051,5,0,https://cdn.shopify.com/s/files/1/0788/2358/8067/files/222ecc49-il_fullxfull.7752680561_c2mi.jpg?v=1774790765,tie-dye-spiral-crop-tank-cutout.png
tie-dye-spiral-crop-tank,9175876174051,6,0,https://cdn.shopify.com/s/files/1/0788/2358/8067/files/dd13e678-il_fullxfull.7704741768_8vzp.jpg?v=1774790765,tie-dye-spiral-crop-tank-cutout.png
tie-dye-spiral-crop-tank,9175876174051,7,0,https://cdn.shopify.com/s/files/1/0788/2358/8067/files/1129ff86-il_fullxfull.7752680585_mypb.jpg?v=1774790765,tie-dye-spiral-crop-tank-cutout.png
tie-dye-spiral-crop-tank,9175876174051,8,0,https://cdn.shopify.com/s/files/1/0788/2358/8067/files/3a9be5a7-il_fullxfull.7691826818_3qdd.jpg?v=1774790766,tie-dye-spiral-crop-tank-cutout.png
tie-dye-spiral-crop-tank,9175876174051,9,0,https://cdn.shopify.com/s/files/1/0788/2358/8067/files/b3897d2c-il_fullxfull.7739770773_ti93.jpg?v=1774790765,tie-dye-spiral-crop-tank-cutout.png
tie-dye-spiral-crop-tank,9175876174051,10,0,https://cdn.shopify.com/s/files/1/0788/2358/8067/files/aa6c9a21-il_fullxfull.7691826720_b701.jpg?v=1774790765,tie-dye-spiral-crop-tank-cutout.png
tie-dye-spiral-reversible-bucket-hat,9175875780835,0,1,https://cdn.shopify.com/s/files/1/0788/2358/8067/files/maximalist-psychedelic-reversible-bucket-hat-for-mind-melting-dressers-dyles-mavis-abstract-aop-both-sides-printed-festival-uv-resistant-sun-hat-6123650.png?v=1782724507,tie-dye-spiral-reversible-bucket-hat-cutout.png
tie-dye-spiral-reversible-bucket-hat,9175875780835,1,0,https://cdn.shopify.com/s/files/1/0788/2358/8067/files/3ea92540-il_fullxfull.7799222175_pfyd.jpg?v=1774791006,tie-dye-spiral-reversible-bucket-hat-cutout.png
tie-dye-spiral-reversible-bucket-hat,9175875780835,2,0,https://cdn.shopify.com/s/files/1/0788/2358/8067/files/26e3be40-il_fullxfull.7799218393_whp6.jpg?v=1774791006,tie-dye-spiral-reversible-bucket-hat-cutout.png
tie-dye-spiral-reversible-bucket-hat,9175875780835,3,0,https://cdn.shopify.com/s/files/1/0788/2358/8067/files/106bcfb7-il_fullxfull.7751265842_jh6c.jpg?v=1774791006,tie-dye-spiral-reversible-bucket-hat-cutout.png
tie-dye-spiral-reversible-bucket-hat,9175875780835,4,0,https://cdn.shopify.com/s/files/1/0788/2358/8067/files/98f73a23-il_fullxfull.7799218765_1wor.jpg?v=1774791006,tie-dye-spiral-reversible-bucket-hat-cutout.png
tie-dye-spiral-reversible-bucket-hat,9175875780835,5,0,https://cdn.shopify.com/s/files/1/0788/2358/8067/files/ace57511-il_fullxfull.7799218759_4z4w.jpg?v=1774791005,tie-dye-spiral-reversible-bucket-hat-cutout.png
tie-dye-spiral-reversible-bucket-hat,9175875780835,6,0,https://cdn.shopify.com/s/files/1/0788/2358/8067/files/6146066e-il_fullxfull.7751265976_qyxn.jpg?v=1774791005,tie-dye-spiral-reversible-bucket-hat-cutout.png
tie-dye-spiral-reversible-bucket-hat,9175875780835,7,0,https://cdn.shopify.com/s/files/1/0788/2358/8067/files/8cc22e9f-il_fullxfull.7751266004_l500.jpg?v=1774791006,tie-dye-spiral-reversible-bucket-hat-cutout.png
tie-dye-spiral-reversible-bucket-hat,9175875780835,8,0,https://cdn.shopify.com/s/files/1/0788/2358/8067/files/bf0aee6c-il_fullxfull.7739770875_hzuz.jpg?v=1774791006,tie-dye-spiral-reversible-bucket-hat-cutout.png
tie-dye-spiral-reversible-bucket-hat,9175875780835,9,0,https://cdn.shopify.com/s/files/1/0788/2358/8067/files/f559f415-il_fullxfull.7691826982_hch6.jpg?v=1774791006,tie-dye-spiral-reversible-bucket-hat-cutout.png
tie-dye-spiral-reversible-bucket-hat,9175875780835,10,0,https://cdn.shopify.com/s/files/1/0788/2358/8067/files/7728b7a2-il_fullxfull.7739771197_r8ki.jpg?v=1774791006,tie-dye-spiral-reversible-bucket-hat-cutout.png
tiger-crane-aop-hawaiian-shirt,9193767928035,0,1,https://cdn.shopify.com/s/files/1/0788/2358/8067/files/tiger-crane-aop-mens-hawaiian-shirt-bold-animal-print-button-up-6067045.png?v=1782724336,tiger-crane-aop-hawaiian-shirt-cutout.png
tiger-crane-aop-hawaiian-shirt,9193767928035,1,0,https://cdn.shopify.com/s/files/1/0788/2358/8067/files/155733-e0a4dafb-fbc9-4cde-bf73-0d992be4560d.jpg?v=1774789869,tiger-crane-aop-hawaiian-shirt-cutout.png
tiger-crane-aop-hawaiian-shirt,9193767928035,2,0,https://cdn.shopify.com/s/files/1/0788/2358/8067/files/155733-030af834-592e-49ff-9099-fcc1bbcc2962.jpg?v=1774789869,tiger-crane-aop-hawaiian-shirt-cutout.png
tiger-crane-aop-hawaiian-shirt,9193767928035,3,0,https://cdn.shopify.com/s/files/1/0788/2358/8067/files/d4cb6291-5948-4e32-a874-a2eddaa425b4.png?v=1774789869,tiger-crane-aop-hawaiian-shirt-cutout.png
tiger-stripe-sun-hoodie-with-face-cover,9225499803875,0,1,https://cdn.shopify.com/s/files/1/0788/2358/8067/files/tiger-hooded-sun-protection-7130360.png?v=1776796692,tiger-stripe-sun-hoodie-with-face-cover-cutout.png
tiger-stripe-sun-hoodie-with-face-cover,9225499803875,1,0,https://cdn.shopify.com/s/files/1/0788/2358/8067/files/all-over-print-mens-sun-protection-hoodie-with-face-cover-and-thumb-holes-8204912.jpg?v=1776778747,tiger-stripe-sun-hoodie-with-face-cover-cutout.png
tiger-stripe-sun-hoodie-with-face-cover,9225499803875,2,0,https://cdn.shopify.com/s/files/1/0788/2358/8067/files/all-over-print-mens-sun-protection-hoodie-with-face-cover-and-thumb-holes-9268767.jpg?v=1776778747,tiger-stripe-sun-hoodie-with-face-cover-cutout.png
tiger-stripe-sun-hoodie-with-face-cover,9225499803875,3,0,https://cdn.shopify.com/s/files/1/0788/2358/8067/files/all-over-print-mens-sun-protection-hoodie-with-face-cover-and-thumb-holes-8581910.jpg?v=1776778747,tiger-stripe-sun-hoodie-with-face-cover-cutout.png
tiger-stripe-sun-hoodie-with-face-cover,9225499803875,4,0,https://cdn.shopify.com/s/files/1/0788/2358/8067/files/all-over-print-mens-sun-protection-hoodie-with-face-cover-and-thumb-holes-4762685.jpg?v=1776778747,tiger-stripe-sun-hoodie-with-face-cover-cutout.png
tiger-stripe-sun-hoodie-with-face-cover,9225499803875,5,0,https://cdn.shopify.com/s/files/1/0788/2358/8067/files/all-over-print-mens-sun-protection-hoodie-with-face-cover-and-thumb-holes-7024128.jpg?v=1776778747,tiger-stripe-sun-hoodie-with-face-cover-cutout.png
toasted-marshmallow-campfire-bucket-hat,9175877255395,0,1,https://cdn.shopify.com/s/files/1/0788/2358/8067/files/85906aee-il_fullxfull.7676320044_mnxs.jpg?v=1774791011,toasted-marshmallow-campfire-bucket-hat-cutout.png
toasted-marshmallow-campfire-bucket-hat,9175877255395,1,0,https://cdn.shopify.com/s/files/1/0788/2358/8067/files/9e1172d8-il_fullxfull.7724267453_o4i0.jpg?v=1774791011,toasted-marshmallow-campfire-bucket-hat-cutout.png
toasted-marshmallow-campfire-bucket-hat,9175877255395,2,0,https://cdn.shopify.com/s/files/1/0788/2358/8067/files/512aee36-il_fullxfull.7724267961_4s9t.jpg?v=1774791011,toasted-marshmallow-campfire-bucket-hat-cutout.png
toasted-marshmallow-campfire-bucket-hat,9175877255395,3,0,https://cdn.shopify.com/s/files/1/0788/2358/8067/files/b8030eeb-il_fullxfull.7676321626_tf6o.jpg?v=1774791011,toasted-marshmallow-campfire-bucket-hat-cutout.png
toasted-marshmallow-campfire-bucket-hat,9175877255395,4,0,https://cdn.shopify.com/s/files/1/0788/2358/8067/files/8931f5f2-il_fullxfull.7676322028_oil3.jpg?v=1774791011,toasted-marshmallow-campfire-bucket-hat-cutout.png
toasted-marshmallow-campfire-bucket-hat,9175877255395,5,0,https://cdn.shopify.com/s/files/1/0788/2358/8067/files/da10e4cd-il_fullxfull.7724269291_kr49.jpg?v=1774791011,toasted-marshmallow-campfire-bucket-hat-cutout.png
toasted-marshmallow-campfire-bucket-hat,9175877255395,6,0,https://cdn.shopify.com/s/files/1/0788/2358/8067/files/4145f83d-il_fullxfull.7724270055_4t6s.jpg?v=1774791011,toasted-marshmallow-campfire-bucket-hat-cutout.png
torn-poster-street-collage-skater-dress,9214500208867,0,1,https://cdn.shopify.com/s/files/1/0788/2358/8067/files/womens-skater-dress-aop-1474601.png?v=1777788609,torn-poster-street-collage-skater-dress-cutout.png
torn-poster-street-collage-skater-dress,9214500208867,1,0,https://cdn.shopify.com/s/files/1/0788/2358/8067/files/2618345694395780154_2048.png?v=1776080524,torn-poster-street-collage-skater-dress-cutout.png
torn-poster-street-collage-skater-dress,9214500208867,2,0,https://cdn.shopify.com/s/files/1/0788/2358/8067/files/2618345694395780154_2048.jpg?v=1775872528,torn-poster-street-collage-skater-dress-cutout.png
torn-poster-street-collage-skater-dress,9214500208867,3,0,https://cdn.shopify.com/s/files/1/0788/2358/8067/files/2125766263628626498_2048.jpg?v=1775872528,torn-poster-street-collage-skater-dress-cutout.png
torn-poster-street-collage-skater-dress,9214500208867,4,0,https://cdn.shopify.com/s/files/1/0788/2358/8067/files/15259569833892736854_2048.jpg?v=1775872528,torn-poster-street-collage-skater-dress-cutout.png
torn-poster-street-collage-skater-dress,9214500208867,5,0,https://cdn.shopify.com/s/files/1/0788/2358/8067/files/12280841186378814870_2048.jpg?v=1775872528,torn-poster-street-collage-skater-dress-cutout.png
torn-poster-street-collage-skater-dress,9214500208867,6,0,https://cdn.shopify.com/s/files/1/0788/2358/8067/files/1418747205679751478_2048.jpg?v=1775872528,torn-poster-street-collage-skater-dress-cutout.png
torn-poster-street-collage-skater-dress,9214500208867,7,0,https://cdn.shopify.com/s/files/1/0788/2358/8067/files/17221754085906204973_2048.jpg?v=1775872528,torn-poster-street-collage-skater-dress-cutout.png
torn-wall-kimono-cardigan,9188173644003,0,1,https://cdn.shopify.com/s/files/1/0788/2358/8067/files/aop-drop-shoulder-kimono-cardigan-for-cosplay-and-street-maximalists-open-front-lightweight-sublimation-print-japanese-inspired-bold-layer-8766177.png?v=1782724335,torn-wall-kimono-cardigan-cutout.png
torn-wall-kimono-cardigan,9188173644003,1,0,https://cdn.shopify.com/s/files/1/0788/2358/8067/files/c5c4851e5c7666a500e606df779a18ea.jpg?v=1774456381,torn-wall-kimono-cardigan-cutout.png
torn-wall-kimono-cardigan,9188173644003,2,0,https://cdn.shopify.com/s/files/1/0788/2358/8067/files/a7668def815a743e698bee4344431482.jpg?v=1774456381,torn-wall-kimono-cardigan-cutout.png
torn-wall-kimono-cardigan,9188173644003,3,0,https://cdn.shopify.com/s/files/1/0788/2358/8067/files/d285573023d289f8f3848813aec179fe.jpg?v=1774456381,torn-wall-kimono-cardigan-cutout.png
torn-wall-kimono-cardigan,9188173644003,4,0,https://cdn.shopify.com/s/files/1/0788/2358/8067/files/ea24c1d230bd96a6c7dc2a94932fe435.jpg?v=1774456381,torn-wall-kimono-cardigan-cutout.png
torn-wall-kimono-cardigan,9188173644003,5,0,https://cdn.shopify.com/s/files/1/0788/2358/8067/files/48dbbec7807fb18fb70280cab2dac3c8.jpg?v=1774456382,torn-wall-kimono-cardigan-cutout.png
torn-wall-kimono-cardigan,9188173644003,6,0,https://cdn.shopify.com/s/files/1/0788/2358/8067/files/3c41480510a016cf86f129d1c784a57f_e773ac74-71c1-4803-acf6-7a4cd05fe131.jpg?v=1774456382,torn-wall-kimono-cardigan-cutout.png
tortoise-race-aop-silk-feel-button-up-shirt,9193875767523,0,1,https://cdn.shopify.com/s/files/1/0788/2358/8067/files/tortoise-race-all-over-print-silk-feel-button-up-shirt-5959346.png?v=1778285948,tortoise-race-aop-silk-feel-button-up-shirt-cutout.png
tortoise-race-aop-silk-feel-button-up-shirt,9193875767523,1,0,https://cdn.shopify.com/s/files/1/0788/2358/8067/files/155733-8185c3ab-4acf-4be5-b493-9002786bf8a1.jpg?v=1774791004,tortoise-race-aop-silk-feel-button-up-shirt-cutout.png
tortoise-race-aop-silk-feel-button-up-shirt,9193875767523,2,0,https://cdn.shopify.com/s/files/1/0788/2358/8067/files/155733-9f4757db-1bee-4c85-bd32-4b31a8903d00.jpg?v=1774791005,tortoise-race-aop-silk-feel-button-up-shirt-cutout.png
tortoise-race-aop-silk-feel-button-up-shirt,9193875767523,3,0,https://cdn.shopify.com/s/files/1/0788/2358/8067/files/034b5fa4-3d2a-4c8f-a32e-890ee94fbee9_d6803a5c-caa1-430f-8929-1d45bf1cc931.png?v=1774791004,tortoise-race-aop-silk-feel-button-up-shirt-cutout.png
touch-of-chaos-neon-handprint-tee,9261119996131,0,1,https://cdn.shopify.com/s/files/1/0788/2358/8067/files/dyles-mavis-handprint-psychedelic-neon-t-shirt-for-bold-streetwear-collectors-premium-heavyweight-cotton-original-art-oversized-statement-tee-1030920.jpg?v=1782724152,touch-of-chaos-neon-handprint-tee-cutout.png
touch-of-chaos-neon-handprint-tee,9261119996131,1,0,https://cdn.shopify.com/s/files/1/0788/2358/8067/files/dyles-mavis-handprint-psychedelic-neon-t-shirt-for-bold-streetwear-collectors-premium-heavyweight-cotton-original-art-oversized-statement-tee-6863313.jpg?v=1782724152,touch-of-chaos-neon-handprint-tee-cutout.png
touch-of-chaos-neon-handprint-tee,9261119996131,2,0,https://cdn.shopify.com/s/files/1/0788/2358/8067/files/dyles-mavis-handprint-psychedelic-neon-t-shirt-for-bold-streetwear-collectors-premium-heavyweight-cotton-original-art-oversized-statement-tee-7175482.jpg?v=1782724035,touch-of-chaos-neon-handprint-tee-cutout.png
touch-of-chaos-neon-handprint-tee,9261119996131,3,0,https://cdn.shopify.com/s/files/1/0788/2358/8067/files/dyles-mavis-handprint-psychedelic-neon-t-shirt-for-bold-streetwear-collectors-premium-heavyweight-cotton-original-art-oversized-statement-tee-5416629.jpg?v=1782724151,touch-of-chaos-neon-handprint-tee-cutout.png
touch-of-chaos-neon-handprint-tee,9261119996131,4,0,https://cdn.shopify.com/s/files/1/0788/2358/8067/files/dyles-mavis-handprint-psychedelic-neon-t-shirt-for-bold-streetwear-collectors-premium-heavyweight-cotton-original-art-oversized-statement-tee-1718222.jpg?v=1782724033,touch-of-chaos-neon-handprint-tee-cutout.png
touch-of-chaos-neon-handprint-tee,9261119996131,5,0,https://cdn.shopify.com/s/files/1/0788/2358/8067/files/dyles-mavis-handprint-psychedelic-neon-t-shirt-for-bold-streetwear-collectors-premium-heavyweight-cotton-original-art-oversized-statement-tee-5893385.jpg?v=1782724035,touch-of-chaos-neon-handprint-tee-cutout.png
touch-of-chaos-neon-handprint-tee,9261119996131,6,0,https://cdn.shopify.com/s/files/1/0788/2358/8067/files/dyles-mavis-handprint-psychedelic-neon-t-shirt-for-bold-streetwear-collectors-premium-heavyweight-cotton-original-art-oversized-statement-tee-9527761.jpg?v=1782724034,touch-of-chaos-neon-handprint-tee-cutout.png
touch-of-chaos-neon-handprint-tee,9261119996131,7,0,https://cdn.shopify.com/s/files/1/0788/2358/8067/files/dyles-mavis-handprint-psychedelic-neon-t-shirt-for-bold-streetwear-collectors-premium-heavyweight-cotton-original-art-oversized-statement-tee-8558847.jpg?v=1782724152,touch-of-chaos-neon-handprint-tee-cutout.png
touch-of-chaos-neon-handprint-tee,9261119996131,8,0,https://cdn.shopify.com/s/files/1/0788/2358/8067/files/dyles-mavis-handprint-psychedelic-neon-t-shirt-for-bold-streetwear-collectors-premium-heavyweight-cotton-original-art-oversized-statement-tee-8766242.jpg?v=1782724034,touch-of-chaos-neon-handprint-tee-cutout.png
touch-of-chaos-neon-handprint-tee,9261119996131,9,0,https://cdn.shopify.com/s/files/1/0788/2358/8067/files/dyles-mavis-handprint-psychedelic-neon-t-shirt-for-bold-streetwear-collectors-premium-heavyweight-cotton-original-art-oversized-statement-tee-3237882.jpg?v=1782724035,touch-of-chaos-neon-handprint-tee-cutout.png
touch-of-chaos-neon-handprint-tee,9261119996131,10,0,https://cdn.shopify.com/s/files/1/0788/2358/8067/files/dyles-mavis-handprint-psychedelic-neon-t-shirt-for-bold-streetwear-collectors-premium-heavyweight-cotton-original-art-oversized-statement-tee-7277440.jpg?v=1782724153,touch-of-chaos-neon-handprint-tee-cutout.png
touch-of-chaos-neon-handprint-tee,9261119996131,11,0,https://cdn.shopify.com/s/files/1/0788/2358/8067/files/dyles-mavis-handprint-psychedelic-neon-t-shirt-for-bold-streetwear-collectors-premium-heavyweight-cotton-original-art-oversized-statement-tee-7643682.jpg?v=1782724034,touch-of-chaos-neon-handprint-tee-cutout.png
toy-parade-hacci-knit-sweater,9193898737891,0,1,https://cdn.shopify.com/s/files/1/0788/2358/8067/files/maximalist-hacci-knit-sweater-for-cozy-self-expressers-eyeconic-drop-shoulder-aop-pullover-statement-loungewear-indie-fashion-6534873.png?v=1782724336,toy-parade-hacci-knit-sweater-cutout.png
toy-parade-hacci-knit-sweater,9193898737891,1,0,https://cdn.shopify.com/s/files/1/0788/2358/8067/files/155733-24e4b0a6-cca8-4761-80b1-2b43c92ff92f.jpg?v=1774789574,toy-parade-hacci-knit-sweater-cutout.png
toy-parade-hacci-knit-sweater,9193898737891,2,0,https://cdn.shopify.com/s/files/1/0788/2358/8067/files/155733-aac14082-7b60-4489-b266-32d8be85492a.jpg?v=1774789574,toy-parade-hacci-knit-sweater-cutout.png
toy-parade-hacci-knit-sweater,9193898737891,3,0,https://cdn.shopify.com/s/files/1/0788/2358/8067/files/155733-37b08f01-d09a-4ada-b20b-fd7c881e5f69.jpg?v=1774789574,toy-parade-hacci-knit-sweater-cutout.png
toy-parade-hacci-knit-sweater,9193898737891,4,0,https://cdn.shopify.com/s/files/1/0788/2358/8067/files/155733-3339389a-7c8d-4543-8e09-bfd4791367d1.jpg?v=1774789574,toy-parade-hacci-knit-sweater-cutout.png
toy-parade-hacci-knit-sweater,9193898737891,5,0,https://cdn.shopify.com/s/files/1/0788/2358/8067/files/68a9fc7a-485f-4721-a53d-334168dad051.png?v=1774789574,toy-parade-hacci-knit-sweater-cutout.png
toybox-entropy-micro-fleece-hoodie,9259981504739,0,1,https://cdn.shopify.com/s/files/1/0788/2358/8067/files/maximalist-zip-up-hoodie-for-nostalgia-core-dressers-toybox-entropy-aop-micro-fleece-festival-streetwear-geometric-print-statement-9907928.png?v=1782724158,toybox-entropy-micro-fleece-hoodie-cutout.png
toybox-entropy-micro-fleece-hoodie,9259981504739,1,0,https://cdn.shopify.com/s/files/1/0788/2358/8067/files/maximalist-zip-up-hoodie-for-nostalgia-core-dressers-toybox-entropy-aop-micro-fleece-festival-streetwear-geometric-print-statement-9476686.png?v=1782724159,toybox-entropy-micro-fleece-hoodie-cutout.png
toybox-entropy-micro-fleece-hoodie,9259981504739,2,0,https://cdn.shopify.com/s/files/1/0788/2358/8067/files/maximalist-zip-up-hoodie-for-nostalgia-core-dressers-toybox-entropy-aop-micro-fleece-festival-streetwear-geometric-print-statement-3552573.jpg?v=1782724157,toybox-entropy-micro-fleece-hoodie-cutout.png
toybox-entropy-micro-fleece-hoodie,9259981504739,3,0,https://cdn.shopify.com/s/files/1/0788/2358/8067/files/maximalist-zip-up-hoodie-for-nostalgia-core-dressers-toybox-entropy-aop-micro-fleece-festival-streetwear-geometric-print-statement-9980172.jpg?v=1782724157,toybox-entropy-micro-fleece-hoodie-cutout.png
toybox-entropy-micro-fleece-hoodie,9259981504739,4,0,https://cdn.shopify.com/s/files/1/0788/2358/8067/files/maximalist-zip-up-hoodie-for-nostalgia-core-dressers-toybox-entropy-aop-micro-fleece-festival-streetwear-geometric-print-statement-9261669.jpg?v=1782724157,toybox-entropy-micro-fleece-hoodie-cutout.png
toybox-entropy-micro-fleece-hoodie,9259981504739,5,0,https://cdn.shopify.com/s/files/1/0788/2358/8067/files/maximalist-zip-up-hoodie-for-nostalgia-core-dressers-toybox-entropy-aop-micro-fleece-festival-streetwear-geometric-print-statement-4422529.jpg?v=1782724158,toybox-entropy-micro-fleece-hoodie-cutout.png
toybox-entropy-micro-fleece-hoodie,9259981504739,6,0,https://cdn.shopify.com/s/files/1/0788/2358/8067/files/maximalist-zip-up-hoodie-for-nostalgia-core-dressers-toybox-entropy-aop-micro-fleece-festival-streetwear-geometric-print-statement-1693625.png?v=1782724157,toybox-entropy-micro-fleece-hoodie-cutout.png
trippy-abstract-aop-pullover-hoodie,9175876108515,0,1,https://cdn.shopify.com/s/files/1/0788/2358/8067/files/trippy-abstract-aop-hoodie-neon-pink-obsidian-310gsm-cotton-pullover-3895154.png?v=1782724508,trippy-abstract-aop-pullover-hoodie-cutout.png
trippy-abstract-aop-pullover-hoodie,9175876108515,1,0,https://cdn.shopify.com/s/files/1/0788/2358/8067/files/c714991c-il_fullxfull.7691859894_9dn7.jpg?v=1774790892,trippy-abstract-aop-pullover-hoodie-cutout.png
trippy-abstract-aop-pullover-hoodie,9175876108515,2,0,https://cdn.shopify.com/s/files/1/0788/2358/8067/files/3ad0e97b-il_fullxfull.7739804345_2tig.jpg?v=1774790892,trippy-abstract-aop-pullover-hoodie-cutout.png
trippy-abstract-aop-pullover-hoodie,9175876108515,3,0,https://cdn.shopify.com/s/files/1/0788/2358/8067/files/10497770-il_fullxfull.7739804219_pit9.jpg?v=1774790892,trippy-abstract-aop-pullover-hoodie-cutout.png
trippy-abstract-aop-pullover-hoodie,9175876108515,4,0,https://cdn.shopify.com/s/files/1/0788/2358/8067/files/a3c6389a-il_fullxfull.7739804175_3jry.jpg?v=1774790892,trippy-abstract-aop-pullover-hoodie-cutout.png
trippy-abstract-aop-pullover-hoodie,9175876108515,5,0,https://cdn.shopify.com/s/files/1/0788/2358/8067/files/c00bbb3c-il_fullxfull.7691859738_fwsi.jpg?v=1774790892,trippy-abstract-aop-pullover-hoodie-cutout.png
trippy-abstract-aop-pullover-hoodie,9175876108515,6,0,https://cdn.shopify.com/s/files/1/0788/2358/8067/files/c3acf123-il_fullxfull.7739804063_j54o.jpg?v=1774790892,trippy-abstract-aop-pullover-hoodie-cutout.png
trippy-goth-platform-combat-boots,9175876993251,0,1,https://cdn.shopify.com/s/files/1/0788/2358/8067/files/e6f628aa-il_fullxfull.7676321884_awbq.jpg?v=1774790764,trippy-goth-platform-combat-boots-cutout.png
trippy-goth-platform-combat-boots,9175876993251,1,0,https://cdn.shopify.com/s/files/1/0788/2358/8067/files/b875fade-il_fullxfull.7676322356_c7iw.jpg?v=1774455949,trippy-goth-platform-combat-boots-cutout.png
trippy-goth-platform-combat-boots,9175876993251,2,0,https://cdn.shopify.com/s/files/1/0788/2358/8067/files/04c747da-il_fullxfull.7724269503_6xnh.jpg?v=1774455949,trippy-goth-platform-combat-boots-cutout.png
trippy-goth-platform-combat-boots,9175876993251,3,0,https://cdn.shopify.com/s/files/1/0788/2358/8067/files/28b08595-il_fullxfull.7724269873_3ay0.jpg?v=1774455949,trippy-goth-platform-combat-boots-cutout.png
trippy-goth-platform-combat-boots,9175876993251,4,0,https://cdn.shopify.com/s/files/1/0788/2358/8067/files/10a6fc28-il_fullxfull.7724270251_g64j.jpg?v=1774455948,trippy-goth-platform-combat-boots-cutout.png
trippy-goth-platform-combat-boots,9175876993251,5,0,https://cdn.shopify.com/s/files/1/0788/2358/8067/files/fd9feb4d-il_fullxfull.7676323838_jjv0.jpg?v=1774455948,trippy-goth-platform-combat-boots-cutout.png
trippy-marble-swirl-pajama-pants,9260924797155,0,1,https://cdn.shopify.com/s/files/1/0788/2358/8067/files/trippy-marble-swirl-pajama-pants-maximalist-lounge-pants-neon-purple-pink-acid-green-abstract-print-sleepwear-1294703.jpg?v=1782724093,trippy-marble-swirl-pajama-pants-cutout.png
trippy-marble-swirl-pajama-pants,9260924797155,1,0,https://cdn.shopify.com/s/files/1/0788/2358/8067/files/trippy-marble-swirl-pajama-pants-maximalist-lounge-pants-neon-purple-pink-acid-green-abstract-print-sleepwear-3511059.jpg?v=1782724092,trippy-marble-swirl-pajama-pants-cutout.png
trippy-marble-swirl-pajama-pants,9260924797155,2,0,https://cdn.shopify.com/s/files/1/0788/2358/8067/files/trippy-marble-swirl-pajama-pants-maximalist-lounge-pants-neon-purple-pink-acid-green-abstract-print-sleepwear-5491814.jpg?v=1782724094,trippy-marble-swirl-pajama-pants-cutout.png
trippy-marble-swirl-pajama-pants,9260924797155,3,0,https://cdn.shopify.com/s/files/1/0788/2358/8067/files/trippy-marble-swirl-pajama-pants-maximalist-lounge-pants-neon-purple-pink-acid-green-abstract-print-sleepwear-7545599.jpg?v=1782724091,trippy-marble-swirl-pajama-pants-cutout.png
trippy-marble-swirl-pajama-pants,9260924797155,4,0,https://cdn.shopify.com/s/files/1/0788/2358/8067/files/trippy-marble-swirl-pajama-pants-maximalist-lounge-pants-neon-purple-pink-acid-green-abstract-print-sleepwear-4527969.jpg?v=1782724092,trippy-marble-swirl-pajama-pants-cutout.png
trippy-marble-swirl-pajama-pants,9260924797155,5,0,https://cdn.shopify.com/s/files/1/0788/2358/8067/files/trippy-marble-swirl-pajama-pants-maximalist-lounge-pants-neon-purple-pink-acid-green-abstract-print-sleepwear-4757234.jpg?v=1782724092,trippy-marble-swirl-pajama-pants-cutout.png
trippy-rasta-splatter-ink-hoodie,9175878828259,0,1,https://cdn.shopify.com/s/files/1/0788/2358/8067/files/1460f24a-il_fullxfull.7724265303_1cn7.jpg?v=1774790892,trippy-rasta-splatter-ink-hoodie-cutout.png
trippy-rasta-splatter-ink-hoodie,9175878828259,1,0,https://cdn.shopify.com/s/files/1/0788/2358/8067/files/a6aab91d-il_fullxfull.7676318580_96yk.jpg?v=1774790892,trippy-rasta-splatter-ink-hoodie-cutout.png
trippy-rasta-splatter-ink-hoodie,9175878828259,2,0,https://cdn.shopify.com/s/files/1/0788/2358/8067/files/720bce56-il_fullxfull.7724265861_cfgb.jpg?v=1774790892,trippy-rasta-splatter-ink-hoodie-cutout.png
trippy-rasta-splatter-ink-hoodie,9175878828259,3,0,https://cdn.shopify.com/s/files/1/0788/2358/8067/files/7a2777f2-il_fullxfull.7724266085_g6f7.jpg?v=1774790892,trippy-rasta-splatter-ink-hoodie-cutout.png
trippy-rasta-splatter-ink-hoodie,9175878828259,4,0,https://cdn.shopify.com/s/files/1/0788/2358/8067/files/6e07e109-il_fullxfull.7676319504_rsyc.jpg?v=1774790892,trippy-rasta-splatter-ink-hoodie-cutout.png
trippy-rasta-splatter-ink-hoodie,9175878828259,5,0,https://cdn.shopify.com/s/files/1/0788/2358/8067/files/443a0fc3-il_fullxfull.7676319960_qaa5.jpg?v=1774790892,trippy-rasta-splatter-ink-hoodie-cutout.png
trippy-rasta-splatter-ink-hoodie,9175878828259,6,0,https://cdn.shopify.com/s/files/1/0788/2358/8067/files/4e2af7e5-il_fullxfull.7676320302_o2is.jpg?v=1774455901,trippy-rasta-splatter-ink-hoodie-cutout.png
trippy-tags-graffiti-aop-bucket-hat,9175875649763,0,1,https://cdn.shopify.com/s/files/1/0788/2358/8067/files/trippy-tags-aop-bucket-hat-psychedelic-graffiti-print-festival-headwear-for-rave-streetwear-7804532.png?v=1782724568,trippy-tags-graffiti-aop-bucket-hat-cutout.png
trippy-tags-graffiti-aop-bucket-hat,9175875649763,1,0,https://cdn.shopify.com/s/files/1/0788/2358/8067/files/trippy-tags-graffiti-aop-bucket-hat-festival-rave-headwear-1168921.jpg?v=1783063929,trippy-tags-graffiti-aop-bucket-hat-cutout.png
trippy-tags-graffiti-aop-bucket-hat,9175875649763,2,0,https://cdn.shopify.com/s/files/1/0788/2358/8067/files/trippy-tags-graffiti-aop-bucket-hat-festival-rave-headwear-4586958.jpg?v=1783063928,trippy-tags-graffiti-aop-bucket-hat-cutout.png
trippy-tags-graffiti-aop-bucket-hat,9175875649763,3,0,https://cdn.shopify.com/s/files/1/0788/2358/8067/files/trippy-tags-graffiti-aop-bucket-hat-festival-rave-headwear-2038872.jpg?v=1783063928,trippy-tags-graffiti-aop-bucket-hat-cutout.png
trippy-tags-graffiti-aop-bucket-hat,9175875649763,4,0,https://cdn.shopify.com/s/files/1/0788/2358/8067/files/trippy-tags-graffiti-aop-bucket-hat-festival-rave-headwear-9792702.jpg?v=1783063929,trippy-tags-graffiti-aop-bucket-hat-cutout.png
trippy-tags-graffiti-aop-bucket-hat,9175875649763,5,0,https://cdn.shopify.com/s/files/1/0788/2358/8067/files/trippy-tags-graffiti-aop-bucket-hat-festival-rave-headwear-1826048.jpg?v=1783063929,trippy-tags-graffiti-aop-bucket-hat-cutout.png
trippy-tropics-vaporwave-hawaiian-shirt,9175876894947,0,1,https://cdn.shopify.com/s/files/1/0788/2358/8067/files/65b08a2d-il_fullxfull.7727753071_4p3j.jpg?v=1774790771,trippy-tropics-vaporwave-hawaiian-shirt-cutout.png
trippy-tropics-vaporwave-hawaiian-shirt,9175876894947,1,0,https://cdn.shopify.com/s/files/1/0788/2358/8067/files/a7faedf3-il_fullxfull.7679806290_cbnp.jpg?v=1774790771,trippy-tropics-vaporwave-hawaiian-shirt-cutout.png
trippy-tropics-vaporwave-hawaiian-shirt,9175876894947,2,0,https://cdn.shopify.com/s/files/1/0788/2358/8067/files/b3443ddc-il_fullxfull.7727753171_b6tt.jpg?v=1774790771,trippy-tropics-vaporwave-hawaiian-shirt-cutout.png
trippy-tropics-vaporwave-hawaiian-shirt,9175876894947,3,0,https://cdn.shopify.com/s/files/1/0788/2358/8067/files/ba231ee8-il_fullxfull.7679806350_asqu.jpg?v=1774790771,trippy-tropics-vaporwave-hawaiian-shirt-cutout.png
trippy-tropics-vaporwave-hawaiian-shirt,9175876894947,4,0,https://cdn.shopify.com/s/files/1/0788/2358/8067/files/1b718f6d-il_fullxfull.7727753233_g4as.jpg?v=1774790771,trippy-tropics-vaporwave-hawaiian-shirt-cutout.png
trippy-tropics-vaporwave-hawaiian-shirt,9175876894947,5,0,https://cdn.shopify.com/s/files/1/0788/2358/8067/files/549563fe-il_fullxfull.7679806414_eego.jpg?v=1774790771,trippy-tropics-vaporwave-hawaiian-shirt-cutout.png
trippy-tropics-vaporwave-hawaiian-shirt,9175876894947,6,0,https://cdn.shopify.com/s/files/1/0788/2358/8067/files/888ef0ab-il_fullxfull.7727753321_mg3t.jpg?v=1774790771,trippy-tropics-vaporwave-hawaiian-shirt-cutout.png
trippy-tropics-vaporwave-hawaiian-shirt,9175876894947,7,0,https://cdn.shopify.com/s/files/1/0788/2358/8067/files/5e7c53d1-il_fullxfull.7727753349_saci.jpg?v=1774790771,trippy-tropics-vaporwave-hawaiian-shirt-cutout.png
trippy-tropics-vaporwave-hawaiian-shirt,9175876894947,8,0,https://cdn.shopify.com/s/files/1/0788/2358/8067/files/d499c398-il_fullxfull.7727753389_3snq.jpg?v=1774790771,trippy-tropics-vaporwave-hawaiian-shirt-cutout.png
trippy-tropics-vaporwave-hawaiian-shirt,9175876894947,9,0,https://cdn.shopify.com/s/files/1/0788/2358/8067/files/41fd2d24-il_fullxfull.7727753431_me4e.jpg?v=1774790771,trippy-tropics-vaporwave-hawaiian-shirt-cutout.png
trippy-vibrational-neck-gaiter,9175877157091,0,1,https://cdn.shopify.com/s/files/1/0788/2358/8067/files/trippy-vibrational-neck-gaiter-psychedelic-dust-mask-for-burning-man-snowboarding-festival-protection-2055788.png?v=1782724568,trippy-vibrational-neck-gaiter-cutout.png
trippy-vibrational-neck-gaiter,9175877157091,1,0,https://cdn.shopify.com/s/files/1/0788/2358/8067/files/2d2a413b-il_fullxfull.7724268927_478p.jpg?v=1774790954,trippy-vibrational-neck-gaiter-cutout.png
trippy-vibrational-neck-gaiter,9175877157091,2,0,https://cdn.shopify.com/s/files/1/0788/2358/8067/files/98e2da9b-il_fullxfull.7724269289_1mf4.jpg?v=1774790953,trippy-vibrational-neck-gaiter-cutout.png
trippy-vibrational-neck-gaiter,9175877157091,3,0,https://cdn.shopify.com/s/files/1/0788/2358/8067/files/24a86333-il_fullxfull.7676322884_ghdc.jpg?v=1774790953,trippy-vibrational-neck-gaiter-cutout.png
trippy-vibrational-neck-gaiter,9175877157091,4,0,https://cdn.shopify.com/s/files/1/0788/2358/8067/files/2468530f-il_fullxfull.7724270059_p1dn.jpg?v=1774790954,trippy-vibrational-neck-gaiter-cutout.png
tropical-aop-hawaiian-shirt,9193890152675,0,1,https://cdn.shopify.com/s/files/1/0788/2358/8067/files/tropical-aop-hawaiian-shirt-150gsm-bamboo-feel-button-up-9062294.png?v=1778120046,tropical-aop-hawaiian-shirt-cutout.png
tropical-aop-hawaiian-shirt,9193890152675,1,0,https://cdn.shopify.com/s/files/1/0788/2358/8067/files/155733-700912b5-af47-4040-85fb-e773798cc75c.jpg?v=1774789573,tropical-aop-hawaiian-shirt-cutout.png
tropical-aop-hawaiian-shirt,9193890152675,2,0,https://cdn.shopify.com/s/files/1/0788/2358/8067/files/155733-4340b7e7-b51d-4f12-be5a-abeab6508cbc.jpg?v=1774789573,tropical-aop-hawaiian-shirt-cutout.png
tropical-leaf-maxi-dress,9193879077091,0,1,https://cdn.shopify.com/s/files/1/0788/2358/8067/files/155733-7d5717b4-5ab5-4546-a932-ac0a37d77abc.png?v=1774789745,tropical-leaf-maxi-dress-cutout.png
tropical-leaf-maxi-dress,9193879077091,1,0,https://cdn.shopify.com/s/files/1/0788/2358/8067/files/155733-58384d33-1dfd-4ddd-980c-105aef6a0666.jpg?v=1774789745,tropical-leaf-maxi-dress-cutout.png
tropical-leaf-maxi-dress,9193879077091,2,0,https://cdn.shopify.com/s/files/1/0788/2358/8067/files/155733-7d5717b4-5ab5-4546-a932-ac0a37d77abc.jpg?v=1774789745,tropical-leaf-maxi-dress-cutout.png
tropical-leaf-maxi-dress,9193879077091,3,0,https://cdn.shopify.com/s/files/1/0788/2358/8067/files/155733-bed1afa4-d80c-42e9-9776-f4c254c11e08.jpg?v=1774789745,tropical-leaf-maxi-dress-cutout.png
tropical-volcano-eruption-canvas-wall-art,9214493819107,0,1,https://cdn.shopify.com/s/files/1/0788/2358/8067/files/10011281012823855265_2048.jpg?v=1775470589,tropical-volcano-eruption-canvas-wall-art-cutout.png
tropical-volcano-eruption-canvas-wall-art,9214493819107,1,0,https://cdn.shopify.com/s/files/1/0788/2358/8067/files/7327261608574601335_2048.jpg?v=1776080886,tropical-volcano-eruption-canvas-wall-art-cutout.png
tropical-volcano-eruption-canvas-wall-art,9214493819107,2,0,https://cdn.shopify.com/s/files/1/0788/2358/8067/files/16794139099957468278_2048.jpg?v=1776081187,tropical-volcano-eruption-canvas-wall-art-cutout.png
tropical-volcano-eruption-canvas-wall-art,9214493819107,3,0,https://cdn.shopify.com/s/files/1/0788/2358/8067/files/15918028868995076348_2048.jpg?v=1776081126,tropical-volcano-eruption-canvas-wall-art-cutout.png
tropical-volcano-eruption-canvas-wall-art,9214493819107,4,0,https://cdn.shopify.com/s/files/1/0788/2358/8067/files/426017144353657523_2048.jpg?v=1776081007,tropical-volcano-eruption-canvas-wall-art-cutout.png
tropical-volcano-eruption-canvas-wall-art,9214493819107,5,0,https://cdn.shopify.com/s/files/1/0788/2358/8067/files/15334092135783305006_2048.jpg?v=1776080946,tropical-volcano-eruption-canvas-wall-art-cutout.png
tropical-volcano-eruption-canvas-wall-art,9214493819107,6,0,https://cdn.shopify.com/s/files/1/0788/2358/8067/files/11378160096036586869_2048.jpg?v=1775470607,tropical-volcano-eruption-canvas-wall-art-cutout.png
tropical-volcano-eruption-canvas-wall-art,9214493819107,7,0,https://cdn.shopify.com/s/files/1/0788/2358/8067/files/16935676703173518546_2048.jpg?v=1776081307,tropical-volcano-eruption-canvas-wall-art-cutout.png
tropical-volcano-eruption-canvas-wall-art,9214493819107,8,0,https://cdn.shopify.com/s/files/1/0788/2358/8067/files/6390053579414569221_2048.jpg?v=1776080826,tropical-volcano-eruption-canvas-wall-art-cutout.png
tropical-volcano-eruption-canvas-wall-art,9214493819107,9,0,https://cdn.shopify.com/s/files/1/0788/2358/8067/files/17990403391810111539_2048.jpg?v=1775470615,tropical-volcano-eruption-canvas-wall-art-cutout.png
tropical-volcano-eruption-canvas-wall-art,9214493819107,10,0,https://cdn.shopify.com/s/files/1/0788/2358/8067/files/11968100013916410577_2048.jpg?v=1775470618,tropical-volcano-eruption-canvas-wall-art-cutout.png
tropical-volcano-eruption-canvas-wall-art,9214493819107,11,0,https://cdn.shopify.com/s/files/1/0788/2358/8067/files/13946016752753373216_2048.jpg?v=1776080946,tropical-volcano-eruption-canvas-wall-art-cutout.png
true-flower-child-vector-pajama-set,9175879909603,0,1,https://cdn.shopify.com/s/files/1/0788/2358/8067/files/true-flower-child-vector-pajama-set-whimsical-bohemian-loungewear-for-artsy-dreamers-7960502.png?v=1782724387,true-flower-child-vector-pajama-set-cutout.png
true-flower-child-vector-pajama-set,9175879909603,1,0,https://cdn.shopify.com/s/files/1/0788/2358/8067/files/f3c9f5af-il_fullxfull.7689842658_ljuz.jpg?v=1774790526,true-flower-child-vector-pajama-set-cutout.png
true-flower-child-vector-pajama-set,9175879909603,2,0,https://cdn.shopify.com/s/files/1/0788/2358/8067/files/5923170a-il_fullxfull.7737786037_csrb.jpg?v=1774790526,true-flower-child-vector-pajama-set-cutout.png
true-flower-child-vector-pajama-set,9175879909603,3,0,https://cdn.shopify.com/s/files/1/0788/2358/8067/files/f3d00cfc-il_fullxfull.7737786065_bjs2.jpg?v=1774790526,true-flower-child-vector-pajama-set-cutout.png
true-flower-child-vector-pajama-set,9175879909603,4,0,https://cdn.shopify.com/s/files/1/0788/2358/8067/files/d12956f3-il_fullxfull.7737785875_a8cq.jpg?v=1774790526,true-flower-child-vector-pajama-set-cutout.png
true-flower-child-vector-pajama-set,9175879909603,5,0,https://cdn.shopify.com/s/files/1/0788/2358/8067/files/b8fe0b07-il_fullxfull.7689842602_b5ny.jpg?v=1774790526,true-flower-child-vector-pajama-set-cutout.png
true-flower-child-vector-pajama-set,9175879909603,6,0,https://cdn.shopify.com/s/files/1/0788/2358/8067/files/9ad83f28-il_fullxfull.7737786051_1fmf.jpg?v=1774790526,true-flower-child-vector-pajama-set-cutout.png
true-flower-child-vector-pajama-set,9175879909603,7,0,https://cdn.shopify.com/s/files/1/0788/2358/8067/files/b463d683-il_fullxfull.7737785943_hecd.jpg?v=1774790526,true-flower-child-vector-pajama-set-cutout.png
urban-brushstroke-artist-zip-jacket,9175879778531,0,1,https://cdn.shopify.com/s/files/1/0788/2358/8067/files/1566eaa5-il_fullxfull.7676318380_3k6v.jpg?v=1774791017,urban-brushstroke-artist-zip-jacket-cutout.png
urban-brushstroke-artist-zip-jacket,9175879778531,1,0,https://cdn.shopify.com/s/files/1/0788/2358/8067/files/845b3cee-il_fullxfull.7724265667_lkfv.jpg?v=1774791016,urban-brushstroke-artist-zip-jacket-cutout.png
urban-cipher-childrens-graffiti-hoodie,9455375188195,0,1,https://cdn.shopify.com/s/files/1/0788/2358/8067/files/urban-cipher-childrens-hoodie-abstract-graffiti-aop-by-dylesmavis-wild-streetwear-sweatshirt-edgy-kids-pullover-unique-graffiti-hooded-6246918.jpg?v=1782724094,urban-cipher-childrens-graffiti-hoodie-cutout.png
urban-cipher-childrens-graffiti-hoodie,9455375188195,1,0,https://cdn.shopify.com/s/files/1/0788/2358/8067/files/urban-cipher-childrens-hoodie-abstract-graffiti-aop-by-dylesmavis-wild-streetwear-sweatshirt-edgy-kids-pullover-unique-graffiti-hooded-2111713.jpg?v=1782724093,urban-cipher-childrens-graffiti-hoodie-cutout.png
urban-cipher-childrens-graffiti-hoodie,9455375188195,2,0,https://cdn.shopify.com/s/files/1/0788/2358/8067/files/urban-cipher-childrens-hoodie-abstract-graffiti-aop-by-dylesmavis-wild-streetwear-sweatshirt-edgy-kids-pullover-unique-graffiti-hooded-7579948.jpg?v=1782724093,urban-cipher-childrens-graffiti-hoodie-cutout.png
urban-cipher-childrens-graffiti-hoodie,9455375188195,3,0,https://cdn.shopify.com/s/files/1/0788/2358/8067/files/urban-cipher-childrens-hoodie-abstract-graffiti-aop-by-dylesmavis-wild-streetwear-sweatshirt-edgy-kids-pullover-unique-graffiti-hooded-2272084.jpg?v=1782724093,urban-cipher-childrens-graffiti-hoodie-cutout.png
urban-cipher-graffiti-aop-hawaiian-camp-shirt,9214499979491,0,1,https://cdn.shopify.com/s/files/1/0788/2358/8067/files/urban-cipher-graffiti-all-over-print-hawaiian-camp-shirt-mens-streetwear-art-tee-3151909.png?v=1777788612,urban-cipher-graffiti-aop-hawaiian-camp-shirt-cutout.png
urban-cipher-graffiti-aop-hawaiian-camp-shirt,9214499979491,1,0,https://cdn.shopify.com/s/files/1/0788/2358/8067/files/13516587796719583813_2048.jpg?v=1775471057,urban-cipher-graffiti-aop-hawaiian-camp-shirt-cutout.png
urban-crowd-faces-designer-blazer,9175878893795,0,1,https://cdn.shopify.com/s/files/1/0788/2358/8067/files/a4204aa8-il_fullxfull.7739363581_a9bd.jpg?v=1774790717,urban-crowd-faces-designer-blazer-cutout.png
urban-crowd-faces-designer-blazer,9175878893795,1,0,https://cdn.shopify.com/s/files/1/0788/2358/8067/files/2a72c687-il_fullxfull.7739355947_szoy.jpg?v=1774790717,urban-crowd-faces-designer-blazer-cutout.png
urban-crowd-faces-designer-blazer,9175878893795,2,0,https://cdn.shopify.com/s/files/1/0788/2358/8067/files/9ac136bf-il_fullxfull.7691412390_hfu5.jpg?v=1774790717,urban-crowd-faces-designer-blazer-cutout.png
urban-crowd-faces-designer-blazer,9175878893795,3,0,https://cdn.shopify.com/s/files/1/0788/2358/8067/files/c03f37b7-il_fullxfull.7739356621_iabf.jpg?v=1774790717,urban-crowd-faces-designer-blazer-cutout.png
urban-crowd-faces-designer-blazer,9175878893795,4,0,https://cdn.shopify.com/s/files/1/0788/2358/8067/files/63368524-il_fullxfull.7691410892_j0lm.jpg?v=1774790717,urban-crowd-faces-designer-blazer-cutout.png
urban-crowd-faces-designer-blazer,9175878893795,5,0,https://cdn.shopify.com/s/files/1/0788/2358/8067/files/a3069142-il_fullxfull.7691411016_ezfd.jpg?v=1774790718,urban-crowd-faces-designer-blazer-cutout.png
urban-crowd-faces-designer-blazer,9175878893795,6,0,https://cdn.shopify.com/s/files/1/0788/2358/8067/files/e5c88386-il_fullxfull.7691411956_fd77.jpg?v=1774790717,urban-crowd-faces-designer-blazer-cutout.png
urban-crowd-faces-designer-blazer,9175878893795,7,0,https://cdn.shopify.com/s/files/1/0788/2358/8067/files/19fdbcdf-il_fullxfull.7739355367_b95e.jpg?v=1774790717,urban-crowd-faces-designer-blazer-cutout.png
urban-crowd-faces-designer-blazer,9175878893795,8,0,https://cdn.shopify.com/s/files/1/0788/2358/8067/files/4bdeaf6c-il_fullxfull.7691412082_504e.jpg?v=1774790718,urban-crowd-faces-designer-blazer-cutout.png
urban-crowd-faces-designer-blazer,9175878893795,9,0,https://cdn.shopify.com/s/files/1/0788/2358/8067/files/122cd88d-il_fullxfull.7691411242_qvgu.jpg?v=1774790718,urban-crowd-faces-designer-blazer-cutout.png
urban-graffiti-combat-boots,9188175184099,0,1,https://cdn.shopify.com/s/files/1/0788/2358/8067/files/Model_wearing_clothing_202603171546_1.jpg?v=1774789928,urban-graffiti-combat-boots-cutout.png
urban-graffiti-combat-boots,9188175184099,1,0,https://cdn.shopify.com/s/files/1/0788/2358/8067/files/Model_wearing_clothing_202603171546.jpg?v=1774789929,urban-graffiti-combat-boots-cutout.png
urban-graffiti-combat-boots,9188175184099,2,0,https://cdn.shopify.com/s/files/1/0788/2358/8067/files/Hyper-realistic_8k_cinematic_202603171544.jpg?v=1774790405,urban-graffiti-combat-boots-cutout.png
urban-graffiti-combat-boots,9188175184099,3,0,https://cdn.shopify.com/s/files/1/0788/2358/8067/files/Model_wearing_clothing_202603171545_1.jpg?v=1774790405,urban-graffiti-combat-boots-cutout.png
urban-graffiti-combat-boots,9188175184099,4,0,https://cdn.shopify.com/s/files/1/0788/2358/8067/files/Model_wearing_clothing_202603171545_2.jpg?v=1774789928,urban-graffiti-combat-boots-cutout.png
urban-graffiti-combat-boots,9188175184099,5,0,https://cdn.shopify.com/s/files/1/0788/2358/8067/files/Model_wearing_clothing_202603171545.jpg?v=1774790405,urban-graffiti-combat-boots-cutout.png
urban-graffiti-combat-boots,9188175184099,6,0,https://cdn.shopify.com/s/files/1/0788/2358/8067/files/f05791c501b85fe2bd281fa5455bfe67.jpg?v=1774456356,urban-graffiti-combat-boots-cutout.png
urban-graffiti-combat-boots,9188175184099,7,0,https://cdn.shopify.com/s/files/1/0788/2358/8067/files/845dd3f3d3ce9f5479f9f5f35f0e74c9.jpg?v=1774456355,urban-graffiti-combat-boots-cutout.png
urban-graffiti-combat-boots,9188175184099,8,0,https://cdn.shopify.com/s/files/1/0788/2358/8067/files/78bd9448381d3d37922bf9b0764ca9af.jpg?v=1774456356,urban-graffiti-combat-boots-cutout.png
urban-graffiti-combat-boots,9188175184099,9,0,https://cdn.shopify.com/s/files/1/0788/2358/8067/files/3231ef593f224a2fbc90cb84e7e01dc9.jpg?v=1774456356,urban-graffiti-combat-boots-cutout.png
urban-graffiti-combat-boots,9188175184099,10,0,https://cdn.shopify.com/s/files/1/0788/2358/8067/files/c4ce0dc462e3ca313643813623581d1b.jpg?v=1774456356,urban-graffiti-combat-boots-cutout.png
urban-graffiti-combat-boots,9188175184099,11,0,https://cdn.shopify.com/s/files/1/0788/2358/8067/files/3dd65438f91014e3ffe890567670992c.jpg?v=1774456356,urban-graffiti-combat-boots-cutout.png
urban-legend-aop-cotton-long-sleeve,9175879352547,0,1,https://cdn.shopify.com/s/files/1/0788/2358/8067/files/25d9b827-il_fullxfull.7724265749_dp7i.jpg?v=1774790770,urban-legend-aop-cotton-long-sleeve-cutout.png
urban-legend-aop-cotton-long-sleeve,9175879352547,1,0,https://cdn.shopify.com/s/files/1/0788/2358/8067/files/42a8fb88-il_fullxfull.7676319094_aenn.jpg?v=1774790770,urban-legend-aop-cotton-long-sleeve-cutout.png
urban-legend-aop-cotton-long-sleeve,9175879352547,2,0,https://cdn.shopify.com/s/files/1/0788/2358/8067/files/7ea83fb2-il_fullxfull.7676319412_5aqk.jpg?v=1774455860,urban-legend-aop-cotton-long-sleeve-cutout.png
urban-legend-graffiti-snapback,9175877058787,0,1,https://cdn.shopify.com/s/files/1/0788/2358/8067/files/f29daefe-il_fullxfull.7724269215_734s.jpg?v=1774790893,urban-legend-graffiti-snapback-cutout.png
urban-legend-graffiti-snapback,9175877058787,1,0,https://cdn.shopify.com/s/files/1/0788/2358/8067/files/1ee5e51e-il_fullxfull.7724269563_g3f2.jpg?v=1774790893,urban-legend-graffiti-snapback-cutout.png
urban-legend-graffiti-snapback,9175877058787,2,0,https://cdn.shopify.com/s/files/1/0788/2358/8067/files/46ca4569-il_fullxfull.7676323252_2njl.jpg?v=1774790893,urban-legend-graffiti-snapback-cutout.png
urban-legend-graffiti-snapback,9175877058787,3,0,https://cdn.shopify.com/s/files/1/0788/2358/8067/files/1362295d-il_fullxfull.7676323540_ts3u.jpg?v=1774790893,urban-legend-graffiti-snapback-cutout.png
urban-legend-kids-graffiti-hoodie,9175877845219,0,1,https://cdn.shopify.com/s/files/1/0788/2358/8067/files/urban-legend-kids-graffiti-hoodie-bold-aop-street-art-pullover-for-creative-children-miniature-maximalists-1157670.png?v=1782724389,urban-legend-kids-graffiti-hoodie-cutout.png
urban-legend-kids-graffiti-hoodie,9175877845219,1,0,https://cdn.shopify.com/s/files/1/0788/2358/8067/files/3a65cabe-il_fullxfull.7739936721_kfet.jpg?v=1774455791,urban-legend-kids-graffiti-hoodie-cutout.png
urban-legend-kids-graffiti-hoodie,9175877845219,2,0,https://cdn.shopify.com/s/files/1/0788/2358/8067/files/01e7dab3-il_fullxfull.7691993026_j5jh.jpg?v=1774455792,urban-legend-kids-graffiti-hoodie-cutout.png
urban-legend-kids-graffiti-hoodie,9175877845219,3,0,https://cdn.shopify.com/s/files/1/0788/2358/8067/files/039cdd0b-il_fullxfull.7691993080_pd55.jpg?v=1774455792,urban-legend-kids-graffiti-hoodie-cutout.png
urban-legend-kids-graffiti-hoodie,9175877845219,4,0,https://cdn.shopify.com/s/files/1/0788/2358/8067/files/be2999ce-il_fullxfull.7739936905_m6rb.jpg?v=1774455791,urban-legend-kids-graffiti-hoodie-cutout.png
urban-legend-kids-graffiti-hoodie,9175877845219,5,0,https://cdn.shopify.com/s/files/1/0788/2358/8067/files/470c6761-il_fullxfull.7691993328_dtyv.jpg?v=1774455791,urban-legend-kids-graffiti-hoodie-cutout.png
urban-legend-kids-graffiti-hoodie,9175877845219,6,0,https://cdn.shopify.com/s/files/1/0788/2358/8067/files/1a9d22e3-il_fullxfull.7691993400_pp96.jpg?v=1774455792,urban-legend-kids-graffiti-hoodie-cutout.png
urban-legend-kids-graffiti-hoodie,9175877845219,7,0,https://cdn.shopify.com/s/files/1/0788/2358/8067/files/c03e60e6-il_fullxfull.7691993480_o4pq.jpg?v=1774455792,urban-legend-kids-graffiti-hoodie-cutout.png
urban-legend-kids-graffiti-hoodie,9175877845219,8,0,https://cdn.shopify.com/s/files/1/0788/2358/8067/files/ba313892-il_fullxfull.7739937281_mmib.jpg?v=1774455792,urban-legend-kids-graffiti-hoodie-cutout.png
urban-legend-kids-graffiti-hoodie,9175877845219,9,0,https://cdn.shopify.com/s/files/1/0788/2358/8067/files/c10aae04-il_fullxfull.7691993640_j1ee.jpg?v=1774455791,urban-legend-kids-graffiti-hoodie-cutout.png
urban-legend-kids-graffiti-hoodie,9175877845219,10,0,https://cdn.shopify.com/s/files/1/0788/2358/8067/files/f4e935e6-il_fullxfull.7739937419_a612.jpg?v=1774455792,urban-legend-kids-graffiti-hoodie-cutout.png
urban-sign-overload-svg,9260709085411,0,1,https://cdn.shopify.com/s/files/1/0788/2358/8067/files/urban-sign-overload-svg-all-over-print-sublimation-digital-download-dark-street-signs-vector-art-5741220.png?v=1782724212,urban-sign-overload-svg-cutout.png
urban-woodland-camo-fleece-lined-hoodie,9225766437091,0,1,https://cdn.shopify.com/s/files/1/0788/2358/8067/files/all-over-print-mens-thicken-pullover-hoodie-4034991.jpg?v=1776768482,urban-woodland-camo-fleece-lined-hoodie-cutout.png
urban-woodland-camo-fleece-lined-hoodie,9225766437091,1,0,https://cdn.shopify.com/s/files/1/0788/2358/8067/files/all-over-print-mens-thicken-pullover-hoodie-4518888.jpg?v=1776174130,urban-woodland-camo-fleece-lined-hoodie-cutout.png
urban-woodland-camo-fleece-lined-hoodie,9225766437091,2,0,https://cdn.shopify.com/s/files/1/0788/2358/8067/files/all-over-print-mens-thicken-pullover-hoodie-9141935.png?v=1776174130,urban-woodland-camo-fleece-lined-hoodie-cutout.png
vandals-velvet-martin-short-boots,9175879745763,0,1,https://cdn.shopify.com/s/files/1/0788/2358/8067/files/c2d03dd5-il_fullxfull.7737823389_rcp0.jpg?v=1774790585,vandals-velvet-martin-short-boots-cutout.png
vandals-velvet-martin-short-boots,9175879745763,1,0,https://cdn.shopify.com/s/files/1/0788/2358/8067/files/502fba78-il_fullxfull.7738003773_3w08.jpg?v=1774790585,vandals-velvet-martin-short-boots-cutout.png
vandals-velvet-martin-short-boots,9175879745763,2,0,https://cdn.shopify.com/s/files/1/0788/2358/8067/files/eac7358b-il_fullxfull.7738004339_s4t0.jpg?v=1774790585,vandals-velvet-martin-short-boots-cutout.png
vandals-velvet-martin-short-boots,9175879745763,3,0,https://cdn.shopify.com/s/files/1/0788/2358/8067/files/374e9278-il_fullxfull.7690070648_l3d6.jpg?v=1774790586,vandals-velvet-martin-short-boots-cutout.png
vandals-velvet-martin-short-boots,9175879745763,4,0,https://cdn.shopify.com/s/files/1/0788/2358/8067/files/211fdb67-il_fullxfull.7690070616_dlm7.jpg?v=1774790585,vandals-velvet-martin-short-boots-cutout.png
vandals-velvet-martin-short-boots,9175879745763,5,0,https://cdn.shopify.com/s/files/1/0788/2358/8067/files/8f115680-il_fullxfull.7690070744_78nx.jpg?v=1774790585,vandals-velvet-martin-short-boots-cutout.png
vandals-velvet-martin-short-boots,9175879745763,6,0,https://cdn.shopify.com/s/files/1/0788/2358/8067/files/b2b9163d-il_fullxfull.7738014089_pdef.jpg?v=1774790585,vandals-velvet-martin-short-boots-cutout.png
vandals-velvet-patchwork-ankle-boots,9175878107363,0,1,https://cdn.shopify.com/s/files/1/0788/2358/8067/files/vandals-velvet-patchwork-ankle-boots-micro-suede-maximalist-fashion-footwear-for-bold-expression-1561077.png?v=1782724387,vandals-velvet-patchwork-ankle-boots-cutout.png
vandals-velvet-patchwork-ankle-boots,9175878107363,1,0,https://cdn.shopify.com/s/files/1/0788/2358/8067/files/60f22187-il_fullxfull.7676319646_jt7q.jpg?v=1774790707,vandals-velvet-patchwork-ankle-boots-cutout.png
vandals-velvet-patchwork-ankle-boots,9175878107363,2,0,https://cdn.shopify.com/s/files/1/0788/2358/8067/files/d23a3d7d-il_fullxfull.7724266781_h3td.jpg?v=1774790707,vandals-velvet-patchwork-ankle-boots-cutout.png
vandals-velvet-patchwork-ankle-boots,9175878107363,3,0,https://cdn.shopify.com/s/files/1/0788/2358/8067/files/180d9221-il_fullxfull.7676320252_t53g.jpg?v=1774790707,vandals-velvet-patchwork-ankle-boots-cutout.png
vandals-velvet-patchwork-ankle-boots,9175878107363,4,0,https://cdn.shopify.com/s/files/1/0788/2358/8067/files/871f6c4f-il_fullxfull.7724267579_t6zs.jpg?v=1774790707,vandals-velvet-patchwork-ankle-boots-cutout.png
vandals-velvet-patchwork-ankle-boots,9175878107363,5,0,https://cdn.shopify.com/s/files/1/0788/2358/8067/files/135c9c95-il_fullxfull.7724267833_q9d1.jpg?v=1774790707,vandals-velvet-patchwork-ankle-boots-cutout.png
vandals-velvet-patchwork-ankle-boots,9175878107363,6,0,https://cdn.shopify.com/s/files/1/0788/2358/8067/files/776b79f5-il_fullxfull.7724268067_zdtg.jpg?v=1774790707,vandals-velvet-patchwork-ankle-boots-cutout.png
vandals-velvet-patchwork-ankle-boots,9175878107363,7,0,https://cdn.shopify.com/s/files/1/0788/2358/8067/files/09c6d009-il_fullxfull.7676321624_gyym.jpg?v=1774790707,vandals-velvet-patchwork-ankle-boots-cutout.png
vapor-wave-y2k-graphic-t-shirt,9260921880803,0,1,https://cdn.shopify.com/s/files/1/0788/2358/8067/files/vapor-wave-y2k-t-shirt-unisex-tee-graphic-shirt-vaporwave-aesthetic-top-retro-90s-clothing-9773373.jpg?v=1782724212,vapor-wave-y2k-graphic-t-shirt-cutout.png
vapor-wave-y2k-graphic-t-shirt,9260921880803,1,0,https://cdn.shopify.com/s/files/1/0788/2358/8067/files/vapor-wave-y2k-t-shirt-unisex-tee-graphic-shirt-vaporwave-aesthetic-top-retro-90s-clothing-9594464.jpg?v=1782724097,vapor-wave-y2k-graphic-t-shirt-cutout.png
vapor-wave-y2k-graphic-t-shirt,9260921880803,2,0,https://cdn.shopify.com/s/files/1/0788/2358/8067/files/vapor-wave-y2k-t-shirt-unisex-tee-graphic-shirt-vaporwave-aesthetic-top-retro-90s-clothing-5476125.jpg?v=1782724097,vapor-wave-y2k-graphic-t-shirt-cutout.png
vapor-wave-y2k-graphic-t-shirt,9260921880803,3,0,https://cdn.shopify.com/s/files/1/0788/2358/8067/files/vapor-wave-y2k-t-shirt-unisex-tee-graphic-shirt-vaporwave-aesthetic-top-retro-90s-clothing-6463639.jpg?v=1782724096,vapor-wave-y2k-graphic-t-shirt-cutout.png
vapor-wave-y2k-graphic-t-shirt,9260921880803,4,0,https://cdn.shopify.com/s/files/1/0788/2358/8067/files/vapor-wave-y2k-t-shirt-unisex-tee-graphic-shirt-vaporwave-aesthetic-top-retro-90s-clothing-3381008.jpg?v=1782724213,vapor-wave-y2k-graphic-t-shirt-cutout.png
vapor-wave-y2k-graphic-t-shirt,9260921880803,5,0,https://cdn.shopify.com/s/files/1/0788/2358/8067/files/vapor-wave-y2k-t-shirt-unisex-tee-graphic-shirt-vaporwave-aesthetic-top-retro-90s-clothing-9954544.jpg?v=1782724096,vapor-wave-y2k-graphic-t-shirt-cutout.png
vapor-wave-y2k-graphic-t-shirt,9260921880803,6,0,https://cdn.shopify.com/s/files/1/0788/2358/8067/files/vapor-wave-y2k-t-shirt-unisex-tee-graphic-shirt-vaporwave-aesthetic-top-retro-90s-clothing-8506697.jpg?v=1782724214,vapor-wave-y2k-graphic-t-shirt-cutout.png
vapor-wave-y2k-graphic-t-shirt,9260921880803,7,0,https://cdn.shopify.com/s/files/1/0788/2358/8067/files/vapor-wave-y2k-t-shirt-unisex-tee-graphic-shirt-vaporwave-aesthetic-top-retro-90s-clothing-2158963.jpg?v=1782724096,vapor-wave-y2k-graphic-t-shirt-cutout.png
vapor-wave-y2k-graphic-t-shirt,9260921880803,8,0,https://cdn.shopify.com/s/files/1/0788/2358/8067/files/vapor-wave-y2k-t-shirt-unisex-tee-graphic-shirt-vaporwave-aesthetic-top-retro-90s-clothing-7745525.jpg?v=1782724096,vapor-wave-y2k-graphic-t-shirt-cutout.png
vapor-wave-y2k-graphic-t-shirt,9260921880803,9,0,https://cdn.shopify.com/s/files/1/0788/2358/8067/files/vapor-wave-y2k-t-shirt-unisex-tee-graphic-shirt-vaporwave-aesthetic-top-retro-90s-clothing-1348072.jpg?v=1782724095,vapor-wave-y2k-graphic-t-shirt-cutout.png
vapor-wave-y2k-graphic-t-shirt,9260921880803,10,0,https://cdn.shopify.com/s/files/1/0788/2358/8067/files/vapor-wave-y2k-t-shirt-unisex-tee-graphic-shirt-vaporwave-aesthetic-top-retro-90s-clothing-2981047.jpg?v=1782724097,vapor-wave-y2k-graphic-t-shirt-cutout.png
vapor-wave-y2k-graphic-t-shirt,9260921880803,11,0,https://cdn.shopify.com/s/files/1/0788/2358/8067/files/vapor-wave-y2k-t-shirt-unisex-tee-graphic-shirt-vaporwave-aesthetic-top-retro-90s-clothing-1971951.jpg?v=1782724215,vapor-wave-y2k-graphic-t-shirt-cutout.png
vegas-gems-big-dreamer-snapback,9175877189859,0,1,https://cdn.shopify.com/s/files/1/0788/2358/8067/files/180d5be1-il_fullxfull.7724266349_eqzk.jpg?v=1774455950,vegas-gems-big-dreamer-snapback-cutout.png
vegas-gems-big-dreamer-snapback,9175877189859,1,0,https://cdn.shopify.com/s/files/1/0788/2358/8067/files/c338a252-il_fullxfull.7724266725_og0s.jpg?v=1774455949,vegas-gems-big-dreamer-snapback-cutout.png
vegas-gems-big-dreamer-snapback,9175877189859,2,0,https://cdn.shopify.com/s/files/1/0788/2358/8067/files/90c6ef69-il_fullxfull.7724267067_3a23.jpg?v=1774455950,vegas-gems-big-dreamer-snapback-cutout.png
vegas-gems-big-dreamer-snapback,9175877189859,3,0,https://cdn.shopify.com/s/files/1/0788/2358/8067/files/23e84473-il_fullxfull.7676320696_ijq6.jpg?v=1774455949,vegas-gems-big-dreamer-snapback-cutout.png
vegas-gems-big-dreamer-snapback,9175877189859,4,0,https://cdn.shopify.com/s/files/1/0788/2358/8067/files/1beb0247-il_fullxfull.7724267819_mbda.jpg?v=1774455949,vegas-gems-big-dreamer-snapback-cutout.png
vegas-gems-big-dreamer-snapback,9175877189859,5,0,https://cdn.shopify.com/s/files/1/0788/2358/8067/files/cb8c67c8-il_fullxfull.7724268231_gx9p.jpg?v=1774455950,vegas-gems-big-dreamer-snapback-cutout.png
vegas-gems-big-dreamer-snapback,9175877189859,6,0,https://cdn.shopify.com/s/files/1/0788/2358/8067/files/8d361770-il_fullxfull.7676321842_5s1l.jpg?v=1774455950,vegas-gems-big-dreamer-snapback-cutout.png
vegas-gems-big-dreamer-snapback,9175877189859,7,0,https://cdn.shopify.com/s/files/1/0788/2358/8067/files/bcbe39d1-il_fullxfull.7724269149_cqnj.jpg?v=1774455887,vegas-gems-big-dreamer-snapback-cutout.png
vegas-gems-big-dreamer-snapback,9175877189859,8,0,https://cdn.shopify.com/s/files/1/0788/2358/8067/files/4752fbde-il_fullxfull.7676322700_oih8.jpg?v=1774790770,vegas-gems-big-dreamer-snapback-cutout.png
vegas-gems-big-dreamer-snapback,9175877189859,9,0,https://cdn.shopify.com/s/files/1/0788/2358/8067/files/b73fc422-il_fullxfull.7676323014_qggb.jpg?v=1774790770,vegas-gems-big-dreamer-snapback-cutout.png
velvet-ambrosia-explosive-aop-full-zip-hoodie,9175876600035,0,1,https://cdn.shopify.com/s/files/1/0788/2358/8067/files/c05f7b11-il_fullxfull.7685058328_1zto.jpg?v=1774790953,velvet-ambrosia-explosive-aop-full-zip-hoodie-cutout.png
velvet-ambrosia-explosive-aop-full-zip-hoodie,9175876600035,1,0,https://cdn.shopify.com/s/files/1/0788/2358/8067/files/bfc46d75-il_fullxfull.7733002915_5hoi.jpg?v=1774790953,velvet-ambrosia-explosive-aop-full-zip-hoodie-cutout.png
velvet-ambrosia-explosive-aop-full-zip-hoodie,9175876600035,2,0,https://cdn.shopify.com/s/files/1/0788/2358/8067/files/da162bb6-il_fullxfull.7733002939_59tz.jpg?v=1774790953,velvet-ambrosia-explosive-aop-full-zip-hoodie-cutout.png
velvet-ambrosia-explosive-aop-full-zip-hoodie,9175876600035,3,0,https://cdn.shopify.com/s/files/1/0788/2358/8067/files/b35cc002-il_fullxfull.7685058390_b5az.jpg?v=1774790953,velvet-ambrosia-explosive-aop-full-zip-hoodie-cutout.png
velvet-ambrosia-explosive-aop-full-zip-hoodie,9175876600035,4,0,https://cdn.shopify.com/s/files/1/0788/2358/8067/files/ff12fb71-il_fullxfull.7733002957_80sh.jpg?v=1774790953,velvet-ambrosia-explosive-aop-full-zip-hoodie-cutout.png
velvet-ambrosia-explosive-aop-full-zip-hoodie,9175876600035,5,0,https://cdn.shopify.com/s/files/1/0788/2358/8067/files/69c2e2f1-il_fullxfull.7685058408_gfqk.jpg?v=1774790953,velvet-ambrosia-explosive-aop-full-zip-hoodie-cutout.png
velvet-ambrosia-explosive-aop-full-zip-hoodie,9175876600035,6,0,https://cdn.shopify.com/s/files/1/0788/2358/8067/files/3f754a83-il_fullxfull.7685058446_tocw.jpg?v=1774790953,velvet-ambrosia-explosive-aop-full-zip-hoodie-cutout.png
velvet-ambrosia-explosive-aop-full-zip-hoodie,9175876600035,7,0,https://cdn.shopify.com/s/files/1/0788/2358/8067/files/597f07d8-il_fullxfull.7685058470_kkfl.jpg?v=1774790953,velvet-ambrosia-explosive-aop-full-zip-hoodie-cutout.png
velvet-ambrosia-explosive-aop-full-zip-hoodie,9175876600035,8,0,https://cdn.shopify.com/s/files/1/0788/2358/8067/files/32755954-il_fullxfull.7685058486_q6bl.jpg?v=1774790954,velvet-ambrosia-explosive-aop-full-zip-hoodie-cutout.png
velvet-ambrosia-explosive-aop-full-zip-hoodie,9175876600035,9,0,https://cdn.shopify.com/s/files/1/0788/2358/8067/files/e1411490-il_fullxfull.7685058498_6acv.jpg?v=1774790953,velvet-ambrosia-explosive-aop-full-zip-hoodie-cutout.png
venomous-custom-print-premium-shirt,9185452687587,0,1,https://cdn.shopify.com/s/files/1/0788/2358/8067/files/venomous-custom-print-shirt-silk-linen-or-organic-cotton-9199316.png?v=1778120107,venomous-custom-print-premium-shirt-cutout.png
venomous-custom-print-premium-shirt,9185452687587,1,0,https://cdn.shopify.com/s/files/1/0788/2358/8067/files/2944696_0_3d.jpg?v=1774790345,venomous-custom-print-premium-shirt-cutout.png
venomous-custom-print-premium-shirt,9185452687587,2,0,https://cdn.shopify.com/s/files/1/0788/2358/8067/files/2944696_1_3d.jpg?v=1774790345,venomous-custom-print-premium-shirt-cutout.png
venomous-custom-print-premium-shirt,9185452687587,3,0,https://cdn.shopify.com/s/files/1/0788/2358/8067/files/2944696_2_3d.jpg?v=1774790345,venomous-custom-print-premium-shirt-cutout.png
venomous-custom-print-premium-shirt,9185452687587,4,0,https://cdn.shopify.com/s/files/1/0788/2358/8067/files/2944696_3_3d.jpg?v=1774790345,venomous-custom-print-premium-shirt-cutout.png
venomous-custom-print-premium-shirt,9185452687587,5,0,https://cdn.shopify.com/s/files/1/0788/2358/8067/files/2944696_4_3d.jpg?v=1774790345,venomous-custom-print-premium-shirt-cutout.png
venomous-custom-print-premium-shirt,9185452687587,6,0,https://cdn.shopify.com/s/files/1/0788/2358/8067/files/2944696_5_3d.jpg?v=1774790345,venomous-custom-print-premium-shirt-cutout.png
venomous-custom-print-premium-shirt,9185452687587,7,0,https://cdn.shopify.com/s/files/1/0788/2358/8067/files/2944696_6_3d.jpg?v=1774790345,venomous-custom-print-premium-shirt-cutout.png
vibrant-abstract-aop-full-zip-hoodie,9214500045027,0,1,https://cdn.shopify.com/s/files/1/0788/2358/8067/files/vibrant-abstract-aop-full-zip-hoodie-gold-zipper-black-white-5069223.png?v=1777788609,vibrant-abstract-aop-full-zip-hoodie-cutout.png
vibrant-abstract-aop-full-zip-hoodie,9214500045027,1,0,https://cdn.shopify.com/s/files/1/0788/2358/8067/files/17589741483467888970_2048.jpg?v=1776080526,vibrant-abstract-aop-full-zip-hoodie-cutout.png
vibrant-abstract-aop-full-zip-hoodie,9214500045027,2,0,https://cdn.shopify.com/s/files/1/0788/2358/8067/files/1736087243681595938_2048.jpg?v=1776080526,vibrant-abstract-aop-full-zip-hoodie-cutout.png
vibrant-abstract-aop-full-zip-hoodie,9214500045027,3,0,https://cdn.shopify.com/s/files/1/0788/2358/8067/files/17115765584475744374_2048.jpg?v=1776080526,vibrant-abstract-aop-full-zip-hoodie-cutout.png
vibrant-abstract-aop-full-zip-hoodie,9214500045027,4,0,https://cdn.shopify.com/s/files/1/0788/2358/8067/files/14023415420466109384_2048.jpg?v=1776080526,vibrant-abstract-aop-full-zip-hoodie-cutout.png
vibrant-abstract-aop-full-zip-hoodie,9214500045027,5,0,https://cdn.shopify.com/s/files/1/0788/2358/8067/files/17484586404909948218_2048.jpg?v=1776080525,vibrant-abstract-aop-full-zip-hoodie-cutout.png
vibrant-abstract-aop-full-zip-hoodie,9214500045027,6,0,https://cdn.shopify.com/s/files/1/0788/2358/8067/files/6300038769509476532_2048.jpg?v=1776080526,vibrant-abstract-aop-full-zip-hoodie-cutout.png
vibrant-abstract-aop-full-zip-hoodie,9214500045027,7,0,https://cdn.shopify.com/s/files/1/0788/2358/8067/files/8130205951586778212_2048.jpg?v=1776080526,vibrant-abstract-aop-full-zip-hoodie-cutout.png
vibrant-abstract-aop-full-zip-hoodie,9214500045027,8,0,https://cdn.shopify.com/s/files/1/0788/2358/8067/files/2777025636310136054_2048.jpg?v=1776080525,vibrant-abstract-aop-full-zip-hoodie-cutout.png
vibrant-abstract-satin-pajama-set,9175879516387,0,1,https://cdn.shopify.com/s/files/1/0788/2358/8067/files/ec2b6d97-il_fullxfull.7724264509_mk4e.jpg?v=1774455860,vibrant-abstract-satin-pajama-set-cutout.png
vibrant-abstract-satin-pajama-set,9175879516387,1,0,https://cdn.shopify.com/s/files/1/0788/2358/8067/files/2e3d072f-il_fullxfull.7724264701_e5vo.jpg?v=1774455860,vibrant-abstract-satin-pajama-set-cutout.png
vibrant-abstract-satin-pajama-set,9175879516387,2,0,https://cdn.shopify.com/s/files/1/0788/2358/8067/files/ab071373-il_fullxfull.7724264977_olsq.jpg?v=1774455860,vibrant-abstract-satin-pajama-set-cutout.png
vibrant-abstract-satin-pajama-set,9175879516387,3,0,https://cdn.shopify.com/s/files/1/0788/2358/8067/files/888942fc-il_fullxfull.7676318230_m3po.jpg?v=1774455860,vibrant-abstract-satin-pajama-set-cutout.png
vibrant-abstract-satin-pajama-set,9175879516387,4,0,https://cdn.shopify.com/s/files/1/0788/2358/8067/files/71690a69-il_fullxfull.7676318496_qirn.jpg?v=1774790584,vibrant-abstract-satin-pajama-set-cutout.png
vibrant-abstract-satin-pajama-set,9175879516387,5,0,https://cdn.shopify.com/s/files/1/0788/2358/8067/files/f8437d46-il_fullxfull.7724265653_armp.jpg?v=1774790584,vibrant-abstract-satin-pajama-set-cutout.png
vibrant-abstract-satin-pajama-set,9175879516387,6,0,https://cdn.shopify.com/s/files/1/0788/2358/8067/files/ec084e81-il_fullxfull.7676318814_hg81.jpg?v=1774455860,vibrant-abstract-satin-pajama-set-cutout.png
vibrant-abstract-satin-pajama-set,9175879516387,7,0,https://cdn.shopify.com/s/files/1/0788/2358/8067/files/b5675882-il_fullxfull.7676319092_my0s.jpg?v=1774455860,vibrant-abstract-satin-pajama-set-cutout.png
vibrant-abstract-satin-pajama-set,9175879516387,8,0,https://cdn.shopify.com/s/files/1/0788/2358/8067/files/6fc96cd3-il_fullxfull.7676319356_irps.jpg?v=1774455860,vibrant-abstract-satin-pajama-set-cutout.png
vibrant-abstract-splash-magsafe-phone-case,9175876534499,0,1,https://cdn.shopify.com/s/files/1/0788/2358/8067/files/353cc03d-il_fullxfull.7704672230_3ivv.jpg?v=1774455744,vibrant-abstract-splash-magsafe-phone-case-cutout.png
vibrant-abstract-splash-magsafe-phone-case,9175876534499,1,0,https://cdn.shopify.com/s/files/1/0788/2358/8067/files/6bcf9943-il_fullxfull.7691856696_dbnl.jpg?v=1774455744,vibrant-abstract-splash-magsafe-phone-case-cutout.png
vibrant-abstract-splash-magsafe-phone-case,9175876534499,2,0,https://cdn.shopify.com/s/files/1/0788/2358/8067/files/12257d15-il_fullxfull.7739798505_6e0w.jpg?v=1774790832,vibrant-abstract-splash-magsafe-phone-case-cutout.png
vibrant-abstract-splash-magsafe-phone-case,9175876534499,3,0,https://cdn.shopify.com/s/files/1/0788/2358/8067/files/072163af-il_fullxfull.7676324148_sjo5.jpg?v=1774455744,vibrant-abstract-splash-magsafe-phone-case-cutout.png
vibrant-abstract-splash-magsafe-phone-case,9175876534499,4,0,https://cdn.shopify.com/s/files/1/0788/2358/8067/files/3ad52f1a-il_fullxfull.7724271147_l8kg.jpg?v=1774455744,vibrant-abstract-splash-magsafe-phone-case-cutout.png
vibrant-abstract-splash-magsafe-phone-case,9175876534499,5,0,https://cdn.shopify.com/s/files/1/0788/2358/8067/files/dae472c1-il_fullxfull.7724271515_3lis.jpg?v=1774455745,vibrant-abstract-splash-magsafe-phone-case-cutout.png
vibrant-abstract-splash-magsafe-phone-case,9175876534499,6,0,https://cdn.shopify.com/s/files/1/0788/2358/8067/files/1c1c9b84-il_fullxfull.7676325040_enfi.jpg?v=1774455782,vibrant-abstract-splash-magsafe-phone-case-cutout.png
vibrant-abstract-splash-magsafe-phone-case,9175876534499,7,0,https://cdn.shopify.com/s/files/1/0788/2358/8067/files/d971e014-il_fullxfull.7676325412_j314.jpg?v=1774455782,vibrant-abstract-splash-magsafe-phone-case-cutout.png
vibrant-abstract-splash-magsafe-phone-case,9175876534499,8,0,https://cdn.shopify.com/s/files/1/0788/2358/8067/files/49575280-il_fullxfull.7724272601_sjxw.jpg?v=1774455782,vibrant-abstract-splash-magsafe-phone-case-cutout.png
vibrant-abstract-splash-magsafe-phone-case,9175876534499,9,0,https://cdn.shopify.com/s/files/1/0788/2358/8067/files/064f75d6-il_fullxfull.7676326348_nqu7.jpg?v=1774455783,vibrant-abstract-splash-magsafe-phone-case-cutout.png
vibrant-aop-long-sleeve-v-neck,9214499619043,0,1,https://cdn.shopify.com/s/files/1/0788/2358/8067/files/colorful-womans-long-sleeve-v-neck-style-aop-shirt-with-vibrant-colors-built-in-confidence-boosting-construction-bonus-keeps-you-glown-up-4594363.png?v=1777788609,vibrant-aop-long-sleeve-v-neck-cutout.png
vibrant-aop-long-sleeve-v-neck,9214499619043,1,0,https://cdn.shopify.com/s/files/1/0788/2358/8067/files/10269730012885483452_2048.jpg?v=1775470988,vibrant-aop-long-sleeve-v-neck-cutout.png
vibrant-aop-long-sleeve-v-neck,9214499619043,2,0,https://cdn.shopify.com/s/files/1/0788/2358/8067/files/7744953926134989892_2048.jpg?v=1775470992,vibrant-aop-long-sleeve-v-neck-cutout.png
vibrant-aop-long-sleeve-v-neck,9214499619043,3,0,https://cdn.shopify.com/s/files/1/0788/2358/8067/files/1234411296106977999_2048.jpg?v=1775470996,vibrant-aop-long-sleeve-v-neck-cutout.png
vibrant-aop-long-sleeve-v-neck,9214499619043,4,0,https://cdn.shopify.com/s/files/1/0788/2358/8067/files/2259226309531005207_2048.jpg?v=1775471001,vibrant-aop-long-sleeve-v-neck-cutout.png
vibrant-aop-long-sleeve-v-neck,9214499619043,5,0,https://cdn.shopify.com/s/files/1/0788/2358/8067/files/14747167681670167779_2048.jpg?v=1775471004,vibrant-aop-long-sleeve-v-neck-cutout.png
vibrant-aop-long-sleeve-v-neck,9214499619043,6,0,https://cdn.shopify.com/s/files/1/0788/2358/8067/files/15796065603870764339_2048.jpg?v=1775471008,vibrant-aop-long-sleeve-v-neck-cutout.png
vibrant-aop-long-sleeve-v-neck,9214499619043,7,0,https://cdn.shopify.com/s/files/1/0788/2358/8067/files/1259963923869842494_2048.jpg?v=1775471013,vibrant-aop-long-sleeve-v-neck-cutout.png
vibrant-carnival-map-foldable-wallet,9231810986211,0,1,https://cdn.shopify.com/s/files/1/0788/2358/8067/files/foldable-wallet-7230757.jpg?v=1776725131,vibrant-carnival-map-foldable-wallet-cutout.png
vibrant-carnival-map-foldable-wallet,9231810986211,1,0,https://cdn.shopify.com/s/files/1/0788/2358/8067/files/foldable-wallet-8633350.jpg?v=1776616932,vibrant-carnival-map-foldable-wallet-cutout.png
vibrant-carnival-map-foldable-wallet,9231810986211,2,0,https://cdn.shopify.com/s/files/1/0788/2358/8067/files/foldable-wallet-4536947.jpg?v=1776616931,vibrant-carnival-map-foldable-wallet-cutout.png
vibrant-carnival-map-foldable-wallet,9231810986211,3,0,https://cdn.shopify.com/s/files/1/0788/2358/8067/files/foldable-wallet-7473182.jpg?v=1776616931,vibrant-carnival-map-foldable-wallet-cutout.png
vibrant-carnival-map-foldable-wallet,9231810986211,4,0,https://cdn.shopify.com/s/files/1/0788/2358/8067/files/foldable-wallet-6226743.jpg?v=1776616931,vibrant-carnival-map-foldable-wallet-cutout.png
vibrant-carnival-map-foldable-wallet,9231810986211,5,0,https://cdn.shopify.com/s/files/1/0788/2358/8067/files/foldable-wallet-9534279.png?v=1776616932,vibrant-carnival-map-foldable-wallet-cutout.png
vibrant-geometric-triangle-print-hoodie,9175878500579,0,1,https://cdn.shopify.com/s/files/1/0788/2358/8067/files/a241252f-il_fullxfull.7676319200_se9u.jpg?v=1774790771,vibrant-geometric-triangle-print-hoodie-cutout.png
vibrant-geometric-triangle-print-hoodie,9175878500579,1,0,https://cdn.shopify.com/s/files/1/0788/2358/8067/files/54b4d673-il_fullxfull.7676319518_rr62.jpg?v=1774790771,vibrant-geometric-triangle-print-hoodie-cutout.png
vibrant-geometric-triangle-print-hoodie,9175878500579,2,0,https://cdn.shopify.com/s/files/1/0788/2358/8067/files/fdeeacde-il_fullxfull.7676319898_outm.jpg?v=1774790771,vibrant-geometric-triangle-print-hoodie-cutout.png
vibrant-geometric-triangle-print-hoodie,9175878500579,3,0,https://cdn.shopify.com/s/files/1/0788/2358/8067/files/f0d302ad-il_fullxfull.7724267021_m36a.jpg?v=1774790771,vibrant-geometric-triangle-print-hoodie-cutout.png
vibrant-geometric-triangle-print-hoodie,9175878500579,4,0,https://cdn.shopify.com/s/files/1/0788/2358/8067/files/fc94a441-il_fullxfull.7676320556_rjhs.jpg?v=1774790771,vibrant-geometric-triangle-print-hoodie-cutout.png
vibrant-geometric-triangle-print-hoodie,9175878500579,5,0,https://cdn.shopify.com/s/files/1/0788/2358/8067/files/22570d2e-il_fullxfull.7676320950_7i6a.jpg?v=1774790771,vibrant-geometric-triangle-print-hoodie-cutout.png
vibrant-mens-hawaiian-camp-shirt,9214500176099,0,1,https://cdn.shopify.com/s/files/1/0788/2358/8067/files/vibrant-mens-hawaiian-camp-shirt-tropical-vacation-wear-beach-party-essentials-fun-summer-fashion-colorful-aop-shirt-9412564.png?v=1777788607,vibrant-mens-hawaiian-camp-shirt-cutout.png
vibrant-mens-hawaiian-camp-shirt,9214500176099,1,0,https://cdn.shopify.com/s/files/1/0788/2358/8067/files/11523622092444375926_2048.png?v=1776080526,vibrant-mens-hawaiian-camp-shirt-cutout.png
vibrant-mens-hawaiian-camp-shirt,9214500176099,2,0,https://cdn.shopify.com/s/files/1/0788/2358/8067/files/11523622092444375926_2048.jpg?v=1775873075,vibrant-mens-hawaiian-camp-shirt-cutout.png
vibrant-mens-hawaiian-camp-shirt,9214500176099,3,0,https://cdn.shopify.com/s/files/1/0788/2358/8067/files/11484979235852441431_2048.jpg?v=1775873075,vibrant-mens-hawaiian-camp-shirt-cutout.png
vibrant-mens-hawaiian-camp-shirt,9214500176099,4,0,https://cdn.shopify.com/s/files/1/0788/2358/8067/files/6808323145411054758_2048.jpg?v=1775873075,vibrant-mens-hawaiian-camp-shirt-cutout.png
vibrant-mens-hawaiian-camp-shirt,9214500176099,5,0,https://cdn.shopify.com/s/files/1/0788/2358/8067/files/1409677473587982288_2048.jpg?v=1775873075,vibrant-mens-hawaiian-camp-shirt-cutout.png
vibrant-mens-hawaiian-camp-shirt,9214500176099,6,0,https://cdn.shopify.com/s/files/1/0788/2358/8067/files/7676400709247874404_2048.jpg?v=1775873075,vibrant-mens-hawaiian-camp-shirt-cutout.png
vibrant-mens-hawaiian-camp-shirt,9214500176099,7,0,https://cdn.shopify.com/s/files/1/0788/2358/8067/files/6631314943605034514_2048.jpg?v=1775873075,vibrant-mens-hawaiian-camp-shirt-cutout.png
vibrant-prism-sleeveless-maxi-dress,9231812264163,0,1,https://cdn.shopify.com/s/files/1/0788/2358/8067/files/vibrant-prism-x-high-waistline-sleeveless-maxi-dress-3650710.png?v=1776713888,vibrant-prism-sleeveless-maxi-dress-cutout.png
vibrant-prism-sleeveless-maxi-dress,9231812264163,1,0,https://cdn.shopify.com/s/files/1/0788/2358/8067/files/vibrant-prism-x-high-waistline-sleeveless-maxi-dress-8081189.png?v=1776713888,vibrant-prism-sleeveless-maxi-dress-cutout.png
vibrant-prism-sleeveless-maxi-dress,9231812264163,2,0,https://cdn.shopify.com/s/files/1/0788/2358/8067/files/all-over-print-womens-sleeveless-maxi-dress-2843194.jpg?v=1776627376,vibrant-prism-sleeveless-maxi-dress-cutout.png
vibrant-prism-sleeveless-maxi-dress,9231812264163,3,0,https://cdn.shopify.com/s/files/1/0788/2358/8067/files/all-over-print-womens-sleeveless-maxi-dress-3894085.jpg?v=1776627376,vibrant-prism-sleeveless-maxi-dress-cutout.png
vibrant-prism-sleeveless-maxi-dress,9231812264163,4,0,https://cdn.shopify.com/s/files/1/0788/2358/8067/files/all-over-print-womens-sleeveless-maxi-dress-8544864.jpg?v=1776627376,vibrant-prism-sleeveless-maxi-dress-cutout.png
vibrant-prism-sleeveless-maxi-dress,9231812264163,5,0,https://cdn.shopify.com/s/files/1/0788/2358/8067/files/vibrant-prism-x-high-waistline-sleeveless-maxi-dress-6283646.png?v=1776713888,vibrant-prism-sleeveless-maxi-dress-cutout.png
vibrant-psychedelic-swirl-winter-jacket,9175879123171,0,1,https://cdn.shopify.com/s/files/1/0788/2358/8067/files/vibrant-psychedelic-swirl-winter-jacket-fur-lined-320-gsm-ultra-warm-streetwear-hoodie-6650479.png?v=1778286006,vibrant-psychedelic-swirl-winter-jacket-cutout.png
vibrant-psychedelic-swirl-winter-jacket,9175879123171,1,0,https://cdn.shopify.com/s/files/1/0788/2358/8067/files/4ebb6cf0-il_fullxfull.7724266209_loe6.jpg?v=1774791011,vibrant-psychedelic-swirl-winter-jacket-cutout.png
vibrant-psychedelic-swirl-winter-jacket,9175879123171,2,0,https://cdn.shopify.com/s/files/1/0788/2358/8067/files/823af248-il_fullxfull.7676319612_ppx5.jpg?v=1774791011,vibrant-psychedelic-swirl-winter-jacket-cutout.png
vibrant-psychedelic-swirl-winter-jacket,9175879123171,3,0,https://cdn.shopify.com/s/files/1/0788/2358/8067/files/f4d55fb8-il_fullxfull.7676320032_dqr8.jpg?v=1774791011,vibrant-psychedelic-swirl-winter-jacket-cutout.png
vibrant-sunset-gradient-silk-like-pajama-set,9175878762723,0,1,https://cdn.shopify.com/s/files/1/0788/2358/8067/files/fb8d22a8-il_fullxfull.7676319010_fhee.jpg?v=1774790826,vibrant-sunset-gradient-silk-like-pajama-set-cutout.png
vibrant-sunset-gradient-silk-like-pajama-set,9175878762723,1,0,https://cdn.shopify.com/s/files/1/0788/2358/8067/files/3e23eaea-il_fullxfull.7676319280_sbt4.jpg?v=1774790826,vibrant-sunset-gradient-silk-like-pajama-set-cutout.png
vibrant-sunset-gradient-silk-like-pajama-set,9175878762723,2,0,https://cdn.shopify.com/s/files/1/0788/2358/8067/files/7c24e23f-il_fullxfull.7676319698_s4z8.jpg?v=1774790826,vibrant-sunset-gradient-silk-like-pajama-set-cutout.png
vibrant-sunset-gradient-silk-like-pajama-set,9175878762723,3,0,https://cdn.shopify.com/s/files/1/0788/2358/8067/files/c9de9117-il_fullxfull.7724266851_pgmb.jpg?v=1774790826,vibrant-sunset-gradient-silk-like-pajama-set-cutout.png
vibrant-sunset-gradient-silk-like-pajama-set,9175878762723,4,0,https://cdn.shopify.com/s/files/1/0788/2358/8067/files/236ab459-il_fullxfull.7724267173_lbwv.jpg?v=1774455901,vibrant-sunset-gradient-silk-like-pajama-set-cutout.png
vibrant-vector-splash-tough-phone-case,9175879024867,0,1,https://cdn.shopify.com/s/files/1/0788/2358/8067/files/80895f02-il_fullxfull.7676319184_ifkn.jpg?v=1774790832,vibrant-vector-splash-tough-phone-case-cutout.png
vibrant-vector-splash-tough-phone-case,9175879024867,1,0,https://cdn.shopify.com/s/files/1/0788/2358/8067/files/6917647f-il_fullxfull.7676319526_3vcb.jpg?v=1774790832,vibrant-vector-splash-tough-phone-case-cutout.png
vibrant-vector-splash-tough-phone-case,9175879024867,2,0,https://cdn.shopify.com/s/files/1/0788/2358/8067/files/c22ee82d-il_fullxfull.7676320058_qihs.jpg?v=1774455877,vibrant-vector-splash-tough-phone-case-cutout.png
vibrant-vigilante-aop-slub-cotton-dress-shirt,9175876305123,0,1,https://cdn.shopify.com/s/files/1/0788/2358/8067/files/vibrant-vigilante-aop-mens-slub-cotton-dress-shirt-125gsm-antibacterial-maximalist-button-down-for-wine-country-6727561.png?v=1782724507,vibrant-vigilante-aop-slub-cotton-dress-shirt-cutout.png
vibrant-vigilante-aop-slub-cotton-dress-shirt,9175876305123,1,0,https://cdn.shopify.com/s/files/1/0788/2358/8067/files/4fe3d020-il_fullxfull.7676325430_lj3x.jpg?v=1774790772,vibrant-vigilante-aop-slub-cotton-dress-shirt-cutout.png
vibrant-vigilante-aop-slub-cotton-dress-shirt,9175876305123,2,0,https://cdn.shopify.com/s/files/1/0788/2358/8067/files/vibrant-vigilante-aop-mens-slub-cotton-dress-shirt-125gsm-antibacterial-maximalist-button-down-for-wine-country-2934375.png?v=1782724507,vibrant-vigilante-aop-slub-cotton-dress-shirt-cutout.png
vibrant-vigilante-aop-slub-cotton-dress-shirt,9175876305123,3,0,https://cdn.shopify.com/s/files/1/0788/2358/8067/files/dae97331-il_fullxfull.7724272637_6eur.jpg?v=1774790772,vibrant-vigilante-aop-slub-cotton-dress-shirt-cutout.png
vibrant-vigilante-aop-slub-cotton-dress-shirt,9175876305123,4,0,https://cdn.shopify.com/s/files/1/0788/2358/8067/files/e29ad141-il_fullxfull.7676326428_1p7y.jpg?v=1774790772,vibrant-vigilante-aop-slub-cotton-dress-shirt-cutout.png
vibrant-vigilante-aop-slub-cotton-dress-shirt,9175876305123,5,0,https://cdn.shopify.com/s/files/1/0788/2358/8067/files/917d2376-il_fullxfull.7676326896_hmbu.jpg?v=1774790772,vibrant-vigilante-aop-slub-cotton-dress-shirt-cutout.png
vibrant-vigilante-aop-slub-cotton-dress-shirt,9175876305123,6,0,https://cdn.shopify.com/s/files/1/0788/2358/8067/files/463bddd6-il_fullxfull.7724273967_ej8y.jpg?v=1774790772,vibrant-vigilante-aop-slub-cotton-dress-shirt-cutout.png
vibrant-vigilante-aop-slub-cotton-dress-shirt,9175876305123,7,0,https://cdn.shopify.com/s/files/1/0788/2358/8067/files/7e832051-il_fullxfull.7724274455_qlj2.jpg?v=1774790772,vibrant-vigilante-aop-slub-cotton-dress-shirt-cutout.png
vibrant-vigilante-aop-slub-cotton-dress-shirt,9175876305123,8,0,https://cdn.shopify.com/s/files/1/0788/2358/8067/files/45d83991-il_fullxfull.7676327996_h182.jpg?v=1774790772,vibrant-vigilante-aop-slub-cotton-dress-shirt-cutout.png
vibrant-vigilante-aop-slub-cotton-dress-shirt,9175876305123,9,0,https://cdn.shopify.com/s/files/1/0788/2358/8067/files/60c988d6-il_fullxfull.7676328200_hn8r.jpg?v=1774790772,vibrant-vigilante-aop-slub-cotton-dress-shirt-cutout.png
vibrant-water-splash-pullover-hoodie,9175880171747,0,1,https://cdn.shopify.com/s/files/1/0788/2358/8067/files/vibrant-water-splash-hoodie-psychedelic-fluid-art-pullover-9939922.png?v=1778286006,vibrant-water-splash-pullover-hoodie-cutout.png
vibrant-water-splash-pullover-hoodie,9175880171747,1,0,https://cdn.shopify.com/s/files/1/0788/2358/8067/files/d5a2f899-il_fullxfull.7705298330_a0yk.jpg?v=1774790585,vibrant-water-splash-pullover-hoodie-cutout.png
vibrant-water-splash-pullover-hoodie,9175880171747,2,0,https://cdn.shopify.com/s/files/1/0788/2358/8067/files/636105b3-il_fullxfull.7689856428_8wj5.jpg?v=1774790585,vibrant-water-splash-pullover-hoodie-cutout.png
vibrant-water-splash-pullover-hoodie,9175880171747,3,0,https://cdn.shopify.com/s/files/1/0788/2358/8067/files/9ffc534e-il_fullxfull.7689856462_s6ol.jpg?v=1774790585,vibrant-water-splash-pullover-hoodie-cutout.png
vibrant-water-splash-pullover-hoodie,9175880171747,4,0,https://cdn.shopify.com/s/files/1/0788/2358/8067/files/5860a672-il_fullxfull.7689856514_g8xf.jpg?v=1774790585,vibrant-water-splash-pullover-hoodie-cutout.png
vibrant-water-splash-pullover-hoodie,9175880171747,5,0,https://cdn.shopify.com/s/files/1/0788/2358/8067/files/0d2c933c-il_fullxfull.7737799831_88fa.jpg?v=1774790585,vibrant-water-splash-pullover-hoodie-cutout.png
vibrant-water-splash-pullover-hoodie,9175880171747,6,0,https://cdn.shopify.com/s/files/1/0788/2358/8067/files/3c83ce3f-il_fullxfull.7689856540_q1eo.jpg?v=1774790585,vibrant-water-splash-pullover-hoodie-cutout.png
vibrant-water-splash-pullover-hoodie,9175880171747,7,0,https://cdn.shopify.com/s/files/1/0788/2358/8067/files/a9650f42-il_fullxfull.7737799861_opsh.jpg?v=1774790585,vibrant-water-splash-pullover-hoodie-cutout.png
vibrant-water-splash-pullover-hoodie,9175880171747,8,0,https://cdn.shopify.com/s/files/1/0788/2358/8067/files/778360ad-il_fullxfull.7689856426_k28h.jpg?v=1774790585,vibrant-water-splash-pullover-hoodie-cutout.png
vibrant-wave-art-maximalist-pullover,9175879811299,0,1,https://cdn.shopify.com/s/files/1/0788/2358/8067/files/vibrant-wave-art-maximalist-pullover-abstract-geometric-sweatshirt-for-artistic-expression-3047926.png?v=1778286006,vibrant-wave-art-maximalist-pullover-cutout.png
vibrant-wave-art-maximalist-pullover,9175879811299,1,0,https://cdn.shopify.com/s/files/1/0788/2358/8067/files/71b005b9-il_fullxfull.7676317988_acvr.jpg?v=1774790713,vibrant-wave-art-maximalist-pullover-cutout.png
vibrant-wave-art-maximalist-pullover,9175879811299,2,0,https://cdn.shopify.com/s/files/1/0788/2358/8067/files/7ec46284-il_fullxfull.7676318268_9288.jpg?v=1774790713,vibrant-wave-art-maximalist-pullover-cutout.png
vibrant-wave-art-maximalist-pullover,9175879811299,3,0,https://cdn.shopify.com/s/files/1/0788/2358/8067/files/96b4a023-il_fullxfull.7724265539_ou8d.jpg?v=1774790713,vibrant-wave-art-maximalist-pullover-cutout.png
vibrational-vector-athletic-hoodie,9175877124323,0,1,https://cdn.shopify.com/s/files/1/0788/2358/8067/files/6f141633-il_fullxfull.7733064457_clp3.jpg?v=1774790892,vibrational-vector-athletic-hoodie-cutout.png
vibrational-vector-athletic-hoodie,9175877124323,1,0,https://cdn.shopify.com/s/files/1/0788/2358/8067/files/e58cb0b9-il_fullxfull.7819798567_d6nk.jpg?v=1774455949,vibrational-vector-athletic-hoodie-cutout.png
vibrational-vector-athletic-hoodie,9175877124323,2,0,https://cdn.shopify.com/s/files/1/0788/2358/8067/files/0bceb118-il_fullxfull.7724268481_tkze.jpg?v=1774455949,vibrational-vector-athletic-hoodie-cutout.png
vibrational-vector-athletic-hoodie,9175877124323,3,0,https://cdn.shopify.com/s/files/1/0788/2358/8067/files/8e3e77e1-il_fullxfull.7676322808_5ava.jpg?v=1774455949,vibrational-vector-athletic-hoodie-cutout.png
vibrational-vector-athletic-hoodie,9175877124323,4,0,https://cdn.shopify.com/s/files/1/0788/2358/8067/files/d412c083-il_fullxfull.7676322022_hqlz.jpg?v=1774455949,vibrational-vector-athletic-hoodie-cutout.png
vibrational-vector-athletic-hoodie,9175877124323,5,0,https://cdn.shopify.com/s/files/1/0788/2358/8067/files/99ffbcd8-il_fullxfull.7724269037_r14a.jpg?v=1774455950,vibrational-vector-athletic-hoodie-cutout.png
vibrational-vector-athletic-hoodie,9175877124323,6,0,https://cdn.shopify.com/s/files/1/0788/2358/8067/files/afed4f27-il_fullxfull.7724267625_gc39.jpg?v=1774790892,vibrational-vector-athletic-hoodie-cutout.png
vibrational-vector-athletic-hoodie,9175877124323,7,0,https://cdn.shopify.com/s/files/1/0788/2358/8067/files/0f124bd6-il_fullxfull.7676321100_d44x.jpg?v=1774790892,vibrational-vector-athletic-hoodie-cutout.png
vibrational-vector-athletic-hoodie,9175877124323,8,0,https://cdn.shopify.com/s/files/1/0788/2358/8067/files/263a0311-il_fullxfull.7724268047_n7zc.jpg?v=1774790892,vibrational-vector-athletic-hoodie-cutout.png
vintage-crown-jewel-one-piece-swimsuit,9175877091555,0,1,https://cdn.shopify.com/s/files/1/0788/2358/8067/files/2129d46e-il_fullxfull.7676322508_55n7.jpg?v=1774455949,vintage-crown-jewel-one-piece-swimsuit-cutout.png
vintage-crown-jewel-one-piece-swimsuit,9175877091555,1,0,https://cdn.shopify.com/s/files/1/0788/2358/8067/files/47c93e1f-il_fullxfull.7724268831_mqla.jpg?v=1774455948,vintage-crown-jewel-one-piece-swimsuit-cutout.png
vintage-crown-jewel-one-piece-swimsuit,9175877091555,2,0,https://cdn.shopify.com/s/files/1/0788/2358/8067/files/45b75737-il_fullxfull.7676322902_t5jg.jpg?v=1774455949,vintage-crown-jewel-one-piece-swimsuit-cutout.png
vintage-crown-jewel-one-piece-swimsuit,9175877091555,3,0,https://cdn.shopify.com/s/files/1/0788/2358/8067/files/5102390d-il_fullxfull.7676323302_9dvs.jpg?v=1774455949,vintage-crown-jewel-one-piece-swimsuit-cutout.png
vintage-crown-jewel-one-piece-swimsuit,9175877091555,4,0,https://cdn.shopify.com/s/files/1/0788/2358/8067/files/04e471a5-il_fullxfull.7724270365_323z.jpg?v=1774455950,vintage-crown-jewel-one-piece-swimsuit-cutout.png
vintage-crown-jewel-swimsuit,9214499487971,0,1,https://cdn.shopify.com/s/files/1/0788/2358/8067/files/swimsuit-vintage-crown-jewel-retro-summer-fashion-burning-man-mermaid-outfit-pool-party-prints-5427428.png?v=1777788667,vintage-crown-jewel-swimsuit-cutout.png
vintage-crown-jewel-swimsuit,9214499487971,1,0,https://cdn.shopify.com/s/files/1/0788/2358/8067/files/5419069539262622732_2048.jpg?v=1776080526,vintage-crown-jewel-swimsuit-cutout.png
vintage-crown-jewel-swimsuit,9214499487971,2,0,https://cdn.shopify.com/s/files/1/0788/2358/8067/files/15806033413703893688_2048.jpg?v=1776080526,vintage-crown-jewel-swimsuit-cutout.png
vintage-crown-jewel-swimsuit,9214499487971,3,0,https://cdn.shopify.com/s/files/1/0788/2358/8067/files/16369988474706578946_2048.jpg?v=1776080526,vintage-crown-jewel-swimsuit-cutout.png
vintage-crown-jewel-swimsuit,9214499487971,4,0,https://cdn.shopify.com/s/files/1/0788/2358/8067/files/17894698842368020220_2048.jpg?v=1776080526,vintage-crown-jewel-swimsuit-cutout.png
vintage-crown-jewel-swimsuit,9214499487971,5,0,https://cdn.shopify.com/s/files/1/0788/2358/8067/files/3196878485930483184_2048.jpg?v=1776080526,vintage-crown-jewel-swimsuit-cutout.png
vintage-crown-jewel-swimsuit,9214499487971,6,0,https://cdn.shopify.com/s/files/1/0788/2358/8067/files/8054320344648902650_2048.jpg?v=1776080526,vintage-crown-jewel-swimsuit-cutout.png
vintage-crown-jewel-swimsuit,9214499487971,7,0,https://cdn.shopify.com/s/files/1/0788/2358/8067/files/16033197002098338774_2048.jpg?v=1776080526,vintage-crown-jewel-swimsuit-cutout.png
vintage-crown-jewel-swimsuit,9214499487971,8,0,https://cdn.shopify.com/s/files/1/0788/2358/8067/files/7991407080805530332_2048.jpg?v=1776080526,vintage-crown-jewel-swimsuit-cutout.png
vintage-crown-jewel-swimsuit,9214499487971,9,0,https://cdn.shopify.com/s/files/1/0788/2358/8067/files/12079932058981549473_2048.jpg?v=1776080526,vintage-crown-jewel-swimsuit-cutout.png
vintage-crown-jewel-swimsuit,9214499487971,10,0,https://cdn.shopify.com/s/files/1/0788/2358/8067/files/4700913199631171219_2048.jpg?v=1776080526,vintage-crown-jewel-swimsuit-cutout.png
vintage-crown-jewel-swimsuit,9214499487971,11,0,https://cdn.shopify.com/s/files/1/0788/2358/8067/files/8597940195154600887_2048.jpg?v=1776080586,vintage-crown-jewel-swimsuit-cutout.png
vintage-wildflower-botanical-svg-bundle-356-cut-files,9529610371299,0,1,https://cdn.shopify.com/s/files/1/0788/2358/8067/files/vintage-wildflower-botanical-356-svg-bundle-for-cricut-sublimation-pod-vintage-wildflower-botanical-florals-9724931.png?v=1782815106,vintage-wildflower-botanical-svg-bundle-356-cut-files-cutout.png
vivid-abstract-aop-silk-feel-shirt,9193899557091,0,1,https://cdn.shopify.com/s/files/1/0788/2358/8067/files/all-over-print-mens-imitation-silk-short-sleeved-shirt-5189065.png?v=1778120046,vivid-abstract-aop-silk-feel-shirt-cutout.png
vivid-abstract-aop-silk-feel-shirt,9193899557091,1,0,https://cdn.shopify.com/s/files/1/0788/2358/8067/files/155733-b320a300-32e9-46d5-a43f-e6fd69aa533c.jpg?v=1774789928,vivid-abstract-aop-silk-feel-shirt-cutout.png
vivid-abstract-aop-silk-feel-shirt,9193899557091,2,0,https://cdn.shopify.com/s/files/1/0788/2358/8067/files/155733-3c153b5c-6708-421d-8bf9-f0678df796eb.jpg?v=1774789928,vivid-abstract-aop-silk-feel-shirt-cutout.png
vivid-abstract-aop-silk-feel-shirt,9193899557091,3,0,https://cdn.shopify.com/s/files/1/0788/2358/8067/files/034b5fa4-3d2a-4c8f-a32e-890ee94fbee9_20627a24-585c-4b5e-887b-06508f2e0d16.png?v=1774789928,vivid-abstract-aop-silk-feel-shirt-cutout.png
vortex-bloom-hoodie,9260924928227,0,1,https://cdn.shopify.com/s/files/1/0788/2358/8067/files/psychedelic-kaleidoscope-hoodie-festival-rave-wear-oversized-abstract-spiral-pullover-maximalist-motif-art-apparel-1639730.png?v=1782724040,vortex-bloom-hoodie-cutout.png
vortex-bloom-hoodie,9260924928227,1,0,https://cdn.shopify.com/s/files/1/0788/2358/8067/files/psychedelic-kaleidoscope-hoodie-festival-rave-wear-oversized-abstract-spiral-pullover-maximalist-motif-art-apparel-1562486.jpg?v=1782724040,vortex-bloom-hoodie-cutout.png
vortex-bloom-hoodie,9260924928227,2,0,https://cdn.shopify.com/s/files/1/0788/2358/8067/files/psychedelic-kaleidoscope-hoodie-festival-rave-wear-oversized-abstract-spiral-pullover-maximalist-motif-art-apparel-4433686.jpg?v=1782724040,vortex-bloom-hoodie-cutout.png
vortex-bloom-hoodie,9260924928227,3,0,https://cdn.shopify.com/s/files/1/0788/2358/8067/files/psychedelic-kaleidoscope-hoodie-festival-rave-wear-oversized-abstract-spiral-pullover-maximalist-motif-art-apparel-6916404.jpg?v=1782724039,vortex-bloom-hoodie-cutout.png
vortex-bloom-hoodie,9260924928227,4,0,https://cdn.shopify.com/s/files/1/0788/2358/8067/files/psychedelic-kaleidoscope-hoodie-festival-rave-wear-oversized-abstract-spiral-pullover-maximalist-motif-art-apparel-6160276.jpg?v=1782724040,vortex-bloom-hoodie-cutout.png
vortex-bloom-hoodie,9260924928227,5,0,https://cdn.shopify.com/s/files/1/0788/2358/8067/files/psychedelic-kaleidoscope-hoodie-festival-rave-wear-oversized-abstract-spiral-pullover-maximalist-motif-art-apparel-8502008.jpg?v=1782724214,vortex-bloom-hoodie-cutout.png
wall-of-graft-graffiti-aop-hoodie,9214499782883,0,1,https://cdn.shopify.com/s/files/1/0788/2358/8067/files/wall-of-graft-titti-splatter-art-digital-graphic-hoodie-8305286.png?v=1777788608,wall-of-graft-graffiti-aop-hoodie-cutout.png
wall-of-graft-graffiti-aop-hoodie,9214499782883,1,0,https://cdn.shopify.com/s/files/1/0788/2358/8067/files/wall-of-graft-titti-splatter-art-digital-graphic-hoodie-2149616.png?v=1776174134,wall-of-graft-graffiti-aop-hoodie-cutout.png
wall-of-graft-graffiti-aop-hoodie,9214499782883,2,0,https://cdn.shopify.com/s/files/1/0788/2358/8067/files/wall-of-graft-titti-splatter-art-digital-graphic-hoodie-2077120.jpg?v=1776174135,wall-of-graft-graffiti-aop-hoodie-cutout.png
wall-of-graft-graffiti-aop-hoodie,9214499782883,3,0,https://cdn.shopify.com/s/files/1/0788/2358/8067/files/wall-of-graft-titti-splatter-art-digital-graphic-hoodie-1887623.png?v=1776174134,wall-of-graft-graffiti-aop-hoodie-cutout.png
wall-of-graft-graffiti-aop-hoodie,9214499782883,4,0,https://cdn.shopify.com/s/files/1/0788/2358/8067/files/wall-of-graft-titti-splatter-art-digital-graphic-hoodie-3434211.png?v=1776174135,wall-of-graft-graffiti-aop-hoodie-cutout.png
wall-of-graft-graffiti-aop-hoodie,9214499782883,5,0,https://cdn.shopify.com/s/files/1/0788/2358/8067/files/wall-of-graft-titti-splatter-art-digital-graphic-hoodie-4602714.png?v=1776174135,wall-of-graft-graffiti-aop-hoodie-cutout.png
wall-of-graft-graffiti-aop-hoodie,9214499782883,6,0,https://cdn.shopify.com/s/files/1/0788/2358/8067/files/wall-of-graft-titti-splatter-art-digital-graphic-hoodie-8705318.png?v=1776174135,wall-of-graft-graffiti-aop-hoodie-cutout.png
wall-of-graft-graffiti-aop-hoodie,9214499782883,7,0,https://cdn.shopify.com/s/files/1/0788/2358/8067/files/wall-of-graft-titti-splatter-art-digital-graphic-hoodie-3467770.jpg?v=1776174136,wall-of-graft-graffiti-aop-hoodie-cutout.png
wall-of-graft-graffiti-aop-hoodie,9214499782883,8,0,https://cdn.shopify.com/s/files/1/0788/2358/8067/files/wall-of-graft-titti-splatter-art-digital-graphic-hoodie-8943628.jpg?v=1776174135,wall-of-graft-graffiti-aop-hoodie-cutout.png
warm-tan-cell-vexel-svg,9260747489507,0,1,https://cdn.shopify.com/s/files/1/0788/2358/8067/files/warm_tan_cell_vexel_v8.svg?v=1778522362,warm-tan-cell-vexel-svg-cutout.png
watercolor-storm-leggings,9175879876835,0,1,https://cdn.shopify.com/s/files/1/0788/2358/8067/files/maximalist-paint-splash-leggings-for-plus-size-self-expressers-abstract-expressionist-aop-tights-festival-yoga-wear-inclusive-bold-activewear-6844097.png?v=1782724389,watercolor-storm-leggings-cutout.png
watercolor-storm-leggings,9175879876835,1,0,https://cdn.shopify.com/s/files/1/0788/2358/8067/files/fd44450b-il_fullxfull.7748707827_qlw5.jpg?v=1774790465,watercolor-storm-leggings-cutout.png
watercolor-storm-leggings,9175879876835,2,0,https://cdn.shopify.com/s/files/1/0788/2358/8067/files/5d3e97af-il_fullxfull.7691714156_t3sl.jpg?v=1774790466,watercolor-storm-leggings-cutout.png
watercolor-storm-leggings,9175879876835,3,0,https://cdn.shopify.com/s/files/1/0788/2358/8067/files/559b33a6-il_fullxfull.7691714150_enst.jpg?v=1774790465,watercolor-storm-leggings-cutout.png
watercolor-storm-leggings,9175879876835,4,0,https://cdn.shopify.com/s/files/1/0788/2358/8067/files/e2f9c769-il_fullxfull.7739658431_4upz.jpg?v=1774790466,watercolor-storm-leggings-cutout.png
watercolor-storm-leggings,9175879876835,5,0,https://cdn.shopify.com/s/files/1/0788/2358/8067/files/3db8a15a-il_fullxfull.7700768804_5e9n.jpg?v=1774790466,watercolor-storm-leggings-cutout.png
watercolor-storm-leggings,9175879876835,6,0,https://cdn.shopify.com/s/files/1/0788/2358/8067/files/c0506a17-il_fullxfull.7739656277_jj4r.jpg?v=1774790466,watercolor-storm-leggings-cutout.png
watercolor-storm-leggings,9175879876835,7,0,https://cdn.shopify.com/s/files/1/0788/2358/8067/files/5bbf00ec-il_fullxfull.7691712156_os89.jpg?v=1774790466,watercolor-storm-leggings-cutout.png
watercolor-storm-leggings,9175879876835,8,0,https://cdn.shopify.com/s/files/1/0788/2358/8067/files/6626c723-il_fullxfull.7691714114_hbgy.jpg?v=1774790466,watercolor-storm-leggings-cutout.png
wave-flow-svg-bundle-22-ocean-flow-cut-files,9529611092195,0,1,https://cdn.shopify.com/s/files/1/0788/2358/8067/files/wave-flow-22-svg-bundle-for-cricut-sublimation-pod-wave-ocean-flow-line-art-5183955.png?v=1782815106,wave-flow-svg-bundle-22-ocean-flow-cut-files-cutout.png
wavy-stripe-pajama-pants,9261118947555,0,1,https://cdn.shopify.com/s/files/1/0788/2358/8067/files/wavy-stripe-pajama-pants-for-vibrant-sleepwear-collectors-jewel-tone-aop-brushed-polyester-elastic-waist-cozy-lounge-womens-assembled-in-usa-4511203.jpg?v=1782724153,wavy-stripe-pajama-pants-cutout.png
wavy-stripe-pajama-pants,9261118947555,1,0,https://cdn.shopify.com/s/files/1/0788/2358/8067/files/wavy-stripe-pajama-pants-for-vibrant-sleepwear-collectors-jewel-tone-aop-brushed-polyester-elastic-waist-cozy-lounge-womens-assembled-in-usa-2856997.jpg?v=1782724152,wavy-stripe-pajama-pants-cutout.png
wavy-stripe-pajama-pants,9261118947555,2,0,https://cdn.shopify.com/s/files/1/0788/2358/8067/files/wavy-stripe-pajama-pants-for-vibrant-sleepwear-collectors-jewel-tone-aop-brushed-polyester-elastic-waist-cozy-lounge-womens-assembled-in-usa-7005922.jpg?v=1782724153,wavy-stripe-pajama-pants-cutout.png
wavy-stripe-pajama-pants,9261118947555,3,0,https://cdn.shopify.com/s/files/1/0788/2358/8067/files/wavy-stripe-pajama-pants-for-vibrant-sleepwear-collectors-jewel-tone-aop-brushed-polyester-elastic-waist-cozy-lounge-womens-assembled-in-usa-6373601.jpg?v=1782724153,wavy-stripe-pajama-pants-cutout.png
wavy-stripe-pajama-pants,9261118947555,4,0,https://cdn.shopify.com/s/files/1/0788/2358/8067/files/wavy-stripe-pajama-pants-for-vibrant-sleepwear-collectors-jewel-tone-aop-brushed-polyester-elastic-waist-cozy-lounge-womens-assembled-in-usa-1942439.jpg?v=1782724154,wavy-stripe-pajama-pants-cutout.png
wearable-art-silk-feel-shirt-incoherent-state-of-dye,9193877897443,0,1,https://cdn.shopify.com/s/files/1/0788/2358/8067/files/abstract-print-silk-feel-shirt-all-over-print-short-sleeve-4145540.png?v=1778120046,wearable-art-silk-feel-shirt-incoherent-state-of-dye-cutout.png
wearable-art-silk-feel-shirt-incoherent-state-of-dye,9193877897443,1,0,https://cdn.shopify.com/s/files/1/0788/2358/8067/files/155733-18acb5a0-b263-44e2-9519-7dd50277f07b.jpg?v=1774789513,wearable-art-silk-feel-shirt-incoherent-state-of-dye-cutout.png
wearable-art-silk-feel-shirt-incoherent-state-of-dye,9193877897443,2,0,https://cdn.shopify.com/s/files/1/0788/2358/8067/files/155733-80333a39-bda3-48ac-bae3-4f63a09d6c87.jpg?v=1774789513,wearable-art-silk-feel-shirt-incoherent-state-of-dye-cutout.png
wearable-art-silk-feel-shirt-incoherent-state-of-dye,9193877897443,3,0,https://cdn.shopify.com/s/files/1/0788/2358/8067/files/034b5fa4-3d2a-4c8f-a32e-890ee94fbee9_2872cffc-60e8-4fc1-8e96-a5edd212733f.png?v=1774789513,wearable-art-silk-feel-shirt-incoherent-state-of-dye-cutout.png
white-wall-mixed-media-collage-svg,9260745326819,0,1,https://cdn.shopify.com/s/files/1/0788/2358/8067/files/white_wall_mixed_media_v4.svg?v=1778523268,white-wall-mixed-media-collage-svg-cutout.png
wide-leg-graffiti-print-lounge-pants,9176123769059,0,1,https://cdn.shopify.com/s/files/1/0788/2358/8067/files/all-over-print-unisex-wide-leg-pants-white-front-69b29b94c8999.jpg?v=1774790897,wide-leg-graffiti-print-lounge-pants-cutout.png
wide-leg-graffiti-print-lounge-pants,9176123769059,1,0,https://cdn.shopify.com/s/files/1/0788/2358/8067/files/all-over-print-unisex-wide-leg-pants-white-right-front-69b29b94cbc52.jpg?v=1774455982,wide-leg-graffiti-print-lounge-pants-cutout.png
wide-leg-graffiti-print-lounge-pants,9176123769059,2,0,https://cdn.shopify.com/s/files/1/0788/2358/8067/files/all-over-print-unisex-wide-leg-pants-white-front-69b29b94cca37.jpg?v=1774455982,wide-leg-graffiti-print-lounge-pants-cutout.png
wide-leg-graffiti-print-lounge-pants,9176123769059,3,0,https://cdn.shopify.com/s/files/1/0788/2358/8067/files/all-over-print-unisex-wide-leg-pants-white-back-69b29b94cae2d.jpg?v=1774455982,wide-leg-graffiti-print-lounge-pants-cutout.png
wild-brushstroke-reversible-bucket-hat,9300244037859,0,1,https://cdn.shopify.com/s/files/1/0788/2358/8067/files/festival-rave-bucket-hat-for-the-maximalist-mystic-reversible-aura-print-headwear-sun-to-dusk-rave-coverage-psychedelic-streetwear-7094323.png?v=1782724035,wild-brushstroke-reversible-bucket-hat-cutout.png
wild-brushstroke-reversible-bucket-hat,9300244037859,1,0,https://cdn.shopify.com/s/files/1/0788/2358/8067/files/festival-rave-bucket-hat-for-the-maximalist-mystic-reversible-aura-print-headwear-sun-to-dusk-rave-coverage-psychedelic-streetwear-9579087.jpg?v=1782724035,wild-brushstroke-reversible-bucket-hat-cutout.png
wild-brushstroke-reversible-bucket-hat,9300244037859,2,0,https://cdn.shopify.com/s/files/1/0788/2358/8067/files/festival-rave-bucket-hat-for-the-maximalist-mystic-reversible-aura-print-headwear-sun-to-dusk-rave-coverage-psychedelic-streetwear-2660769.jpg?v=1782724036,wild-brushstroke-reversible-bucket-hat-cutout.png
wild-brushstroke-reversible-bucket-hat,9300244037859,3,0,https://cdn.shopify.com/s/files/1/0788/2358/8067/files/festival-rave-bucket-hat-for-the-maximalist-mystic-reversible-aura-print-headwear-sun-to-dusk-rave-coverage-psychedelic-streetwear-3403581.jpg?v=1782724036,wild-brushstroke-reversible-bucket-hat-cutout.png
wild-brushstroke-reversible-bucket-hat,9300244037859,4,0,https://cdn.shopify.com/s/files/1/0788/2358/8067/files/festival-rave-bucket-hat-for-the-maximalist-mystic-reversible-aura-print-headwear-sun-to-dusk-rave-coverage-psychedelic-streetwear-8798323.jpg?v=1782724035,wild-brushstroke-reversible-bucket-hat-cutout.png
wild-brushstroke-reversible-bucket-hat,9300244037859,5,0,https://cdn.shopify.com/s/files/1/0788/2358/8067/files/festival-rave-bucket-hat-for-the-maximalist-mystic-reversible-aura-print-headwear-sun-to-dusk-rave-coverage-psychedelic-streetwear-3685500.jpg?v=1782724035,wild-brushstroke-reversible-bucket-hat-cutout.png
wild-brushstroke-reversible-bucket-hat,9300244037859,6,0,https://cdn.shopify.com/s/files/1/0788/2358/8067/files/festival-rave-bucket-hat-for-the-maximalist-mystic-reversible-aura-print-headwear-sun-to-dusk-rave-coverage-psychedelic-streetwear-8433358.jpg?v=1782724034,wild-brushstroke-reversible-bucket-hat-cutout.png
wild-brushstroke-reversible-bucket-hat,9300244037859,7,0,https://cdn.shopify.com/s/files/1/0788/2358/8067/files/festival-rave-bucket-hat-for-the-maximalist-mystic-reversible-aura-print-headwear-sun-to-dusk-rave-coverage-psychedelic-streetwear-8629871.jpg?v=1782724034,wild-brushstroke-reversible-bucket-hat-cutout.png
wild-brushstroke-reversible-bucket-hat,9300244037859,8,0,https://cdn.shopify.com/s/files/1/0788/2358/8067/files/festival-rave-bucket-hat-for-the-maximalist-mystic-reversible-aura-print-headwear-sun-to-dusk-rave-coverage-psychedelic-streetwear-7543851.jpg?v=1782724034,wild-brushstroke-reversible-bucket-hat-cutout.png
wild-fairy-dreamer-acrylic-pour-bucket-hat,9175878598883,0,1,https://cdn.shopify.com/s/files/1/0788/2358/8067/files/wild-fairy-dreamer-acrylic-pour-bucket-hat-whimsical-abstract-sun-hat-for-festival-fashion-2251386.png?v=1778286006,wild-fairy-dreamer-acrylic-pour-bucket-hat-cutout.png
wild-fairy-dreamer-acrylic-pour-bucket-hat,9175878598883,1,0,https://cdn.shopify.com/s/files/1/0788/2358/8067/files/1b272630-il_fullxfull.7724265849_bhar.jpg?v=1774790890,wild-fairy-dreamer-acrylic-pour-bucket-hat-cutout.png
wild-fairy-dreamer-acrylic-pour-bucket-hat,9175878598883,2,0,https://cdn.shopify.com/s/files/1/0788/2358/8067/files/7a814ccf-il_fullxfull.7676319214_bdcv.jpg?v=1774455956,wild-fairy-dreamer-acrylic-pour-bucket-hat-cutout.png
wild-fairy-dreamer-acrylic-pour-bucket-hat,9175878598883,3,0,https://cdn.shopify.com/s/files/1/0788/2358/8067/files/442f672f-il_fullxfull.7676319576_ezhf.jpg?v=1774790890,wild-fairy-dreamer-acrylic-pour-bucket-hat-cutout.png
wild-fairy-dreamer-acrylic-pour-bucket-hat,9175878598883,4,0,https://cdn.shopify.com/s/files/1/0788/2358/8067/files/2e211825-il_fullxfull.7676319912_q1sk.jpg?v=1774455956,wild-fairy-dreamer-acrylic-pour-bucket-hat-cutout.png
wild-fairy-dreamer-acrylic-pour-bucket-hat,9175878598883,5,0,https://cdn.shopify.com/s/files/1/0788/2358/8067/files/8ccca5d9-il_fullxfull.7724267071_ehtl.jpg?v=1774455956,wild-fairy-dreamer-acrylic-pour-bucket-hat-cutout.png
wild-fairy-dreamer-acrylic-pour-bucket-hat,9175878598883,6,0,https://cdn.shopify.com/s/files/1/0788/2358/8067/files/a8540850-il_fullxfull.7724267517_djmo.jpg?v=1774455956,wild-fairy-dreamer-acrylic-pour-bucket-hat-cutout.png
wildflower-collage-athletic-hoodie,9175876960483,0,1,https://cdn.shopify.com/s/files/1/0788/2358/8067/files/77defb62-il_fullxfull.7704586366_5kju.jpg?v=1774791005,wildflower-collage-athletic-hoodie-cutout.png
wildflower-collage-athletic-hoodie,9175876960483,1,0,https://cdn.shopify.com/s/files/1/0788/2358/8067/files/20379091-il_fullxfull.7704586368_r9hm.jpg?v=1774791004,wildflower-collage-athletic-hoodie-cutout.png
wildflower-collage-athletic-hoodie,9175876960483,2,0,https://cdn.shopify.com/s/files/1/0788/2358/8067/files/f36b5f55-il_fullxfull.7704594026_5yjw.jpg?v=1774791005,wildflower-collage-athletic-hoodie-cutout.png
wildflower-collage-athletic-hoodie,9175876960483,3,0,https://cdn.shopify.com/s/files/1/0788/2358/8067/files/b2e2907f-il_fullxfull.7676319062_r9d7.jpg?v=1774455949,wildflower-collage-athletic-hoodie-cutout.png
wildflower-collage-athletic-hoodie,9175876960483,4,0,https://cdn.shopify.com/s/files/1/0788/2358/8067/files/2af9e9e2-il_fullxfull.7676319714_6n4r.jpg?v=1774455949,wildflower-collage-athletic-hoodie-cutout.png
wildflower-heart-aop-flat-brim-cap,9175875453155,0,1,https://cdn.shopify.com/s/files/1/0788/2358/8067/files/garden-of-eden-aop-flat-brim-cap-botanical-print-hat-4635946.png?v=1782724567,wildflower-heart-aop-flat-brim-cap-cutout.png
wildflower-heart-aop-flat-brim-cap,9175875453155,1,0,https://cdn.shopify.com/s/files/1/0788/2358/8067/files/0c3a2f69-il_fullxfull.7739781791_47al.jpg?v=1774790893,wildflower-heart-aop-flat-brim-cap-cutout.png
wildflower-heart-aop-flat-brim-cap,9175875453155,2,0,https://cdn.shopify.com/s/files/1/0788/2358/8067/files/37a06de4-il_fullxfull.7691837540_9e4t.jpg?v=1774790893,wildflower-heart-aop-flat-brim-cap-cutout.png
wildflower-heart-aop-flat-brim-cap,9175875453155,3,0,https://cdn.shopify.com/s/files/1/0788/2358/8067/files/c1eeda78-il_fullxfull.7691837490_5mpn.jpg?v=1774790894,wildflower-heart-aop-flat-brim-cap-cutout.png
womens-all-over-print-pajama-pants,9261118292195,0,1,https://cdn.shopify.com/s/files/1/0788/2358/8067/files/womens-all-over-print-pajama-pants-cozy-lounge-bottoms-6670345.png?v=1782724152,womens-all-over-print-pajama-pants-cutout.png
womens-all-over-print-pajama-pants,9261118292195,1,0,https://cdn.shopify.com/s/files/1/0788/2358/8067/files/womens-all-over-print-pajama-pants-cozy-lounge-bottoms-4032631.png?v=1782724153,womens-all-over-print-pajama-pants-cutout.png
womens-all-over-print-pajama-pants,9261118292195,2,0,https://cdn.shopify.com/s/files/1/0788/2358/8067/files/womens-all-over-print-pajama-pants-cozy-lounge-bottoms-7153397.jpg?v=1782724153,womens-all-over-print-pajama-pants-cutout.png
womens-all-over-print-pajama-pants,9261118292195,3,0,https://cdn.shopify.com/s/files/1/0788/2358/8067/files/womens-all-over-print-pajama-pants-cozy-lounge-bottoms-1666977.jpg?v=1782724153,womens-all-over-print-pajama-pants-cutout.png
womens-all-over-print-pajama-pants,9261118292195,4,0,https://cdn.shopify.com/s/files/1/0788/2358/8067/files/womens-all-over-print-pajama-pants-cozy-lounge-bottoms-4753552.jpg?v=1782724153,womens-all-over-print-pajama-pants-cutout.png
womens-all-over-print-pajama-pants,9261118292195,5,0,https://cdn.shopify.com/s/files/1/0788/2358/8067/files/womens-all-over-print-pajama-pants-cozy-lounge-bottoms-7354780.jpg?v=1782724153,womens-all-over-print-pajama-pants-cutout.png
womens-all-over-print-pajama-pants,9261118292195,6,0,https://cdn.shopify.com/s/files/1/0788/2358/8067/files/womens-all-over-print-pajama-pants-cozy-lounge-bottoms-6709636.jpg?v=1782724153,womens-all-over-print-pajama-pants-cutout.png
womens-colorful-block-print-pajama-pants,9214499750115,0,1,https://cdn.shopify.com/s/files/1/0788/2358/8067/files/womens-colorful-pajama-pants-soft-lounge-pants-with-vibrant-all-over-print-toyland-designed-by-dylesmavis-5138767.png?v=1777788609,womens-colorful-block-print-pajama-pants-cutout.png
womens-colorful-block-print-pajama-pants,9214499750115,1,0,https://cdn.shopify.com/s/files/1/0788/2358/8067/files/13627085389564849838_2048.jpg?v=1776080526,womens-colorful-block-print-pajama-pants-cutout.png
woodland-forest-svg-bundle-44-cut-files,9529610993891,0,1,https://cdn.shopify.com/s/files/1/0788/2358/8067/files/woodland-forest-44-svg-bundle-for-cricut-sublimation-pod-woodland-forest-nature-art-7735988.png?v=1782815106,woodland-forest-svg-bundle-44-cut-files-cutout.png
wool-you-f-caw-f-anime-meme-graphic-tee,9175878172899,0,1,https://cdn.shopify.com/s/files/1/0788/2358/8067/files/wool-you-f-caw-f-anime-meme-graphic-tee-chaotic-barnyard-humor-t-shirt-for-internet-culture-5188636.png?v=1782724387,wool-you-f-caw-f-anime-meme-graphic-tee-cutout.png
wool-you-f-caw-f-anime-meme-graphic-tee,9175878172899,1,0,https://cdn.shopify.com/s/files/1/0788/2358/8067/files/ffdd79be-il_fullxfull.7676320466_if7a.jpg?v=1774455845,wool-you-f-caw-f-anime-meme-graphic-tee-cutout.png
wool-you-f-caw-f-anime-meme-graphic-tee,9175878172899,2,0,https://cdn.shopify.com/s/files/1/0788/2358/8067/files/8aca949e-il_fullxfull.7724267871_9rhl.jpg?v=1774455845,wool-you-f-caw-f-anime-meme-graphic-tee-cutout.png
wool-you-f-caw-f-anime-meme-graphic-tee,9175878172899,3,0,https://cdn.shopify.com/s/files/1/0788/2358/8067/files/141b8fec-il_fullxfull.7676321496_475x_10026ec0-614d-4d36-9756-6178be408d7e.jpg?v=1774455846,wool-you-f-caw-f-anime-meme-graphic-tee-cutout.png
woven-prism-flat-brim-snapback,9175876862179,0,1,https://cdn.shopify.com/s/files/1/0788/2358/8067/files/63421af4-il_fullxfull.7724268525_2zcu.jpg?v=1774790765,woven-prism-flat-brim-snapback-cutout.png
woven-prism-flat-brim-snapback,9175876862179,1,0,https://cdn.shopify.com/s/files/1/0788/2358/8067/files/cb649df9-il_fullxfull.7676322012_bnk2.jpg?v=1774790765,woven-prism-flat-brim-snapback-cutout.png
woven-prism-flat-brim-snapback,9175876862179,2,0,https://cdn.shopify.com/s/files/1/0788/2358/8067/files/10d9f45d-il_fullxfull.7724269141_1gsy.jpg?v=1774790765,woven-prism-flat-brim-snapback-cutout.png
woven-prism-flat-brim-snapback,9175876862179,3,0,https://cdn.shopify.com/s/files/1/0788/2358/8067/files/53b0a64e-il_fullxfull.7724269393_tg7m.jpg?v=1774790765,woven-prism-flat-brim-snapback-cutout.png
woven-prism-flat-brim-snapback,9175876862179,4,0,https://cdn.shopify.com/s/files/1/0788/2358/8067/files/3f818d08-il_fullxfull.7676322898_6eyx.jpg?v=1774790765,woven-prism-flat-brim-snapback-cutout.png
woven-prism-flat-brim-snapback,9175876862179,5,0,https://cdn.shopify.com/s/files/1/0788/2358/8067/files/41e86b51-il_fullxfull.7676323166_8lzr.jpg?v=1774790765,woven-prism-flat-brim-snapback-cutout.png
woven-prism-flat-brim-snapback,9175876862179,6,0,https://cdn.shopify.com/s/files/1/0788/2358/8067/files/d3c68751-il_fullxfull.7676323392_sjb4.jpg?v=1774790765,woven-prism-flat-brim-snapback-cutout.png
woven-prism-flat-brim-snapback,9175876862179,7,0,https://cdn.shopify.com/s/files/1/0788/2358/8067/files/e6a4cfc7-il_fullxfull.7724270389_qohu.jpg?v=1774790765,woven-prism-flat-brim-snapback-cutout.png
woven-prism-flat-brim-snapback,9175876862179,8,0,https://cdn.shopify.com/s/files/1/0788/2358/8067/files/9b0a8027-il_fullxfull.7676323900_lttm.jpg?v=1774790765,woven-prism-flat-brim-snapback-cutout.png
woven-prism-windbreaker,9175879844067,0,1,https://cdn.shopify.com/s/files/1/0788/2358/8067/files/3752eb6a-il_fullxfull.7724265053_17cc.jpg?v=1774790584,woven-prism-windbreaker-cutout.png
woven-prism-windbreaker,9175879844067,1,0,https://cdn.shopify.com/s/files/1/0788/2358/8067/files/672ec0e9-il_fullxfull.7724265343_uk37.jpg?v=1774790584,woven-prism-windbreaker-cutout.png
youth-camo-joggers,9261115506915,0,1,https://cdn.shopify.com/s/files/1/0788/2358/8067/files/youth-camo-joggers-bold-orange-all-over-print-sweatpants-for-kids-3876012.jpg?v=1782724032,youth-camo-joggers-cutout.png
youth-camo-joggers,9261115506915,1,0,https://cdn.shopify.com/s/files/1/0788/2358/8067/files/youth-camo-joggers-bold-orange-all-over-print-sweatpants-for-kids-5501758.jpg?v=1782724030,youth-camo-joggers-cutout.png
youth-camo-joggers,9261115506915,2,0,https://cdn.shopify.com/s/files/1/0788/2358/8067/files/youth-camo-joggers-bold-orange-all-over-print-sweatpants-for-kids-9867101.jpg?v=1782724030,youth-camo-joggers-cutout.png
youth-camo-joggers,9261115506915,3,0,https://cdn.shopify.com/s/files/1/0788/2358/8067/files/youth-camo-joggers-bold-orange-all-over-print-sweatpants-for-kids-4815557.jpg?v=1782724030,youth-camo-joggers-cutout.png
youth-camo-joggers,9261115506915,4,0,https://cdn.shopify.com/s/files/1/0788/2358/8067/files/youth-camo-joggers-bold-orange-all-over-print-sweatpants-for-kids-2373620.jpg?v=1782724031,youth-camo-joggers-cutout.png
zebra-cake-trails-mesh-turtleneck,9175878369507,0,1,https://cdn.shopify.com/s/files/1/0788/2358/8067/files/zebra-cake-trails-breathable-mesh-t-shirt-streetsmart-liquid-monochrome-top-for-nightclubs-raves-6604094.png?v=1778286007,zebra-cake-trails-mesh-turtleneck-cutout.png
zebra-cake-trails-mesh-turtleneck,9175878369507,1,0,https://cdn.shopify.com/s/files/1/0788/2358/8067/files/b47c9282-il_fullxfull.7676319352_e19h.jpg?v=1774790953,zebra-cake-trails-mesh-turtleneck-cutout.png
zebra-cake-trails-mesh-turtleneck,9175878369507,2,0,https://cdn.shopify.com/s/files/1/0788/2358/8067/files/9c32e45a-il_fullxfull.7724267323_bx77.jpg?v=1774790953,zebra-cake-trails-mesh-turtleneck-cutout.png
zebra-cake-trails-mesh-turtleneck,9175878369507,3,0,https://cdn.shopify.com/s/files/1/0788/2358/8067/files/509330c6-il_fullxfull.7676320880_ozkc.jpg?v=1774790953,zebra-cake-trails-mesh-turtleneck-cutout.png
zebra-cake-trails-mesh-turtleneck,9175878369507,4,0,https://cdn.shopify.com/s/files/1/0788/2358/8067/files/b99bf961-il_fullxfull.7676321276_4b6w.jpg?v=1774790954,zebra-cake-trails-mesh-turtleneck-cutout.png
zebra-swirl-zip-hoodie,9260235260131,0,1,https://cdn.shopify.com/s/files/1/0788/2358/8067/files/psychedelic-zebra-stripe-swirl-hoodie-hypnotic-primary-color-design-9239771.png?v=1782724210,zebra-swirl-zip-hoodie-cutout.png
zebra-swirl-zip-hoodie,9260235260131,1,0,https://cdn.shopify.com/s/files/1/0788/2358/8067/files/psychedelic-zebra-stripe-swirl-hoodie-hypnotic-primary-color-design-5331815.png?v=1782724212,zebra-swirl-zip-hoodie-cutout.png
zebra-swirl-zip-hoodie,9260235260131,2,0,https://cdn.shopify.com/s/files/1/0788/2358/8067/files/psychedelic-zebra-stripe-swirl-hoodie-hypnotic-primary-color-design-8624805.jpg?v=1782724213,zebra-swirl-zip-hoodie-cutout.png
zebra-swirl-zip-hoodie,9260235260131,3,0,https://cdn.shopify.com/s/files/1/0788/2358/8067/files/psychedelic-zebra-stripe-swirl-hoodie-hypnotic-primary-color-design-2078450.jpg?v=1782724212,zebra-swirl-zip-hoodie-cutout.png
zebra-swirl-zip-hoodie,9260235260131,4,0,https://cdn.shopify.com/s/files/1/0788/2358/8067/files/psychedelic-zebra-stripe-swirl-hoodie-hypnotic-primary-color-design-7985572.jpg?v=1782724212,zebra-swirl-zip-hoodie-cutout.png
zebra-swirl-zip-hoodie,9260235260131,5,0,https://cdn.shopify.com/s/files/1/0788/2358/8067/files/psychedelic-zebra-stripe-swirl-hoodie-hypnotic-primary-color-design-2167964.jpg?v=1782724212,zebra-swirl-zip-hoodie-cutout.png
zip-up-hoodie-psychedelic-neon-splatter-aop,9214500307171,0,1,https://cdn.shopify.com/s/files/1/0788/2358/8067/files/zip-up-hoodie-psychedelic-neon-splatter-aop-abstract-fluid-art-streetwear-in-neon-green-electric-purple-8478920.png?v=1777788609,zip-up-hoodie-psychedelic-neon-splatter-aop-cutout.png
zip-up-hoodie-psychedelic-neon-splatter-aop,9214500307171,1,0,https://cdn.shopify.com/s/files/1/0788/2358/8067/files/11012886883150293450_2048_9ec8fc24-ac69-4ee6-8625-9e358ab605a1.png?v=1776080527,zip-up-hoodie-psychedelic-neon-splatter-aop-cutout.png
zip-up-hoodie-psychedelic-neon-splatter-aop,9214500307171,2,0,https://cdn.shopify.com/s/files/1/0788/2358/8067/files/11012886883150293450_2048.png?v=1776080527,zip-up-hoodie-psychedelic-neon-splatter-aop-cutout.png
zip-up-hoodie-psychedelic-neon-splatter-aop,9214500307171,3,0,https://cdn.shopify.com/s/files/1/0788/2358/8067/files/11012886883150293450_2048.jpg?v=1775772479,zip-up-hoodie-psychedelic-neon-splatter-aop-cutout.png
zip-up-hoodie-psychedelic-neon-splatter-aop,9214500307171,4,0,https://cdn.shopify.com/s/files/1/0788/2358/8067/files/7923331517509779433_2048.jpg?v=1775772479,zip-up-hoodie-psychedelic-neon-splatter-aop-cutout.png
