product_id,handle,title,image_count,featured_image_url,target_filename
9261115146467,abstract-bubble-paint-basketball-jersey,Abstract Bubble Paint Basketball Jersey — Rainbow Orb AOP Tank,5,https://cdn.shopify.com/s/files/1/0788/2358/8067/files/abstract-bubble-paint-jersey-for-court-to-festival-dressers-colorful-aop-basketball-tank-upf-ready-moisture-wicking-sportswear-assembled-in-usa-8504520.jpg?v=1782724030,abstract-bubble-paint-basketball-jersey-cutout.png
9334564880611,abstract-colorful-faces-hardcover-journal,Abstract Colorful Faces Hardcover Journal — Art Notebook,4,https://cdn.shopify.com/s/files/1/0788/2358/8067/files/abstract-colorful-faces-hardcover-journal-artistic-gratitude-notebook-9401823.jpg?v=1782724089,abstract-colorful-faces-hardcover-journal-cutout.png
9191705641187,abstract-revolutionaire-blazer,Abstract Revolutionaire Blazer,10,https://cdn.shopify.com/s/files/1/0788/2358/8067/files/abstract-painters-printed-suit-blazer-aop-two-button-slim-fit-jacket-3821152.png?v=1778120108,abstract-revolutionaire-blazer-cutout.png
9260923781347,acid-lime-tie-dye-swim-trunks,Acid Lime Tie-Dye Swim Trunks — Neon Spiral Quick-Dry AOP,7,https://cdn.shopify.com/s/files/1/0788/2358/8067/files/acid-lime-tie-dye-swim-trunks-citrus-spiral-aop-quick-dry-shorts-for-pool-rave-season-1876156.jpg?v=1782724093,acid-lime-tie-dye-swim-trunks-cutout.png
9193898016995,acid-pour-aloha-shirt,Acid Pour Aloha Shirt,9,https://cdn.shopify.com/s/files/1/0788/2358/8067/files/maximalist-print-mens-hawaiian-shirt-aop-short-sleeve-summer-button-down-9419022.png?v=1782724326,acid-pour-aloha-shirt-cutout.png
9259957747939,aerosol-alchemists-graffiti-long-sleeve,Aerosol Alchemists Long Sleeve Tee — Graffiti Sticker Bomb AOP,4,https://cdn.shopify.com/s/files/1/0788/2358/8067/files/aerosol-alchemists-long-sleeve-for-urban-graffiti-heads-neon-spray-can-creature-aop-190g-heavyweight-cotton-streetwear-festival-art-tee-4642746.png?v=1782724159,aerosol-alchemists-graffiti-long-sleeve-cutout.png
9191713243363,aesthetic-collector-ipad-case-folio,Aesthetic Collector iPad Case — Painterly AOP Folio with Stand,10,https://cdn.shopify.com/s/files/1/0788/2358/8067/files/07051de44a6fe76b323f0df307bd42dc.jpg?v=1774456439,aesthetic-collector-ipad-case-folio-cutout.png
9549043990755,aesthetic-rebellion-word-cloud-bucket-hat,Aesthetic Rebellion Word Cloud Bucket Hat — Reversible AOP,5,https://cdn.shopify.com/s/files/1/0788/2358/8067/files/aesthetic-rebellion-aop-word-cloud-reversible-bucket-hat-unisex-6425741.jpg?v=1783146550,aesthetic-rebellion-word-cloud-bucket-hat-cutout.png
9193871343843,agate-dreams-silk-bandana,Agate Dreams Silk Bandana — Blue & Amber Geode Marble Scarf,5,https://cdn.shopify.com/s/files/1/0788/2358/8067/files/155733-15440ac0-6837-4060-92ad-3032e0e6792c.jpg?v=1774789513,agate-dreams-silk-bandana-cutout.png
9175879647459,agate-dreams-urban-jacket,Agate Dreams Urban Jacket,2,https://cdn.shopify.com/s/files/1/0788/2358/8067/files/94e37b18-il_fullxfull.7676318424_3264.jpg?v=1774790584,agate-dreams-urban-jacket-cutout.png
9581502333155,all-over-print-mens-casual-lapel-long-sleeve-shirt-140gsm-slub-cotton,All-Over Print Men's Casual Lapel Long Sleeve Shirt|140GSM Slub Cotton,7,https://cdn.shopify.com/s/files/1/0788/2358/8067/files/155733-c02ca8a5-ced6-4ee1-a86f-50d86c54a798.jpg?v=1785273845,all-over-print-mens-casual-lapel-long-sleeve-shirt-140gsm-slub-cotton-cutout.png
9572769497315,all-over-print-mens-hooded-zipper-windproof-jacket,All-Over Print Windproof Hooded Shell — 140gsm · P5VFJ,7,https://cdn.shopify.com/s/files/1/0788/2358/8067/files/155733-525c44f0-7da0-4bf8-b832-a52676c2178c.jpg?v=1784674297,all-over-print-mens-hooded-zipper-windproof-jacket-cutout.png
9574164168931,all-over-print-mens-hooded-zipper-windproof-jacket-1,All-Over Print Windproof Hooded Shell — 140gsm · P64WH,7,https://cdn.shopify.com/s/files/1/0788/2358/8067/files/155733-36bbc372-d85b-4371-b8e4-78e477abd2d7.jpg?v=1784784124,all-over-print-mens-hooded-zipper-windproof-jacket-1-cutout.png
9574842368227,all-over-print-unisex-lantern-pants,All-Over Print Lantern Pants — Poly Waffle · P68KT,7,https://cdn.shopify.com/s/files/1/0788/2358/8067/files/155733-dc9da9b7-75a5-4b6d-8a9a-f2bb9536830a.jpg?v=1784834809,all-over-print-unisex-lantern-pants-cutout.png
9574844924131,all-over-print-unisex-lantern-pants-1,All-Over Print Lantern Pants — Poly Waffle · P68L5,7,https://cdn.shopify.com/s/files/1/0788/2358/8067/files/155733-48928ec2-1c7f-4415-a032-73a83181ed86.jpg?v=1784834937,all-over-print-unisex-lantern-pants-1-cutout.png
9574845513955,all-over-print-unisex-lantern-pants-2,All-Over Print Lantern Pants — Poly Waffle · P68LB,7,https://cdn.shopify.com/s/files/1/0788/2358/8067/files/155733-6affb1cd-d3db-44b2-ae11-e75877b43d48.jpg?v=1784834991,all-over-print-unisex-lantern-pants-2-cutout.png
9528488984803,all-over-print-unisex-pullover-hoodie-310gsm-cotton-3,Bearz All-Over Print Pullover Hoodie — 310gsm Cotton,6,https://cdn.shopify.com/s/files/1/0788/2358/8067/files/all-over-print-unisex-pullover-hoodie-310gsm-cotton-8686925.jpg?v=1782724036,all-over-print-unisex-pullover-hoodie-310gsm-cotton-3-cutout.png
9581511770339,all-over-print-zip-up-hoodie-with-pocket-interlock,All-Over Print Zip Up Hoodie With Pocket | Interlock,4,https://cdn.shopify.com/s/files/1/0788/2358/8067/files/155733-c6a8b36d-dffc-4665-8d6f-05c4abc18f2f.jpg?v=1785274182,all-over-print-zip-up-hoodie-with-pocket-interlock-cutout.png
9581516783843,all-over-print-zip-up-hoodie-with-pocket-interlock-1,All-Over Print Zip Up Hoodie With Pocket | Interlock,4,https://cdn.shopify.com/s/files/1/0788/2358/8067/files/155733-8b885585-1d36-4665-af24-64dcfdf9da7c.jpg?v=1785274256,all-over-print-zip-up-hoodie-with-pocket-interlock-1-cutout.png
9175878303971,alligator-bites-neon-bucket-hat,Alligator Bites Neon Bucket Hat — Psychedelic Cell AOP,10,https://cdn.shopify.com/s/files/1/0788/2358/8067/files/37fb63f0-il_fullxfull.7676317980_eoil.jpg?v=1774455846,alligator-bites-neon-bucket-hat-cutout.png
9260746997987,amber-earth-cell-vexel-svg,Amber Earth Cell Vexel SVG — Seamless AOP Vector Pattern,1,https://cdn.shopify.com/s/files/1/0788/2358/8067/files/amber_earth_cell_vexel_v49.svg?v=1778522583,amber-earth-cell-vexel-svg-cutout.png
9529610469603,animal-kingdom-svg-bundle-203-cut-files,Animal Kingdom SVG Bundle — 203+ Cut Files,1,https://cdn.shopify.com/s/files/1/0788/2358/8067/files/animal-kingdom-203-svg-bundle-for-cricut-sublimation-pod-animals-wildlife-vector-designs-6694155.png?v=1782815106,animal-kingdom-svg-bundle-203-cut-files-cutout.png
9193768747235,archive-patchwork-aloha-shirt,Archive Patchwork Aloha Shirt,4,https://cdn.shopify.com/s/files/1/0788/2358/8067/files/maximalist-hawaiian-shirt-for-art-literate-dressers-abstract-patchwork-aop-button-up-summer-festival-top-intricate-print-menswear-7019077.png?v=1782724336,archive-patchwork-aloha-shirt-cutout.png
9175879221475,atomic-network-aop-tee,Atomic Network AOP Tee — Navy Orange Molecular Grid Unisex Festival Shirt,5,https://cdn.shopify.com/s/files/1/0788/2358/8067/files/9e1e0e71-il_fullxfull.7676318746_cyrz.jpg?v=1774455877,atomic-network-aop-tee-cutout.png
9366710780131,aurora-melt-half-zip-hoodie,Aurora Melt Half-Zip Hoodie — Rainbow Liquid Ripple AOP,4,https://cdn.shopify.com/s/files/1/0788/2358/8067/files/banana-vector-waves-hoodie-squiggly-yellow-cobalt-pop-pattern-aop-pullover-certified-conversation-starter-9126872.jpg?v=1782724034,aurora-melt-half-zip-hoodie-cutout.png
9261115834595,autumn-brushstroke-zip-hoodie,Autumn Brushstroke Zip Hoodie,5,https://cdn.shopify.com/s/files/1/0788/2358/8067/files/maximalist-fall-zip-hoodie-for-aesthetic-dressers-abstract-autumn-brushstroke-aop-earthy-statement-outerwear-cozy-art-forward-streetwear-8361043.jpg?v=1782724215,autumn-brushstroke-zip-hoodie-cutout.png
9175880040675,autumn-thicket-bucket-hat,Autumn Thicket Bucket Hat,7,https://cdn.shopify.com/s/files/1/0788/2358/8067/files/fdd7affe-il_fullxfull.7689724844_kqtb.jpg?v=1774790526,autumn-thicket-bucket-hat-cutout.png
9260235620579,aviary-fieldbook-hoodie-dress,Aviary Fieldbook Hoodie Dress — Bird & Botanical AOP,7,https://cdn.shopify.com/s/files/1/0788/2358/8067/files/aviary-aop-womens-hoodie-dress-bird-botanical-print-wearable-field-guide-cottagecore-statement-dress-with-kangaroo-pocket-s-2xl-1682649.png?v=1782724217,aviary-fieldbook-hoodie-dress-cutout.png
9175879581923,banana-slip-zip-hoodie,Banana Slip Zip Hoodie — Swirl AOP No-Seam-Break Fleece,5,https://cdn.shopify.com/s/files/1/0788/2358/8067/files/banana-slip-aop-zip-hoodie-250gsm-cut-and-sewn-no-seam-break-fleece-jacket-artist-edition-unisex-streetwear-assembled-in-usa-xs-3xl-7634072.png?v=1782724387,banana-slip-zip-hoodie-cutout.png
9572682924259,baseball-cap-with-flat-brim,All-Over Print Flat Brim Cap — Adjustable Polyester,3,https://cdn.shopify.com/s/files/1/0788/2358/8067/files/155733-06fac1c9-2629-4ff4-b4c2-a893636d309c.jpg?v=1784669966,baseball-cap-with-flat-brim-cutout.png
9260708790499,biomorphic-cell-mosaic-svg,Biomorphic Cell Mosaic SVG — Seamless AOP Vector Pattern,1,https://cdn.shopify.com/s/files/1/0788/2358/8067/files/biomorphic-cell-mosaic-svg-seamless-all-over-print-sublimation-digital-download-organic-cellular-vector-pattern-for-pod-apparel-5857084.png?v=1782724156,biomorphic-cell-mosaic-svg-cutout.png
9236013875427,biomorphic-cow-aop-hoodie,Biomorphic Cow AOP Hoodie,10,https://cdn.shopify.com/s/files/1/0788/2358/8067/files/neon-biomorphic-cow-print-psychedelic-all-over-print-unisex-hoodie-6453129.png?v=1777788609,biomorphic-cow-aop-hoodie-cutout.png
9552844423395,biomorphic-mosaic-mark-11-hoodie,Biomorphic Mosaic Mark 11 Zip Hoodie — Mandala Cell AOP Fleece,3,https://cdn.shopify.com/s/files/1/0788/2358/8067/files/biomorphic-cow-print-mark-11-heavy-fleece-zip-up-hoodie-3950836.jpg?v=1783374007,biomorphic-mosaic-mark-11-hoodie-cutout.png
9175877648611,block-party-aop-hoodie,Block Party AOP Hoodie,6,https://cdn.shopify.com/s/files/1/0788/2358/8067/files/85e86c64-il_fullxfull.7724266981_l868.jpg?v=1774455770,block-party-aop-hoodie-cutout.png
9175878402275,block-pop-spaghetti-strap-vest,Block Pop Spaghetti Strap Vest — Geometric Colour Block AOP Women's Tank Top,3,https://cdn.shopify.com/s/files/1/0788/2358/8067/files/318b48ad-il_fullxfull.7676320066_7o1r.jpg?v=1774790711,block-pop-spaghetti-strap-vest-cutout.png
9552844062947,blue-hour-collage-cooling-sports-towel,Blue Hour Collage Cooling Sports Towel — Abstract AOP by Dyles Mavis,2,https://cdn.shopify.com/s/files/1/0788/2358/8067/files/cooling-sports-towel-4942925.png?v=1784097879,blue-hour-collage-cooling-sports-towel-cutout.png
9260744704227,blueprint-collage-svg,Blueprint Collage SVG,1,https://cdn.shopify.com/s/files/1/0788/2358/8067/files/maximalist_blueprint_collage.svg?v=1778523402,blueprint-collage-svg-cutout.png
9561410371811,blush-branch-camo-hoodie,Blush Branch Camo Hoodie — Pink Camouflage AOP Pullover,6,https://cdn.shopify.com/s/files/1/0788/2358/8067/files/155733-945e1737-1613-41bc-98cd-a9d8198b46ee.jpg?v=1784007178,blush-branch-camo-hoodie-cutout.png
9561436291299,blush-branch-camo-maxi-skirt,Blush Branch Camo Maxi Skirt — Pink Camouflage Chiffon,3,https://cdn.shopify.com/s/files/1/0788/2358/8067/files/155733-45090d39-ceac-4855-81be-349d08fe2c6b.jpg?v=1784010063,blush-branch-camo-maxi-skirt-cutout.png
9193907618019,bolt-rush-shirt-dress,Bolt Rush Shirt Dress,4,https://cdn.shopify.com/s/files/1/0788/2358/8067/files/155733-0c0da215-670e-4b82-b247-428d49725d2f.png?v=1774789514,bolt-rush-shirt-dress-cutout.png
9225533522147,bone-splatter-camo-hoodie,Bone Splatter Camo Hoodie — Grunge AOP Fleece-Lined Pullover,4,https://cdn.shopify.com/s/files/1/0788/2358/8067/files/hoodie-3348185.png?v=1776796692,bone-splatter-camo-hoodie-cutout.png
9175878041827,botanica-noir-rose-bouquet-bucket-hat,Botanica Noir Bucket Hat — Dark Ground Rose Bouquet AOP 100% Polyester,8,https://cdn.shopify.com/s/files/1/0788/2358/8067/files/77f692f5-il_fullxfull.7676318758_o16r.jpg?v=1774455822,botanica-noir-rose-bouquet-bucket-hat-cutout.png
9175878533347,botanical-indigo-bloom-tank,Botanical Indigo Bloom Tank — Blue-Green Floral AOP Quick-Dry,3,https://cdn.shopify.com/s/files/1/0788/2358/8067/files/94805869-il_fullxfull.7680585466_n5cr.jpg?v=1774791011,botanical-indigo-bloom-tank-cutout.png
9231536554211,boundless-bleeds-blackout-curtains,Boundless Bleeds Blackout Curtains — Paint Splatter AOP Insulated,3,https://cdn.shopify.com/s/files/1/0788/2358/8067/files/blackout-curtains-with-hooks-265gsm-6467426.jpg?v=1776534074,boundless-bleeds-blackout-curtains-cutout.png
9259991728355,boundless-bleeds-long-sleeve-tee,Boundless Bleeds Long Sleeve Tee — Paint Splatter AOP Expressionist,6,https://cdn.shopify.com/s/files/1/0788/2358/8067/files/boundless-bleeds-aop-paint-splatter-long-sleeve-tee-full-body-expressionist-print-cotton-crew-190gsm-xs-5xl-7154288.png?v=1782724151,boundless-bleeds-long-sleeve-tee-cutout.png
9191712555235,boundless-bleeds-uv-arm-sleeves,Boundless Bleeds UV Arm Sleeves — Paint Splatter AOP Cooling Lycra,7,https://cdn.shopify.com/s/files/1/0788/2358/8067/files/boundless-bleed-aop-uv-arm-sleeves-cooling-lycra-upf-sun-protection-moisture-wicking-maximalist-sleeves-for-hiking-cycling-gardening-9331540.png?v=1782724329,boundless-bleeds-uv-arm-sleeves-cutout.png
9175878140131,boundless-swirl-aloha-shirt,Boundless Swirl Aloha Shirt,9,https://cdn.shopify.com/s/files/1/0788/2358/8067/files/retro-boundless-swirl-hawaiian-shirt-70s-psychedelic-aop-camp-shirt-for-festival-summer-style-3300296.png?v=1782724390,boundless-swirl-aloha-shirt-cutout.png
9231812395235,bronze-navy-tortoiseshell-sweatshirt,Bronze & Navy Tortoiseshell Sweatshirt — Organic AOP Fur-Lined Pullover,6,https://cdn.shopify.com/s/files/1/0788/2358/8067/files/adams-tortoise-shell-all-over-print-mens-heavy-fleece-sweatshirt-9128271.png?v=1776713888,bronze-navy-tortoiseshell-sweatshirt-cutout.png
9191713407203,brushstroke-bouquet-laptop-sleeve,Brushstroke Bouquet Laptop Sleeve — Painterly AOP Neoprene Case,9,https://cdn.shopify.com/s/files/1/0788/2358/8067/files/0ee3f673dfb8387c972e07338628b5ae.jpg?v=1774456439,brushstroke-bouquet-laptop-sleeve-cutout.png
9261118095587,brushstroke-riot-sweatshirt,Brushstroke Riot Sweatshirt — Primary Color Paint-Dab AOP Crew,5,https://cdn.shopify.com/s/files/1/0788/2358/8067/files/brushstroke-riot-unisex-sweatshirt-primary-color-paint-dab-aop-crewneck-with-art-school-energy-1787031.jpg?v=1782724096,brushstroke-riot-sweatshirt-cutout.png
9185450131683,bubble-bloom-giclee-print,Bubble Bloom Giclée Print — Abstract AOP Museum-Grade Wall Art,1,https://cdn.shopify.com/s/files/1/0788/2358/8067/files/2943713_custom-sized-art-prints_0.jpg?v=1774791010,bubble-bloom-giclee-print-cutout.png
9260924010723,butterfly-wing-pajama-pants,Butterfly Wing Pajama Pants — Emerald & Sapphire AOP Lounge,7,https://cdn.shopify.com/s/files/1/0788/2358/8067/files/butterfly-wing-pajama-pants-emerald-sapphire-organic-aop-lounge-bottoms-jewel-tone-sleepwear-9491077.jpg?v=1782724091,butterfly-wing-pajama-pants-cutout.png
9260393070819,california-archive-collage-crewneck,California Archive Collage Crewneck — Vintage Music & Festival Ephemera AOP 280gsm Heavyweight Sweatshirt,8,https://cdn.shopify.com/s/files/1/0788/2358/8067/files/everyday-maximalist-aop-crewneck-sweatshirt-280gsm-heavyweight-unisex-pullover-bold-print-studio-to-street-statement-streetwear-s-5xl-8549887.png?v=1782724211,california-archive-collage-crewneck-cutout.png
9214500438243,camping-container-abstract-phone-case,Camping Container Abstract Phone Case — AOP Tough Shockproof,9,https://cdn.shopify.com/s/files/1/0788/2358/8067/files/673964797519154064_2048.jpg?v=1775899160,camping-container-abstract-phone-case-cutout.png
9185459044579,candy-stripe-hoodie-blanket,Candy Stripe Hoodie Blanket,8,https://cdn.shopify.com/s/files/1/0788/2358/8067/files/hoodie-blanket-laffy-taffy-wrapper-all-over-print-wearable-art-oversized-sherpa-fleece-all-gender-2602466.png?v=1782724337,candy-stripe-hoodie-blanket-cutout.png
9225533194467,caribbean-bandits-bathrobe,Caribbean Bandits Bathrobe — Camo Cipher AOP Fleece-Lined,3,https://cdn.shopify.com/s/files/1/0788/2358/8067/files/caribbean-bandits-aop-fleece-lined-bathrobe-with-belt-2137794.png?v=1777788606,caribbean-bandits-bathrobe-cutout.png
9260745949411,carnival-confetti-labyrinth-svg,Carnival Confetti Labyrinth SVG — Shattered Mosaic AOP Vector,1,https://cdn.shopify.com/s/files/1/0788/2358/8067/files/carnival_confetti_labyrinth.svg?v=1778523019,carnival-confetti-labyrinth-svg-cutout.png
9257437888739,carnival-labyrinth-936-path-svg,Carnival Labyrinth 936-Path SVG — Earthy Confetti Collision Vector,2,https://cdn.shopify.com/s/files/1/0788/2358/8067/files/carnival-labyrinth-936-path-earthy-confetti-collision-svg-warm-festival-aop-digital-download-9474738.png?v=1778202907,carnival-labyrinth-936-path-svg-cutout.png
9528488493283,carnival-tie-dye-raglan-tee,Carnival Tie-Dye Raglan Tee — Rainbow AOP Round Neck,5,https://cdn.shopify.com/s/files/1/0788/2358/8067/files/all-over-print-womens-round-neck-t-shirt-with-raglan-sleeve-6355740.jpg?v=1782724097,carnival-tie-dye-raglan-tee-cutout.png
9175876370659,carnival-tie-dye-reversible-bucket-hat,Carnival Tie-Dye Reversible Bucket Hat,7,https://cdn.shopify.com/s/files/1/0788/2358/8067/files/reversible-bucket-hat-psychedelic-kaleidoscope-graffiti-print-4622679.png?v=1782724509,carnival-tie-dye-reversible-bucket-hat-cutout.png
9529610698979,celestial-moon-phase-svg-bundle-112-mystical-cut-files,Celestial Moon Phase SVG Bundle — 112+ Mystical Cut Files,1,https://cdn.shopify.com/s/files/1/0788/2358/8067/files/celestial-moon-phase-112-svg-bundle-for-cricut-sublimation-pod-celestial-moon-phase-mystical-designs-5819383.png?v=1782815106,celestial-moon-phase-svg-bundle-112-mystical-cut-files-cutout.png
9185455669475,cell-bloom-boxer-shorts,Cell Bloom Boxer Shorts — Neon Cellular AOP Premium Loungewear,6,https://cdn.shopify.com/s/files/1/0788/2358/8067/files/2944928_0_3d.jpg?v=1774790231,cell-bloom-boxer-shorts-cutout.png
9175876403427,chalk-stone-iphone-case,Chalk Stone iPhone Case,11,https://cdn.shopify.com/s/files/1/0788/2358/8067/files/maximalist-iphone-case-for-earthy-aesthetic-lovers-abstract-chalk-stone-aop-cover-shockproof-lexan-phone-armor-gorpcore-tech-accessory-6840139.png?v=1782724567,chalk-stone-iphone-case-cutout.png
9214500405475,chameleon-prism-hoodie,Chameleon Prism Hoodie — Iridescent AOP Color-Shift Pullover,6,https://cdn.shopify.com/s/files/1/0788/2358/8067/files/chameleon-prism-aop-hoodie-iridescent-color-shift-streetwear-6700962.png?v=1777788608,chameleon-prism-hoodie-cutout.png
9556264681699,channel-static-hoodie,Channel Static Hoodie — Retro TV Grid AOP Fleece Pullover,3,https://cdn.shopify.com/s/files/1/0788/2358/8067/files/155733-bcdc3ece-7e79-486b-9354-db7244e98a05.jpg?v=1783544138,channel-static-hoodie-cutout.png
9175875256547,chaos-core-henley,Chaos Core Henley — Acid Marble AOP Long Sleeve Tie-Dye,3,https://cdn.shopify.com/s/files/1/0788/2358/8067/files/chaos-core-henley-for-trippy-maximalists-acid-marble-aop-long-sleeve-psychedelic-streetwear-top-y2k-alt-fashion-statement-mens-bold-print-henley-9992911.png?v=1783021899,chaos-core-henley-cutout.png
9299862520035,chaos-crew-y-back-tank,Chaos Crew Y-Back Tank — Graffiti Collage AOP Muscle Top,6,https://cdn.shopify.com/s/files/1/0788/2358/8067/files/chaos-crew-tank-for-the-chronically-self-expressive-graffiti-y-back-muscle-tee-festival-gym-wear-neon-rave-stringer-bold-streetwear-9162907.png?v=1782724150,chaos-crew-y-back-tank-cutout.png
9261117702371,chaos-wall-graffiti-hoodie,Chaos Wall Graffiti Hoodie,5,https://cdn.shopify.com/s/files/1/0788/2358/8067/files/mens-all-over-graffiti-aop-pullover-hoodie-for-street-art-collectors-bold-medium-weight-comfort-fit-assembled-in-usa-8342975.jpg?v=1782724036,chaos-wall-graffiti-hoodie-cutout.png
9185457111267,chihuahua-squad-aop-bandana,Chihuahua Squad AOP Bandana — Multicolour Dog Portrait Repeat in Pima Cotton or Silk,3,https://cdn.shopify.com/s/files/1/0788/2358/8067/files/furry-little-friends-aop-collage-bandana-8844671.png?v=1778202966,chihuahua-squad-aop-bandana-cutout.png
9175877222627,chromashift-aop-hoodie,Chromashift AOP Hoodie,7,https://cdn.shopify.com/s/files/1/0788/2358/8067/files/caa45e7d-il_fullxfull.7676319038_hocd.jpg?v=1774790946,chromashift-aop-hoodie-cutout.png
9175876632803,chromatic-collision-tough-phone-case,Chromatic Collision Tough Phone Case,4,https://cdn.shopify.com/s/files/1/0788/2358/8067/files/55f68b16-il_fullxfull.7724269509_mdpi.jpg?v=1774455784,chromatic-collision-tough-phone-case-cutout.png
9184219300067,chromatic-current-grommet-curtains,Chromatic Current Grommet Curtains — Liquid Ripple AOP,6,https://cdn.shopify.com/s/files/1/0788/2358/8067/files/9d2918df86c7165b6ceec4ca9cb83f07.jpg?v=1774456094,chromatic-current-grommet-curtains-cutout.png
9214500634851,chromatic-grid-art-tee,Chromatic Grid Art Tee — Abstract Geometric Chest Print on Garment-Dyed US Cotton,14,https://cdn.shopify.com/s/files/1/0788/2358/8067/files/abstract-geometric-art-t-shirt-garment-dyed-unisex-tee-5000780.png?v=1778120046,chromatic-grid-art-tee-cutout.png
9175880007907,chromatic-hex-aop-jersey-tank,Chromatic Hex AOP Jersey Tank — Rainbow Optical Art Activewear,9,https://cdn.shopify.com/s/files/1/0788/2358/8067/files/glitchcore-jersey-for-digital-maximalists-ai-art-aop-basketball-tank-moisture-wicking-festival-activewear-neon-digital-streetwear-rave-uniform-6580819.png?v=1782724389,chromatic-hex-aop-jersey-tank-cutout.png
9260706824419,chromatic-lava-circuit-eruption-svg,Chromatic Lava Circuit Eruption SVG — Neon Explosion Vector,1,https://cdn.shopify.com/s/files/1/0788/2358/8067/files/chromatic-lava-circuit-eruption-svg-all-over-print-sublimation-digital-download-psychedelic-neon-explosion-vector-art-5755730.png?v=1782724214,chromatic-lava-circuit-eruption-svg-cutout.png
9175877615843,chromatic-mosaic-bucket-hat,Chromatic Mosaic Bucket Hat,10,https://cdn.shopify.com/s/files/1/0788/2358/8067/files/b610b106-il_fullxfull.7676318694_tigt.jpg?v=1774455769,chromatic-mosaic-bucket-hat-cutout.png
9193769992419,chromatic-mosaic-silk-feel-shirt,Chromatic Mosaic Silk-Feel Shirt — Abstract Expressionist AOP Men's Short-Sleeve,4,https://cdn.shopify.com/s/files/1/0788/2358/8067/files/fluid-abstract-aop-mens-silk-feel-short-sleeve-shirt-imitation-silk-loose-cut-summer-top-maximalist-print-resort-menswear-s-5xl-3714114.png?v=1782724331,chromatic-mosaic-silk-feel-shirt-cutout.png
9175877353699,chromatic-ripple-blazer,Chromatic Ripple Blazer — Liquid Marble AOP Structured Poplin,9,https://cdn.shopify.com/s/files/1/0788/2358/8067/files/artist-edition-maximalist-aop-blazer-structured-cotton-poplin-two-button-jacket-for-creative-directors-3765382.png?v=1782724568,chromatic-ripple-blazer-cutout.png
9191713079523,chromatic-static-nintendo-switch-game-card-case,Chromatic Static Nintendo Switch Game Card Case,6,https://cdn.shopify.com/s/files/1/0788/2358/8067/files/aesthetic-gamers-nintendo-switch-24-slot-game-card-case-bold-aop-uv-print-protective-storage-5811737.png?v=1782724335,chromatic-static-nintendo-switch-game-card-case-cutout.png
9528488624355,chromatic-sweep-reversible-bucket-hat,Chromatic Sweep Reversible Bucket Hat — Full-Spectrum Abstract Expressionist AOP,8,https://cdn.shopify.com/s/files/1/0788/2358/8067/files/double-side-printing-bucket-hat-2892224.jpg?v=1782724031,chromatic-sweep-reversible-bucket-hat-cutout.png
9175878074595,circuit-mosaic-zip-hoodie,Circuit Mosaic Zip Hoodie,9,https://cdn.shopify.com/s/files/1/0788/2358/8067/files/maximalist-half-zip-for-bold-creatives-abstract-aop-stand-up-collar-pullover-gallery-opening-streetwear-creative-director-uniform-3839386.png?v=1782724388,circuit-mosaic-zip-hoodie-cutout.png
9214500143331,citrus-swirl-camp-shirt,Citrus Swirl Camp Shirt,9,https://cdn.shopify.com/s/files/1/0788/2358/8067/files/colorful-retro-hawaiian-camp-shirt-for-men-perfect-for-summer-parties-and-beach-days-7798425.png?v=1777788609,citrus-swirl-camp-shirt-cutout.png
9193897099491,classic-graffiti-hawaiian-shirt,Classic Graffiti Hawaiian Shirt — Tag Collage AOP Bamboo Cotton,9,https://cdn.shopify.com/s/files/1/0788/2358/8067/files/classic-graffiti-aop-hawaiian-shirt-for-summer-main-characters-125gsm-antibacterial-cotton-bamboo-texture-roman-collar-6745250.png?v=1782724335,classic-graffiti-hawaiian-shirt-cutout.png
9297183178979,cmyk-smear-glitch-jacket,CMYK Smear Glitch Jacket — Magenta & Cyan Paint-Streak AOP,2,https://cdn.shopify.com/s/files/1/0788/2358/8067/files/cmyk-smear-glitch-collared-jacket-magenta-cyan-paint-streak-aop-statement-outerwear-4891110.jpg?v=1782724156,cmyk-smear-glitch-jacket-cutout.png
9559485841635,coastal-tribal-weave-polo,Coastal Tribal Weave Polo — Geometric AOP Heavyweight Shirt,5,https://cdn.shopify.com/s/files/1/0788/2358/8067/files/155733-2c297d26-4718-40e7-b58b-2ee05a6f8ac5.jpg?v=1783814808,coastal-tribal-weave-polo-cutout.png
9175879975139,color-current-camp-shirt,Color Current Camp Shirt,9,https://cdn.shopify.com/s/files/1/0788/2358/8067/files/c1a83252-il_fullxfull.7691112958_6xp0.jpg?v=1774790466,color-current-camp-shirt-cutout.png
9175877517539,color-drip-aop-bucket-hat,Color Drip AOP Bucket Hat,4,https://cdn.shopify.com/s/files/1/0788/2358/8067/files/2ebb73ca-il_fullxfull.7676320134_qy1l.jpg?v=1774455770,color-drip-aop-bucket-hat-cutout.png
9175879287011,color-rings-athletic-joggers,Color Rings Athletic Joggers,8,https://cdn.shopify.com/s/files/1/0788/2358/8067/files/eccffb5a-il_fullxfull.7737025881_s8gk.jpg?v=1774790958,color-rings-athletic-joggers-cutout.png
9185454883043,color-riot-table-runner,Color Riot Table Runner — Warm Paint Collage AOP Woven Twill,2,https://cdn.shopify.com/s/files/1/0788/2358/8067/files/2944703_0_3d.jpg?v=1774790944,color-riot-table-runner-cutout.png
9261115932899,color-splash-warmup-hoodie,Color Splash Warmup Hoodie — Painterly AOP UPF+50 Performance,6,https://cdn.shopify.com/s/files/1/0788/2358/8067/files/color-splash-warmup-hoodie-for-outdoor-maximalists-upf50-aop-moisture-wicking-lightweight-festival-training-layer-assembled-in-usa-4610542.png?v=1782724097,color-splash-warmup-hoodie-cutout.png
9193881567459,color-storm-sweatshirt,Color Storm Sweatshirt — Psychedelic Marble AOP Heavy Fleece,7,https://cdn.shopify.com/s/files/1/0788/2358/8067/files/155733-2dae4f2c-eb49-4808-b7a5-d2dde81e3cd2.jpg?v=1774789872,color-storm-sweatshirt-cutout.png
9175875813603,color-wheel-cargo-shorts,Color Wheel Cargo Shorts — Tactical Abstract AOP Festival Fit,4,https://cdn.shopify.com/s/files/1/0788/2358/8067/files/fb29500a-il_fullxfull.7771101774_o8zn.jpg?v=1774790945,color-wheel-cargo-shorts-cutout.png
9260922470627,colorful-mosaic-eva-clogs,Colorful Mosaic EVA Clogs — Fractured Tile AOP Playful Footwear,9,https://cdn.shopify.com/s/files/1/0788/2358/8067/files/colorful-mosaic-eva-clog-shoes-for-playful-maximalists-bold-tile-print-foam-footwear-anti-slip-cushioned-sole-4878263.jpg?v=1782724093,colorful-mosaic-eva-clogs-cutout.png
9175879680227,colour-maze-aop-pajama-pants,Colour Maze AOP Pajama Pants — Neon Geometric Rainbow Lounge Bottoms,9,https://cdn.shopify.com/s/files/1/0788/2358/8067/files/0bcbc966-il_fullxfull.7703815090_eowi.jpg?v=1774790466,colour-maze-aop-pajama-pants-cutout.png
9214499946723,comic-collage-hoodie,Comic Collage Hoodie,2,https://cdn.shopify.com/s/files/1/0788/2358/8067/files/retro-pop-comic-collage-hoodie-bold-all-over-print-streetwear-for-art-lovers-vintage-vibe-seekers-1653528.png?v=1777788606,comic-collage-hoodie-cutout.png
9261117505763,concrete-chaos-aop-basketball-shorts,Concrete Chaos AOP Basketball Shorts — Dense Graffiti Block Letter Athletic Streetwear,5,https://cdn.shopify.com/s/files/1/0788/2358/8067/files/graffiti-basketball-shorts-for-hoop-culture-heads-concrete-chaos-aop-streetwear-festival-gym-wear-loud-athletic-bottoms-skater-shorts-6099141.jpg?v=1782724152,concrete-chaos-aop-basketball-shorts-cutout.png
9185462517987,contessa-over-elbow-gloves,Contessa Over-Elbow Gloves — Tie-Dye AOP Crushed Velour,7,https://cdn.shopify.com/s/files/1/0788/2358/8067/files/contessa-aop-over-elbow-long-gloves-crushed-velour-9441191.png?v=1782724336,contessa-over-elbow-gloves-cutout.png
9184477446371,copper-shard-athletic-tank,Copper Shard Athletic Tank,11,https://cdn.shopify.com/s/files/1/0788/2358/8067/files/0f835c78ed272403a8366629eafc4258.png?v=1778388796,copper-shard-athletic-tank-cutout.png
9184468140259,copper-shard-full-zip-hoodie,Copper Shard Full-Zip Hoodie,8,https://cdn.shopify.com/s/files/1/0788/2358/8067/files/230gsm-full-zip-up-hoodie-with-plush-liningall-over-printing-2137119.png?v=1778286007,copper-shard-full-zip-hoodie-cutout.png
9193887891683,cosmic-abstract-hockey-jersey,Cosmic Abstract Hockey Jersey — Marbled Cell AOP Full-Coverage,4,https://cdn.shopify.com/s/files/1/0788/2358/8067/files/cosmic-abstract-hockey-jersey-for-streetwear-collectors-full-coverage-aop-mesh-rink-to-festival-statement-bold-print-sports-jersey-4678110.png?v=1782724330,cosmic-abstract-hockey-jersey-cutout.png
9299158466787,cosmic-bloom-sunflower-raglan,Cosmic Bloom Sunflower Raglan — Boundless Bleeds Series AOP,5,https://cdn.shopify.com/s/files/1/0788/2358/8067/files/chaos-cosmic-bloom-raglan-for-alt-synth-pop-dressers-boundless-bleeds-aop-jersey-psychedelic-sunflower-obsidian-neon-8682503.jpg?v=1782724149,cosmic-bloom-sunflower-raglan-cutout.png
9299638649059,cosmic-bloom-tie-dye-raglan,Cosmic Bloom Tie-Dye Raglan — Boundless Bleeds Series AOP,5,https://cdn.shopify.com/s/files/1/0788/2358/8067/files/chaos-cosmic-bloom-all-over-print-raglan-boundless-bleeds-series-5152083.jpg?v=1782724209,cosmic-bloom-tie-dye-raglan-cutout.png
9214499586275,cosmic-chain-link-kimono-robe,Cosmic Chain Link Kimono Robe — Psychedelic Rainbow AOP Kaftan for Maximalist Dressers,2,https://cdn.shopify.com/s/files/1/0788/2358/8067/files/kimono-robe-dragon-ballistic-style-samurai-for-feminine-and-fierce-3962516.png?v=1777788608,cosmic-chain-link-kimono-robe-cutout.png
9175878795491,cosmic-dot-painting-bucket-hat,Cosmic Dot Painting Bucket Hat — Galaxy AOP Festival Hat,9,https://cdn.shopify.com/s/files/1/0788/2358/8067/files/90bb8b82-il_fullxfull.7691992936_1yf0.jpg?v=1774455900,cosmic-dot-painting-bucket-hat-cutout.png
9304901189859,cosmic-mandala-combat-boots,Cosmic Mandala Combat Boots,4,https://cdn.shopify.com/s/files/1/0788/2358/8067/files/indigo-garden-martin-boots-blue-violet-folk-floral-aop-combat-boots-statement-festival-footwear-6350889.jpg?v=1782724156,cosmic-mandala-combat-boots-cutout.png
9175878664419,cosmic-pop-art-bomber-jacket,Cosmic Pop Art Bomber Jacket — Planet AOP Canvas-Feel,2,https://cdn.shopify.com/s/files/1/0788/2358/8067/files/5d4ac06d-il_fullxfull.7724266679_oaub.jpg?v=1774790764,cosmic-pop-art-bomber-jacket-cutout.png
9299133006051,cosmic-sunflower-raglan-tee,Cosmic Sunflower Raglan — Rainbow Spiral Tie-Dye AOP Women's Tee,5,https://cdn.shopify.com/s/files/1/0788/2358/8067/files/fever-ray-cosmic-sunflower-raglan-for-avant-garde-synth-pop-dressers-neon-yellow-purple-black-aop-womens-tie-dye-electronic-music-festival-top-3357345.jpg?v=1782724030,cosmic-sunflower-raglan-tee-cutout.png
9529611223267,cosmic-svg-bundle-16-space-galaxy-cut-files,Cosmic SVG Bundle — 16+ Space & Galaxy Cut Files,1,https://cdn.shopify.com/s/files/1/0788/2358/8067/files/cosmic-16-svg-bundle-for-cricut-sublimation-pod-cosmic-space-galaxy-designs-4695522.png?v=1782815106,cosmic-svg-bundle-16-space-galaxy-cut-files-cutout.png
9175876042979,cosmic-thunder-aop-long-sleeve-shirt,Cosmic Thunder AOP Long Sleeve Shirt — Cobalt Blue Lightning Bolt Retro Print,9,https://cdn.shopify.com/s/files/1/0788/2358/8067/files/geometric-glitch-art-button-down-for-90s-arcade-maximalists-aop-glitchcore-short-sleeve-shirt-bold-pixel-streetwear-statement-2272039.png?v=1782724568,cosmic-thunder-aop-long-sleeve-shirt-cutout.png
9529610862819,cottagecore-svg-bundle-56-eclectic-cut-files,Cottagecore SVG Bundle — 56+ Eclectic Cut Files,1,https://cdn.shopify.com/s/files/1/0788/2358/8067/files/cottagecore-56-svg-bundle-for-cricut-sublimation-pod-cottagecore-rustic-cottage-aesthetic-4189994.png?v=1782815106,cottagecore-svg-bundle-56-eclectic-cut-files-cutout.png
9193905291491,crimson-ocean-reversible-bucket-hat,Crimson Ocean Reversible Bucket Hat — Boundless Bleeds AOP,9,https://cdn.shopify.com/s/files/1/0788/2358/8067/files/crimson-ocean-reversible-aop-bucket-hat-two-looks-one-hat-2033968.png?v=1777788608,crimson-ocean-reversible-bucket-hat-cutout.png
9175877026019,crimson-plume-bloom-polo,Crimson Plume Bloom Polo — Painterly Floral AOP Long Sleeve,11,https://cdn.shopify.com/s/files/1/0788/2358/8067/files/artsy-floral-aop-mens-long-sleeve-polo-220gsm-painterly-botanical-print-polished-maximalist-workwear-for-hospitality-1727524.png?v=1782724508,crimson-plume-bloom-polo-cutout.png
9175878992099,crisp-burn-painted-strata-hoodie,Crisp Burn Painted Strata Zip Hoodie — Sunset Wave AOP,9,https://cdn.shopify.com/s/files/1/0788/2358/8067/files/crisp-burn-painted-strata-zip-hoodie-sunset-wave-all-over-print-7302564.png?v=1778286006,crisp-burn-painted-strata-hoodie-cutout.png
9297182720227,crowd-of-faces-blazer,Crowd of Faces Blazer — Surreal Portrait Collage AOP Suit Jacket,5,https://cdn.shopify.com/s/files/1/0788/2358/8067/files/crowd-of-faces-aop-blazer-surreal-portrait-collage-flat-lapel-suit-jacket-for-gallery-night-rebels-3102169.jpg?v=1782724097,crowd-of-faces-blazer-cutout.png
9175878959331,crowd-theory-bucket-hat,Crowd Theory Bucket Hat — Illustrated Collage AOP,8,https://cdn.shopify.com/s/files/1/0788/2358/8067/files/e565336e-il_fullxfull.7676317760_i3dx.jpg?v=1774790830,crowd-theory-bucket-hat-cutout.png
9297181606115,cubist-stained-glass-henley-polo,Cubist Stained Glass Henley Polo — Vivid Mosaic AOP,2,https://cdn.shopify.com/s/files/1/0788/2358/8067/files/cubist-stained-glass-henley-polo-vivid-mosaic-aop-bamboo-feel-summer-shirt-for-art-forward-dressers-8721894.jpg?v=1782724036,cubist-stained-glass-henley-polo-cutout.png
9193858728163,cultural-archive-collage-long-sleeve-shirt,Cultural Archive Collage Long Sleeve Shirt — Mixed Media Painting AOP 125gsm Slub Cotton,8,https://cdn.shopify.com/s/files/1/0788/2358/8067/files/155733-0581a56b-fbab-47b0-be7f-1d10abe1ade8.jpg?v=1774789631,cultural-archive-collage-long-sleeve-shirt-cutout.png
9175876075747,cyber-marble-liquid-glitch-henley,Cyber-Marble Liquid Glitch Henley — Maximalist AOP Long Sleeve,6,https://cdn.shopify.com/s/files/1/0788/2358/8067/files/cyber-marble-liquid-glitch-long-sleeve-henley-maximalist-aop-streetwear-top-280gsm-polyester-spandex-glitchcore-digital-marble-print-6361713.png?v=1782724568,cyber-marble-liquid-glitch-henley-cutout.png
9175878271203,cyberpunk-network-hoodie,Cyberpunk Network Hoodie — Circuit Splatter AOP Pullover,8,https://cdn.shopify.com/s/files/1/0788/2358/8067/files/1ccc5007-il_fullxfull.7676319182_nejq.jpg?v=1774790765,cyberpunk-network-hoodie-cutout.png
9193884680419,dark-bloom-botanical-aop-sweatshirt,Dark Bloom AOP Sweatshirt — Magenta Botanical Silhouette 320gsm Fleece,11,https://cdn.shopify.com/s/files/1/0788/2358/8067/files/evil-intentions-aop-sweatshirt-320gsm-fleece-lined-dark-art-5190187.png?v=1778120046,dark-bloom-botanical-aop-sweatshirt-cutout.png
9214499684579,dark-hydrangea-aop-athletic-hoodie,Dark Hydrangea AOP Athletic Hoodie — Botanical Watercolor Print 95% Recycled Polyester,8,https://cdn.shopify.com/s/files/1/0788/2358/8067/files/floral-print-athletic-hoodie-cozy-gym-layer-nature-inspired-sportswear-perfect-gift-for-fitness-lovers-stylish-outdoor-apparel-9785525.png?v=1777788607,dark-hydrangea-aop-athletic-hoodie-cutout.png
9260744966371,dark-mixed-media-wall-svg,Dark Mixed Media Wall SVG — Cracked Mineral AOP Vector Pattern,1,https://cdn.shopify.com/s/files/1/0788/2358/8067/files/dark_mixed_media_wall_v2.svg?v=1778523194,dark-mixed-media-wall-svg-cutout.png
9261119701219,dearly-departed-basketball-shorts,Dearly Departed Basketball Shorts,7,https://cdn.shopify.com/s/files/1/0788/2358/8067/files/neon-skeletal-mosaic-aop-shorts-for-rave-and-streetwear-collectors-bold-retro-neon-athletic-basketball-shorts-quick-dry-festival-gym-activewear-9878584.png?v=1782724032,dearly-departed-basketball-shorts-cutout.png
9300241154275,deep-teal-bioluminescent-scale-scuba-jacket,Deep Teal Bioluminescent Scale Scuba Jacket,5,https://cdn.shopify.com/s/files/1/0788/2358/8067/files/scuba-irregular-hem-jacket-deep-teal-bioluminescent-scale-print-2296233.jpg?v=1782724094,deep-teal-bioluminescent-scale-scuba-jacket-cutout.png
9260746866915,desert-coral-cell-vexel-svg,Desert Coral Cell Vexel SVG — Organic AOP Vector Pattern,1,https://cdn.shopify.com/s/files/1/0788/2358/8067/files/desert_coral_cell_vexel_v47.svg?v=1778522677,desert-coral-cell-vexel-svg-cutout.png
9175879614691,digital-distortion-hoodie,Digital Distortion Hoodie — Neon Scribble AOP Cotton-Blend,6,https://cdn.shopify.com/s/files/1/0788/2358/8067/files/e2e8ef94-il_fullxfull.7724264611_sh1g.jpg?v=1774790645,digital-distortion-hoodie-cutout.png
9175875616995,digital-drip-aop-graffiti-beanie,Digital Drip AOP Graffiti Beanie,7,https://cdn.shopify.com/s/files/1/0788/2358/8067/files/digital-drip-aop-beanie-abstract-camo-double-sided-knit-cap-2915342.png?v=1783063927,digital-drip-aop-graffiti-beanie-cutout.png
9175875977443,digital-fiber-snapback,Digital Fiber Snapback,10,https://cdn.shopify.com/s/files/1/0788/2358/8067/files/abstract-fractal-art-flat-brim-cap-maximalist-streetwear-snapback-2892890.png?v=1778286067,digital-fiber-snapback-cutout.png
9175878238435,digital-impasto-half-zip,Digital Impasto Half-Zip — Bold Paint Stroke AOP Heavyweight,10,https://cdn.shopify.com/s/files/1/0788/2358/8067/files/f8241bf2-il_fullxfull.7737619819_l3fv.jpg?v=1774790706,digital-impasto-half-zip-cutout.png
9175877976291,digital-sunrise-psychedelic-tank,Digital Sunrise Psychedelic Tank — Rainbow Road AOP,8,https://cdn.shopify.com/s/files/1/0788/2358/8067/files/0edb9e9c-il_fullxfull.7676319926_amsv.jpg?v=1774455821,digital-sunrise-psychedelic-tank-cutout.png
9261117243619,digital-sunset-chevron-hoodie,Digital Sunset Chevron Hoodie — Crimson & Cobalt AOP Pullover,6,https://cdn.shopify.com/s/files/1/0788/2358/8067/files/digital-sunset-chevron-hoodie-crimson-cobalt-vector-wave-aop-pullover-from-maximalist-motifs-8570448.png?v=1782724091,digital-sunset-chevron-hoodie-cutout.png
9193767829731,dna-thread-button-up-shirt,DNA Thread Button-Up Shirt,5,https://cdn.shopify.com/s/files/1/0788/2358/8067/files/maximalist-long-sleeve-shirt-for-creative-directors-dna-thread-aop-button-up-art-forward-workwear-founder-uniform-gallery-ready-menswear-7632806.png?v=1782724336,dna-thread-button-up-shirt-cutout.png
9528488296675,dockyard-dusk-borg-fleece-coat,Dockyard Dusk Borg Fleece Coat — Industrial Skyline AOP,7,https://cdn.shopify.com/s/files/1/0788/2358/8067/files/all-over-print-unisex-borg-fleece-stand-up-collar-coat-with-zipper-closureplus-size-6079301.jpg?v=1782724211,dockyard-dusk-borg-fleece-coat-cutout.png
9231810363619,doodle-pop-baseball-jersey,Doodle Pop Baseball Jersey,7,https://cdn.shopify.com/s/files/1/0788/2358/8067/files/all-over-print-mens-short-sleeve-baseball-jersey-with-pinstripes-2265215.png?v=1776796692,doodle-pop-baseball-jersey-cutout.png
9561410502883,doodle-riot-kids-tee,Doodle Riot Kids Tee — Maximalist Scribble Collage AOP,3,https://cdn.shopify.com/s/files/1/0788/2358/8067/files/155733-a5cd8e9b-013b-4648-b9b7-8b2c78ca8f02.jpg?v=1784007241,doodle-riot-kids-tee-cutout.png
9231539306723,doodle-riot-scribble-hoodie,Doodle Riot Hoodie — Maximalist Scribble Collage AOP Pullover,8,https://cdn.shopify.com/s/files/1/0788/2358/8067/files/all-over-print-unisex-pullover-hoodie-310gsm-cotton-2533700.png?v=1776796691,doodle-riot-scribble-hoodie-cutout.png
9231811903715,dot-constellation-maxi-dress,Dot Constellation Maxi Dress,4,https://cdn.shopify.com/s/files/1/0788/2358/8067/files/all-over-print-womens-maxi-dressplus-size-7201773.png?v=1776713887,dot-constellation-maxi-dress-cutout.png
9231541666019,dreadful-thorns-chromatic-aop-hoodie,Dreadful Thorns Chromatic AOP Hoodie — Rainbow Vein Fracture 310gsm 100% Cotton Unisex,4,https://cdn.shopify.com/s/files/1/0788/2358/8067/files/all-over-print-unisex-pullover-hoodie-310gsm-cotton-5062760.jpg?v=1776731448,dreadful-thorns-chromatic-aop-hoodie-cutout.png
9231543173347,dreadful-thorns-half-zip-pullover,Dreadful Thorns Half-Zip Pullover — Rainbow Vein AOP 260gsm Polyester Adjustable Collar,12,https://cdn.shopify.com/s/files/1/0788/2358/8067/files/dreadful-thorns-all-over-print-half-zip-pullover-shirt-bold-graphic-streetwear-mens-s-5xl-3526356.png?v=1776796691,dreadful-thorns-half-zip-pullover-cutout.png
9260745752803,earth-tone-mixed-media-svg,Earth Tone Mixed Media SVG — Warm Neutral Abstract AOP Vector Download,1,https://cdn.shopify.com/s/files/1/0788/2358/8067/files/earth_tone_mixed_media_wall.svg?v=1778523102,earth-tone-mixed-media-svg-cutout.png
9299127140579,echo-chamber-pointillist-dot-wave-silk-shirt,Echo Chamber AOP Silk Shirt — Pointillist Dot Wave Teal & Gold Long-Sleeve Button-Down,7,https://cdn.shopify.com/s/files/1/0788/2358/8067/files/echo-chamber-wearable-installation-shirt-for-visual-noise-collectors-cognitive-drift-aop-imitation-silk-optical-illusion-mirror-print-6245804.png?v=1782724091,echo-chamber-pointillist-dot-wave-silk-shirt-cutout.png
9260746506467,electric-cell-burst-svg,Electric Cell Burst SVG — Neon Lime & Cyan Vexel Organic Cells Instant Download,1,https://cdn.shopify.com/s/files/1/0788/2358/8067/files/electric_cell_burst_v40.svg?v=1778522804,electric-cell-burst-svg-cutout.png
9231811051747,electric-windows-foldable-wallet,Electric Windows Foldable Wallet,5,https://cdn.shopify.com/s/files/1/0788/2358/8067/files/foldable-wallet-8037991.jpg?v=1776724831,electric-windows-foldable-wallet-cutout.png
9260747915491,ember-camo-ink-bomb-svg,Ember Camo Ink Bomb SVG — Black & Orange Fire Camo Instant Download,1,https://cdn.shopify.com/s/files/1/0788/2358/8067/files/ember_camo_ink_bomb.svg?v=1778522308,ember-camo-ink-bomb-svg-cutout.png
9556304986339,ember-spiral-canvas-print,Ember Spiral Canvas Print — Tie-Dye AOP Framed Wall Art,3,https://cdn.shopify.com/s/files/1/0788/2358/8067/files/155733-5a285be1-2948-4521-844a-913341e82c60.jpg?v=1783546190,ember-spiral-canvas-print-cutout.png
9261115343075,ember-strike-kimono-robe,Ember Strike Kimono Robe,5,https://cdn.shopify.com/s/files/1/0788/2358/8067/files/long-sleeve-aop-kimono-robe-for-maximalist-home-dressers-bold-all-over-print-womens-duster-robe-gallery-lounge-statement-8807833.jpg?v=1782724151,ember-strike-kimono-robe-cutout.png
9175878729955,emerald-shards-aop-cotton-poplin-shirt,Emerald Shards AOP Cotton Poplin Shirt — Pastel Mosaic Organic Tile 115gsm Concealed Placket,8,https://cdn.shopify.com/s/files/1/0788/2358/8067/files/8327423a-il_fullxfull.7724265605_1un9.jpg?v=1774455900,emerald-shards-aop-cotton-poplin-shirt-cutout.png
9225774301411,emoji-expose-collared-shirt,Emoji Expose Collared Shirt — Y2K Retro Icon Sticker Collage AOP 125gsm Slub Cotton,8,https://cdn.shopify.com/s/files/1/0788/2358/8067/files/emoji-expose-collared-shirt-all-over-print-100-cotton-maximalist-streetwear-lapel-4405828.png?v=1776796693,emoji-expose-collared-shirt-cutout.png
9175879319779,ethereal-zebra-psychedelic-button-up,Ethereal Zebra Psychedelic Button-Up — Rainbow Wave AOP Short-Sleeve Festival Business Crossover,8,https://cdn.shopify.com/s/files/1/0788/2358/8067/files/d0054102-il_fullxfull.7724264975_f9kb.jpg?v=1774790705,ethereal-zebra-psychedelic-button-up-cutout.png
9193883009251,evergreen-aop-hawaiian-shirt,Evergreen AOP Hawaiian Shirt — Layered Conifer Forest Print 150gsm Bamboo-Texture Polyester,3,https://cdn.shopify.com/s/files/1/0788/2358/8067/files/evergreen-aop-hawaiian-shirt-for-summers-most-intentional-dresser-150gsm-bamboo-texture-polyester-auto-matched-stitch-full-bleed-resort-statement-4398784.png?v=1782724337,evergreen-aop-hawaiian-shirt-cutout.png
9259959517411,everything-mashup-aop-jumpsuit,Everything Mashup AOP Jumpsuit — Heavyweight Graffiti Street Art Full-Body One-Piece,6,https://cdn.shopify.com/s/files/1/0788/2358/8067/files/graffiti-aop-heavyweight-jumpsuit-for-everything-mashup-maximalists-310gsm-bold-street-art-all-over-print-skull-festival-streetwear-5427696.png?v=1782724210,everything-mashup-aop-jumpsuit-cutout.png
9508269326563,exotic-bloom-boho-duster-jacket,Exotic Bloom Duster Jacket — Neon Floral Boho V-Neck Layer,5,https://cdn.shopify.com/s/files/1/0788/2358/8067/files/exotic-bloom-womens-long-sleeve-outwear-lightweight-boho-v-neck-duster-jacket-5437216.jpg?v=1782724034,exotic-bloom-boho-duster-jacket-cutout.png
9260922994915,f-minimalism-tee,F Minimalism Slogan Tee — Bold Typography Statement Shirt on Airlume Cotton,25,https://cdn.shopify.com/s/files/1/0788/2358/8067/files/f-minimalism-anti-minimalist-slogan-tee-for-maximalist-rebels-airlume-cotton-bold-typography-statement-shirt-gift-for-the-chronically-expressive-7510343.jpg?v=1782724093,f-minimalism-tee-cutout.png
9518375076067,fan-bloom-full-zip-hoodie,Fan Bloom Full-Zip Hoodie,6,https://cdn.shopify.com/s/files/1/0788/2358/8067/files/mens-psychedelic-festival-hoodie-bold-spiral-all-over-print-full-zip-rave-jacket-trippy-streetwear-8851433_e552bea3-deef-4b20-be25-745e681a38ab.png?v=1784123921,fan-bloom-full-zip-hoodie-cutout.png
9175878697187,fault-line-zip-hoodie,Fault Line Zip Hoodie,5,https://cdn.shopify.com/s/files/1/0788/2358/8067/files/a8bf951a-il_fullxfull.7724266511_o45j.jpg?v=1774790717,fault-line-zip-hoodie-cutout.png
9561440780515,fireball-cosmos-kids-tee,Fireball Cosmos Kids Tee — Meteor Shower AOP Crew Neck,3,https://cdn.shopify.com/s/files/1/0788/2358/8067/files/155733-3e538894-d7ac-4044-b106-edff6093660d.jpg?v=1784011328,fireball-cosmos-kids-tee-cutout.png
9175875485923,floral-fusion-psychedelic-crewneck,Floral Fusion Psychedelic Crewneck,10,https://cdn.shopify.com/s/files/1/0788/2358/8067/files/a8c3c0a2-il_fullxfull.7806883539_j9s7.jpg?v=1774790955,floral-fusion-psychedelic-crewneck-cutout.png
9175876501731,floral-heart-snapback,Floral Heart Snapback,11,https://cdn.shopify.com/s/files/1/0788/2358/8067/files/psychedelic-graffiti-aop-snapback-for-rave-festival-street-art-collectors-bold-weirdcore-hip-hop-hat-hypebeast-maximalist-cap-3159233.png?v=1782724508,floral-heart-snapback-cutout.png
9175875420387,floral-heart-trucker-hat,Floral Heart Trucker Hat,3,https://cdn.shopify.com/s/files/1/0788/2358/8067/files/maximalist-aop-trucker-hat-bold-all-over-print-snapback-with-black-half-mesh-for-festival-street-style-2859861.png?v=1782724567,floral-heart-trucker-hat-cutout.png
9252387127523,flow-bish-svg,Flow Bish SVG — Zero Gravity Vector Pattern by Dyles Mavis,1,https://cdn.shopify.com/s/files/1/0788/2358/8067/files/Flow_Bish.svg?v=1777629162,flow-bish-svg-cutout.png
9257415442659,fluidic-nebula-svg,Fluidic Nebula SVG — 2097-Path Neon Cosmic Wave by Dyles Mavis,1,https://cdn.shopify.com/s/files/1/0788/2358/8067/files/fluidic-nebula-2097-path-neon-collision-svg-cosmic-fluid-wave-aop-digital-download-2823706.png?v=1778202906,fluidic-nebula-svg-cutout.png
9193887727843,fractured-wings-aop-collared-jacket,Fractured Wings AOP Collared Jacket — Abstract Butterfly Grey Blue Amber Outerwear,2,https://cdn.shopify.com/s/files/1/0788/2358/8067/files/155733-1c8998fe-b826-467b-81ad-edbaa464973f.jpg?v=1774789575,fractured-wings-aop-collared-jacket-cutout.png
9563828158691,frisco-sticker-collage-mesh-top,Frisco Sticker Collage Mesh Top — City Postcard AOP Long Sleeve,6,https://cdn.shopify.com/s/files/1/0788/2358/8067/files/155733-d11c8a38-c2a7-4b93-9be7-2c79fe995bd9.jpg?v=1784039794,frisco-sticker-collage-mesh-top-cutout.png
9455369781475,gadget-pop-aop-body-pillow,"Gadget Pop AOP Body Pillow — Retro Tech Collage Long Cushion, Statement Bedroom Decor",6,https://cdn.shopify.com/s/files/1/0788/2358/8067/files/graffiti-collage-aop-body-pillow-street-art-comic-print-long-cushion-dopamine-decor-for-loud-bedrooms-9877794.jpg?v=1782724039,gadget-pop-aop-body-pillow-cutout.png
9231812231395,gem-pebble-mosaic-foldable-wallet,Gem Pebble Mosaic Foldable Wallet — Painted Stone Cluster AOP Multi-Card Carry,6,https://cdn.shopify.com/s/files/1/0788/2358/8067/files/foldable-wallet-8672704.jpg?v=1776713244,gem-pebble-mosaic-foldable-wallet-cutout.png
9175874863331,geometric-cubist-abstract-aop-jogger-pants,Geometric Cubist Abstract AOP Jogger Pants,6,https://cdn.shopify.com/s/files/1/0788/2358/8067/files/colorful-abstract-floral-cotton-pants-for-bold-self-expressers-maximalist-botanical-aop-elastic-waist-unisex-streetwear-bottoms-7410600.png?v=1782724509,geometric-cubist-abstract-aop-jogger-pants-cutout.png
9529610272995,geometric-whimsigoth-art-deco-svg-bundle-800-cut-files,Geometric Whimsigoth Art Deco SVG Bundle — 800+ Cut Files,1,https://cdn.shopify.com/s/files/1/0788/2358/8067/files/geometric-whimsigoth-art-deco-800-svg-bundle-for-cricut-sublimation-pod-geometric-whimsigoth-art-deco-vectors-5993705.png?v=1782815106,geometric-whimsigoth-art-deco-svg-bundle-800-cut-files-cutout.png
9493168193763,gilded-hour-baroque-tee,Gilded Hour Baroque Tee — Ornate AOP Loose Fit Top,2,https://cdn.shopify.com/s/files/1/0788/2358/8067/files/all-over-print-womens-loose-fit-t-shirt-6484699.jpg?v=1782724215,gilded-hour-baroque-tee-cutout.png
9175878631651,glitch-art-aop-pullover-hoodie,Glitch Art AOP Pullover Hoodie,6,https://cdn.shopify.com/s/files/1/0788/2358/8067/files/glitch-art-aop-pullover-hoodie-mind-trip-psychedelic-swirl-streetwear-for-all-genders-8758680.png?v=1782898148,glitch-art-aop-pullover-hoodie-cutout.png
9175875879139,glow-insect-fan-blade-decals,Glow Insect Fan Blade Decals,6,https://cdn.shopify.com/s/files/1/0788/2358/8067/files/b8dd3cb8-il_fullxfull.7712126566_h39y.jpg?v=1774790946,glow-insect-fan-blade-decals-cutout.png
9301031780579,golden-current-liquid-marble-bodysuit,Golden Current Hooded Bodysuit — Navy Blue & Amber Liquid Marble AOP Women's Base Layer,7,https://cdn.shopify.com/s/files/1/0788/2358/8067/files/golden-current-liquid-marble-hooded-bodysuit-navy-amber-swirl-aop-raglan-base-layer-for-bold-dressers-3879964.jpg?v=1782724031,golden-current-liquid-marble-bodysuit-cutout.png
9556265042147,golden-hour-spiral-hoodie,Golden Hour Spiral Hoodie — Tie-Dye Swirl AOP Fleece Pullover,3,https://cdn.shopify.com/s/files/1/0788/2358/8067/files/155733-9eb8caf6-2b8b-444d-817b-76d941971049.jpg?v=1783544192,golden-hour-spiral-hoodie-cutout.png
9261116653795,gradient-kaleidoscope-camp-shirt,Gradient Kaleidoscope Camp Shirt,5,https://cdn.shopify.com/s/files/1/0788/2358/8067/files/mens-aop-hawaiian-camp-shirt-for-bold-summer-maximalists-all-over-print-streetwear-button-up-festival-resort-statement-top-assembled-in-usa-8467319.jpg?v=1782724152,gradient-kaleidoscope-camp-shirt-cutout.png
9261118488803,graffiti-bomb-crop-tee,Graffiti Bomb Crop Tee,9,https://cdn.shopify.com/s/files/1/0788/2358/8067/files/graffiti-print-crop-tee-for-colorful-urban-street-art-dressers-bold-aop-hip-hop-crop-top-festival-party-summer-statement-6229229.jpg?v=1782724094,graffiti-bomb-crop-tee-cutout.png
9236004536547,graffiti-chaos-neon-street-art-aop-hoodie,Graffiti Chaos AOP Hoodie — Neon Street Art All-Over Print Unisex,6,https://cdn.shopify.com/s/files/1/0788/2358/8067/files/graffiti-chaos-hoodie-neon-street-art-all-over-print-warmup-hoodie-8646151.jpg?v=1777751056,graffiti-chaos-neon-street-art-aop-hoodie-cutout.png
9193900671203,graffiti-mural-camp-shirt,Graffiti Mural Camp Shirt,8,https://cdn.shopify.com/s/files/1/0788/2358/8067/files/graffiti-mural-aop-lapel-shirt-125gsm-slub-cotton-long-sleeve-5856155.png?v=1778120047,graffiti-mural-camp-shirt-cutout.png
9175876337891,graffiti-patch-heavyweight-crewneck,Graffiti Patch Heavyweight Crewneck,11,https://cdn.shopify.com/s/files/1/0788/2358/8067/files/abstract-all-over-print-sweatshirt-heavyweight-cotton-crewneck-4028315.png?v=1778286067,graffiti-patch-heavyweight-crewneck-cutout.png
9184084590819,graffiti-storm-suit-set,Graffiti Storm Suit Set,9,https://cdn.shopify.com/s/files/1/0788/2358/8067/files/260gsm-two-button-suitall-over-printing-5000509.png?v=1778286007,graffiti-storm-suit-set-cutout.png
9529610600675,graffiti-street-art-svg-bundle-155-cut-files,Graffiti & Street Art SVG Bundle — 155+ Cut Files,1,https://cdn.shopify.com/s/files/1/0788/2358/8067/files/graffiti-street-art-155-svg-bundle-for-cricut-sublimation-pod-graffiti-street-art-vectors-7466539.png?v=1782815106,graffiti-street-art-svg-bundle-155-cut-files-cutout.png
9304902762723,graffiti-tag-shearling-boots,Graffiti Tag Shearling Boots,10,https://cdn.shopify.com/s/files/1/0788/2358/8067/files/graffiti-tag-high-top-plush-boots-white-street-art-aop-fleece-lined-winter-statement-footwear-2813351.jpg?v=1782724098,graffiti-tag-shearling-boots-cutout.png
9175877746915,graffiti-tag-steering-wheel-cover,Graffiti Tag Steering Wheel Cover,5,https://cdn.shopify.com/s/files/1/0788/2358/8067/files/4511bbe0-il_fullxfull.7724267467_cfjp.jpg?v=1774455791,graffiti-tag-steering-wheel-cover-cutout.png
9175876665571,graffiti-wall-aop-crossbody-fanny-pack,Graffiti Wall AOP Crossbody Fanny Pack — Maximalist Street Art Waterproof Sling Bag,10,https://cdn.shopify.com/s/files/1/0788/2358/8067/files/4bd09f77-il_fullxfull.7685103084_tt5e.jpg?v=1774790765,graffiti-wall-aop-crossbody-fanny-pack-cutout.png
9175874961635,graffiti-wall-aop-sports-headband,Graffiti Wall AOP Sports Headband,11,https://cdn.shopify.com/s/files/1/0788/2358/8067/files/graffiti-street-art-aop-sports-headband-for-urban-fitness-dressers-sweat-wicking-bold-print-gym-peloton-hiit-activewear-accessory-7479698.png?v=1782724567,graffiti-wall-aop-sports-headband-cutout.png
9175876927715,graffiti-wall-bucket-hat,Graffiti Wall Bucket Hat,9,https://cdn.shopify.com/s/files/1/0788/2358/8067/files/graffiti-print-aop-bucket-hat-maximalist-all-over-print-urban-festival-sun-hat-2466029.png?v=1782724506,graffiti-wall-bucket-hat-cutout.png
9528488591587,graffiti-wildstyle-reversible-bucket-hat,Graffiti Wildstyle Reversible Bucket Hat — Double-Sided AOP,8,https://cdn.shopify.com/s/files/1/0788/2358/8067/files/double-side-printing-bucket-hat-8047513.jpg?v=1782724033,graffiti-wildstyle-reversible-bucket-hat-cutout.png
9175875289315,graffiti-wildstyle-snapback-cap,Graffiti Wildstyle Snapback Cap — 6-Panel AOP Streetwear Hat,4,https://cdn.shopify.com/s/files/1/0788/2358/8067/files/aop-flat-brim-snapback-cap-all-over-print-6-panel-streetwear-hat-for-festival-alt-fashion-fits-5643698.png?v=1782724508,graffiti-wildstyle-snapback-cap-cutout.png
9528488689891,halftone-drift-tee,Halftone Drift Tee — Dot Matrix Wave AOP Cotton Crew,3,https://cdn.shopify.com/s/files/1/0788/2358/8067/files/all-over-print-mens-o-neck-t-shirt-190gsm-cotton-7238564.jpg?v=1782724030,halftone-drift-tee-cutout.png
9191941832931,headline-riot-graffiti-blazer,Headline Riot Blazer — Graffiti Newsprint AOP Two-Button Suit Jacket,9,https://cdn.shopify.com/s/files/1/0788/2358/8067/files/articles-articles-aop-graffiti-suit-jacket-for-the-professional-rebels-4681243.png?v=1778285947,headline-riot-graffiti-blazer-cutout.png
9366716514531,high-on-potenuse-tee,High on Potenuse Tee,3,https://cdn.shopify.com/s/files/1/0788/2358/8067/files/high-on-potenuse-heavyweight-washed-t-shirt-neon-graffiti-math-pun-front-print-250gsm-usa-printed-5739227.jpg?v=1782724029,high-on-potenuse-tee-cutout.png
9366732701923,high-on-potenuse-washed-tee,High on Potenuse Washed Tee,3,https://cdn.shopify.com/s/files/1/0788/2358/8067/files/high-on-potenuse-washed-tee-double-sided-graffiti-math-pun-print-250gsm-heavyweight-made-in-usa-2181028.jpg?v=1782724213,high-on-potenuse-washed-tee-cutout.png
9214499520739,hypno-pebble-bucket-hat,Hypno Pebble Bucket Hat,12,https://cdn.shopify.com/s/files/1/0788/2358/8067/files/bucket-hat-mind-melting-visuals-collection-head-turning-design-aesthetic-rebellion-unique-bucket-hat-statement-accessory-trendy-bucket-8896640.png?v=1777788607,hypno-pebble-bucket-hat-cutout.png
9231812165859,indie-sleaze-collage-snapback,Indie Sleaze Collage Snapback,6,https://cdn.shopify.com/s/files/1/0788/2358/8067/files/baseball-cap-with-flat-brim-1539132.jpg?v=1776713151,indie-sleaze-collage-snapback-cutout.png
9261119144163,inferno-vortex-hoodie,Inferno Vortex Hoodie,9,https://cdn.shopify.com/s/files/1/0788/2358/8067/files/inferno-vortex-tie-dye-aop-hoodie-for-psychedelic-streetwear-collectors-spiral-rainbow-all-over-print-95-poly-spandex-5650871.png?v=1782724093,inferno-vortex-hoodie-cutout.png
9304900993251,iridescent-wave-martin-boots,Iridescent Wave Martin Boots,4,https://cdn.shopify.com/s/files/1/0788/2358/8067/files/kaleido-bloom-martin-boots-rainbow-mandala-floral-aop-combat-boots-wearable-art-footwear-7803320.jpg?v=1782724036,iridescent-wave-martin-boots-cutout.png
9185461469411,jellyfish-bloom-reversible-silk-bomber,Jellyfish Bloom Reversible Silk Bomber,11,https://cdn.shopify.com/s/files/1/0788/2358/8067/files/jellyfish-bloom-reversible-silk-bomber-abstract-art-jacket-7165059.png?v=1778120107,jellyfish-bloom-reversible-silk-bomber-cutout.png
9175875059939,jewel-stripe-blouse,Jewel Stripe Blouse,11,https://cdn.shopify.com/s/files/1/0788/2358/8067/files/modern-abstract-geometric-brushstroke-blouse-for-earthy-jewel-tone-dressers-dyles-mavis-aop-acid-marble-top-chaos-core-liquid-stretch-fashion-8546489.png?v=1782724506,jewel-stripe-blouse-cutout.png
9561410207971,kaleidoscope-bubble-bloom-hoodie,Kaleidoscope Bubble Bloom Hoodie — Rainbow Paint AOP Pullover,6,https://cdn.shopify.com/s/files/1/0788/2358/8067/files/155733-9eb719e3-313d-474f-a7a1-bafd76cfc1ea.jpg?v=1784007080,kaleidoscope-bubble-bloom-hoodie-cutout.png
9175875518691,kaleidoscope-mosaic-boots,Kaleidoscope Mosaic Boots — Stained-Glass AOP Plush Winter Boots,5,https://cdn.shopify.com/s/files/1/0788/2358/8067/files/charismatic-camo-plush-boots-for-urban-maximalists-bold-abstract-print-mens-winter-shoes-non-slip-rubber-sole-warm-tactical-statement-footwear-6373655.png?v=1782724506,kaleidoscope-mosaic-boots-cutout.png
9175880106211,kinetic-collage-beach-towel,Kinetic Collage Beach Towel,3,https://cdn.shopify.com/s/files/1/0788/2358/8067/files/maximalist-beach-towel-for-art-forward-summer-dressers-abstract-paint-splash-aop-microfiber-festival-pool-gear-bold-summer-accessory-7398852.png?v=1782724390,kinetic-collage-beach-towel-cutout.png
9191713538275,kinetic-collage-watch-band,Kinetic Collage Watch Band,9,https://cdn.shopify.com/s/files/1/0788/2358/8067/files/52c0792ed915094850d170909a0f07b3.jpg?v=1774456194,kinetic-collage-watch-band-cutout.png
9260393136355,knit-hat-all-over-printing-2,"Maximalist AOP Beanie for Streetwear Collectors — Bold Print Knit Hat, Festival Winter Wear, Cold-Weather Statement Piece",10,https://cdn.shopify.com/s/files/1/0788/2358/8067/files/maximalist-aop-beanie-for-streetwear-collectors-bold-print-knit-hat-festival-winter-wear-cold-weather-statement-piece-dopamine-dressing-6640147.png?v=1782724154,knit-hat-all-over-printing-2-cutout.png
9261115277539,leopard-spot-aop-hoodie,Leopard Spot AOP Hoodie,3,https://cdn.shopify.com/s/files/1/0788/2358/8067/files/leopard-spot-aop-hoodie-for-animal-print-maximalists-brown-cream-wild-print-pullover-autumn-street-style-statement-cozy-unisex-gift-for-her-or-him-7097887.png?v=1782724039,leopard-spot-aop-hoodie-cutout.png
9261116457187,leopard-spot-cut-sewn-hoodie,Leopard Spot Cut & Sewn Hoodie,5,https://cdn.shopify.com/s/files/1/0788/2358/8067/files/leopard-spot-aop-pullover-hoodie-for-wild-street-style-dressers-brown-cream-animal-print-250gsm-poly-cut-and-sewn-3583974.jpg?v=1782724097,leopard-spot-cut-sewn-hoodie-cutout.png
9184218874083,lightning-complex-blanket-60x80,"Lightning Complex Blanket 60""×80""",9,https://cdn.shopify.com/s/files/1/0788/2358/8067/files/5694350e26907452c0c5a9b70247a7a3.jpg?v=1774455997,lightning-complex-blanket-60x80-cutout.png
9184219070691,lightning-complex-blanket-70x80,"Lightning Complex Blanket 70""×80""",9,https://cdn.shopify.com/s/files/1/0788/2358/8067/files/27f42ab3812bc19263fcb4c7304e2657.jpg?v=1774455998,lightning-complex-blanket-70x80-cutout.png
9184219234531,lightning-complex-throw-30x40,"Lightning Complex Flannel Throw 30""×40""",9,https://cdn.shopify.com/s/files/1/0788/2358/8067/files/d95fcf23e6f9012d11a9c3e73a75ee05.jpg?v=1774456094,lightning-complex-throw-30x40-cutout.png
9184219365603,lightning-complex-throw-40x50,"Lightning Complex Flannel Fleece Throw 40""×50""",9,https://cdn.shopify.com/s/files/1/0788/2358/8067/files/fceec3346e9bebd072467a029d38ab13.jpg?v=1774456095,lightning-complex-throw-40x50-cutout.png
9184219398371,lightning-complex-throw-50x60,"Lightning Complex Vintage Flannel Throw 50""×60""",11,https://cdn.shopify.com/s/files/1/0788/2358/8067/files/c40df9cee4552bb6104448cb8479cd9c.jpg?v=1774456095,lightning-complex-throw-50x60-cutout.png
9175876010211,lightning-strike-henley,Lightning Strike Henley,8,https://cdn.shopify.com/s/files/1/0788/2358/8067/files/mens-lightning-aop-henley-shirt-for-maximalist-cyberpunk-streetwear-dressers-long-sleeve-bold-print-statement-top-2814187.png?v=1782724507,lightning-strike-henley-cutout.png
9260747129059,linen-cell-vexel-svg,Linen Cell Vexel SVG,1,https://cdn.shopify.com/s/files/1/0788/2358/8067/files/linen_cell_vexel_v52.svg?v=1778522531,linen-cell-vexel-svg-cutout.png
9193881469155,liquid-flow-baseball-jersey,Liquid Flow Baseball Jersey,7,https://cdn.shopify.com/s/files/1/0788/2358/8067/files/holographic-collectors-card-baseball-jersey-all-over-print-5482867.png?v=1778285946,liquid-flow-baseball-jersey-cutout.png
9175875944675,liquid-glitch-beanie,Liquid Glitch Beanie,11,https://cdn.shopify.com/s/files/1/0788/2358/8067/files/liquid-glitch-beanie-maximalist-graffiti-streetwear-hat-9487129.png?v=1776796989,liquid-glitch-beanie-cutout.png
9297183506659,liquid-glitch-snapback,Liquid Glitch Snapback,3,https://cdn.shopify.com/s/files/1/0788/2358/8067/files/liquid-glitch-flat-brim-cap-warped-neon-scanline-aop-snapback-for-glitchcore-streetwear-heads-7724802.jpg?v=1782724148,liquid-glitch-snapback-cutout.png
9301029028067,liquid-groove-button-up-shirt,Liquid Groove Button-Up Shirt,3,https://cdn.shopify.com/s/files/1/0788/2358/8067/files/maximalist-statement-shirt-for-the-polished-rebel-bold-print-button-up-art-forward-workwear-creative-director-uniform-wine-country-style-2709376.jpg?v=1782724088,liquid-groove-button-up-shirt-cutout.png
9528488526051,liquid-marble-swirl-cargo-pants,Liquid Marble Swirl Cargo Pants — Rainbow AOP Straight Leg,2,https://cdn.shopify.com/s/files/1/0788/2358/8067/files/all-over-print-mens-cargo-pants-9748844.jpg?v=1782724027,liquid-marble-swirl-cargo-pants-cutout.png
9175879188707,magnetic-maiden-mesh-top,Magnetic Maiden Mesh Top,5,https://cdn.shopify.com/s/files/1/0788/2358/8067/files/magnetic-maiden-aop-mesh-top-ethereal-long-sleeve-womens-7121906.png?v=1782724387,magnetic-maiden-mesh-top-cutout.png
9175876239587,magnetic-sea-fleece-hoodie,Magnetic Sea Fleece Hoodie,9,https://cdn.shopify.com/s/files/1/0788/2358/8067/files/magentic-sea-aop-thicken-pullover-hoodie-8197005.png?v=1777788787,magnetic-sea-fleece-hoodie-cutout.png
9529610830051,mandala-collection-svg-bundle-73-cut-files,Mandala Collection SVG Bundle — 73+ Cut Files,1,https://cdn.shopify.com/s/files/1/0788/2358/8067/files/mandala-collection-73-svg-bundle-for-cricut-sublimation-pod-mandala-zentangle-designs-5828130.png?v=1782815106,mandala-collection-svg-bundle-73-cut-files-cutout.png
9529610174691,maximalist-decor-svg-bundle-800-cut-files,Maximalist Decor SVG Bundle — 800+ Cut Files,1,https://cdn.shopify.com/s/files/1/0788/2358/8067/files/maximalist-dopamine-decor-800-svg-bundle-for-cricut-sublimation-pod-bold-psychedelic-tie-dye-dopamine-decor-art-1549914.png?v=1782815106,maximalist-decor-svg-bundle-800-cut-files-cutout.png
9225790423267,melted-candy-cotton-crewneck,Melted Candy Cotton Crewneck,15,https://cdn.shopify.com/s/files/1/0788/2358/8067/files/melted-candy-all-over-print-unisex-sweatshirt-100-cotton-310gsm-4000233.jpg?v=1776796694,melted-candy-cotton-crewneck-cutout.png
9237687173347,melted-neon-crayons-joggers,Melted Neon Crayons Joggers,3,https://cdn.shopify.com/s/files/1/0788/2358/8067/files/melted-neon-crayons-all-over-print-athletic-joggers-3804614.png?v=1777788609,melted-neon-crayons-joggers-cutout.png
9301030764771,melted-rainbow-longline-hoodie,Melted Rainbow Longline Hoodie,3,https://cdn.shopify.com/s/files/1/0788/2358/8067/files/melted-rainbow-longline-hoodie-liquid-swirl-aop-heavy-fleece-tunic-for-psychedelic-loungewear-collectors-9386021.jpg?v=1782724209,melted-rainbow-longline-hoodie-cutout.png
9575026950371,mens-black-sole-canvas-shoes,All-Over Print Canvas Sneakers — Black Rubber Sole,7,https://cdn.shopify.com/s/files/1/0788/2358/8067/files/155733-7d2a9aac-39c2-4f91-93d9-2484bffb3151.jpg?v=1784840624,mens-black-sole-canvas-shoes-cutout.png
9214500241635,mermaid-gems-skater-skirt,Mermaid Gems Skater Skirt,5,https://cdn.shopify.com/s/files/1/0788/2358/8067/files/skater-skirt-mermaid-gems-radiant-aqua-neon-splash-iridescent-rave-mini-skirt-3872592.png?v=1777788606,mermaid-gems-skater-skirt-cutout.png
9260745162979,midnight-wall-abstract-svg,Midnight Wall Abstract SVG,1,https://cdn.shopify.com/s/files/1/0788/2358/8067/files/midnight_wall_abstract_v3.svg?v=1778523341,midnight-wall-abstract-svg-cutout.png
9175877877987,mixtape-pajama-pants,Mixtape Pajama Pants,11,https://cdn.shopify.com/s/files/1/0788/2358/8067/files/90s-mixtape-pajama-pants-retro-music-lover-lounge-wear-8562785.png?v=1778286007,mixtape-pajama-pants-cutout.png
9561437405411,molten-prism-wave-hoodie,Molten Prism Wave Hoodie — Liquid Ripple AOP Pullover,6,https://cdn.shopify.com/s/files/1/0788/2358/8067/files/155733-0720c46f-5287-44fd-8dae-573299eb5740.jpg?v=1784010359,molten-prism-wave-hoodie-cutout.png
9231538323683,monster-doodle-cotton-hoodie,Monster Doodle Cotton Hoodie,9,https://cdn.shopify.com/s/files/1/0788/2358/8067/files/reptard-enraged-aop-unisex-pullover-hoodie-premium-comfort-100-cotton-7974953.png?v=1776796692,monster-doodle-cotton-hoodie-cutout.png
9300105887971,mood-shift-reversible-bucket-hat,Mood Shift Reversible Bucket Hat,12,https://cdn.shopify.com/s/files/1/0788/2358/8067/files/psychedelic-mood-shift-bucket-hat-for-festival-goers-reversible-trippy-headwear-cognitive-drift-rave-accessory-two-sided-art-hat-2058308.png?v=1782724035,mood-shift-reversible-bucket-hat-cutout.png
9193889038563,morningstar-at-night-hockey-jersey,Morningstar At Night Hockey Jersey,4,https://cdn.shopify.com/s/files/1/0788/2358/8067/files/morningstar-at-night-aop-hockey-jersey-celestial-mesh-streetwear-4424673.png?v=1777788666,morningstar-at-night-hockey-jersey-cutout.png
9260922044643,mosaic-carnival-racerback-dress,Mosaic Carnival Racerback Dress,3,https://cdn.shopify.com/s/files/1/0788/2358/8067/files/mosaic-carnival-racerback-dress-colorful-collage-aop-cut-sew-bodycon-for-festival-season-6618531.jpg?v=1782724155,mosaic-carnival-racerback-dress-cutout.png
9529610797283,nature-landscape-svg-bundle-69-cut-files,Nature & Landscape SVG Bundle — 69+ Cut Files,1,https://cdn.shopify.com/s/files/1/0788/2358/8067/files/nature-landscape-69-svg-bundle-for-cricut-sublimation-pod-nature-mountain-landscape-vectors-8380651.png?v=1782815106,nature-landscape-svg-bundle-69-cut-files-cutout.png
9260747686115,navy-ink-bomb-camo-svg,Navy Ink Bomb Camo SVG,1,https://cdn.shopify.com/s/files/1/0788/2358/8067/files/navy_ink_bomb_camo_v3_aaf41b7e-a657-4cc3-9c17-ffdb620e545a.svg?v=1778522236,navy-ink-bomb-camo-svg-cutout.png
9175875191011,neon-90s-cassette-tape-aop-jersey,Neon 90s Cassette Tape AOP Jersey,10,https://cdn.shopify.com/s/files/1/0788/2358/8067/files/neon-90s-cassette-tape-aop-jersey-maximalist-streetwear-9539560.png?v=1782724509,neon-90s-cassette-tape-aop-jersey-cutout.png
9175874994403,neon-anemone-bucket-hat,Neon Anemone Bucket Hat,11,https://cdn.shopify.com/s/files/1/0788/2358/8067/files/neon-anemone-aop-bucket-hat-electric-reef-print-s-l-7682584.png?v=1782724567,neon-anemone-bucket-hat-cutout.png
9175878926563,neon-bubble-mosaic-skater-dress,Neon Bubble Mosaic Skater Dress — Organic Cell AOP Women's Flared Dress,7,https://cdn.shopify.com/s/files/1/0788/2358/8067/files/a5eb58b5-il_fullxfull.7724264905_1vms.jpg?v=1774455901,neon-bubble-mosaic-skater-dress-cutout.png
9260924862691,neon-cell-aop-hoodie,Neon Cell AOP Hoodie,6,https://cdn.shopify.com/s/files/1/0788/2358/8067/files/liquid-psychedelic-neon-cellular-aop-hoodie-by-dyles-mavis-abstract-maximalist-motif-pullover-electric-nightscape-print-5135554.png?v=1782724034,neon-cell-aop-hoodie-cutout.png
9214489854179,neon-cellular-activity-hoodie,Neon Cellular Activity Hoodie,10,https://cdn.shopify.com/s/files/1/0788/2358/8067/files/neon-cellular-activity-aop-hoodie-digital-acrylic-pour-streetwear-9152008.png?v=1777788606,neon-cellular-activity-hoodie-cutout.png
9260692570339,neon-circuit-meltdown-svg,Neon Circuit Meltdown SVG,2,https://cdn.shopify.com/s/files/1/0788/2358/8067/files/neoncircuitmeltdown.svg?v=1778515783,neon-circuit-meltdown-svg-cutout.png
9222936494307,neon-cosmic-zigzag-svg,Neon Cosmic Zigzag SVG,1,https://cdn.shopify.com/s/files/1/0788/2358/8067/files/zigzagg.svg?v=1775844914,neon-cosmic-zigzag-svg-cutout.png
9297181540579,neon-frequency-silk-bandana,Neon Frequency Silk Bandana,5,https://cdn.shopify.com/s/files/1/0788/2358/8067/files/neon-frequency-silk-bandana-wavy-glitch-zebra-line-aop-square-scarf-rave-ready-accessory-2187631.jpg?v=1782724096,neon-frequency-silk-bandana-cutout.png
9261115998435,neon-handprint-crewneck,Neon Handprint Crewneck,17,https://cdn.shopify.com/s/files/1/0788/2358/8067/files/neon-splat-crest-crewneck-heavy-blend-navy-sweatshirt-with-psychedelic-graffiti-chest-print-9335636.png?v=1782724035,neon-handprint-crewneck-cutout.png
9201043374307,neon-pebble-fleece-gloves,Neon Pebble Fleece Gloves,12,https://cdn.shopify.com/s/files/1/0788/2358/8067/files/2951368_0_3d.jpg?v=1777790051,neon-pebble-fleece-gloves-cutout.png
9175879254243,neon-snow-sherpa-zip-hoodie,Neon Snow Sherpa Zip Hoodie,8,https://cdn.shopify.com/s/files/1/0788/2358/8067/files/neon-snow-hoodie-for-cold-weather-maximalists-psychedelic-winter-aop-recycled-polyester-eco-hoodie-ski-lodge-statement-3118006.png?v=1782724389,neon-snow-sherpa-zip-hoodie-cutout.png
9214500569315,neon-web-tee,Neon Web Tee,11,https://cdn.shopify.com/s/files/1/0788/2358/8067/files/psychedelic-web-unisex-tee-vibrant-abstract-cut-sew-t-shirt-festival-fashion-streetwear-vibes-8889191.png?v=1777788609,neon-web-tee-cutout.png
9175876796643,neon-zebra-joggers,Neon Zebra Joggers,5,https://cdn.shopify.com/s/files/1/0788/2358/8067/files/bad51ed5-il_fullxfull.7724269477_22y6.jpg?v=1774790826,neon-zebra-joggers-cutout.png
9561440420067,night-circuit-balaclava,Night Circuit Balaclava — Constellation Line Art Face Mask,3,https://cdn.shopify.com/s/files/1/0788/2358/8067/files/155733-a49351f2-5c53-46ce-a16d-6fffa747ed75.jpg?v=1784011183,night-circuit-balaclava-cutout.png
9300062142691,nimbus-drift-performance-tee,Nimbus Drift Performance Tee,3,https://cdn.shopify.com/s/files/1/0788/2358/8067/files/nimbus-drift-5000-premium-aop-performance-tee-for-ethereal-streetwear-collectors-abstract-smoke-marble-print-high-stretch-fluid-art-activewear-1132378.jpg?v=1782724087,nimbus-drift-performance-tee-cutout.png
9556302463203,nova-impact-hoodie,Nova Impact Hoodie — Cosmic Detonation AOP Fleece Pullover,3,https://cdn.shopify.com/s/files/1/0788/2358/8067/files/155733-b1b1860c-d9a8-4f33-819e-a790bba50de3.jpg?v=1783544901,nova-impact-hoodie-cutout.png
9297182130403,ocular-opulence-reversible-bucket-hat,Ocular Opulence Reversible Bucket Hat,10,https://cdn.shopify.com/s/files/1/0788/2358/8067/files/ocular-opulence-reversible-bucket-hat-holographic-op-art-stained-glass-mosaic-4362999.png?v=1782724093,ocular-opulence-reversible-bucket-hat-cutout.png
9175877910755,ocular-opulence-spiral-hoodie,Ocular Opulence Spiral Hoodie,5,https://cdn.shopify.com/s/files/1/0788/2358/8067/files/2d8871fc-il_fullxfull.7676319882_62iu.jpg?v=1774455821,ocular-opulence-spiral-hoodie-cutout.png
9175875682531,og-graffiti-tag-crewneck,OG Graffiti Tag Crewneck,11,https://cdn.shopify.com/s/files/1/0788/2358/8067/files/og-graffiti-tag-aop-crewneck-sweatshirt-for-hip-hop-streetwear-collectors-vibrant-all-over-print-cotton-unisex-statement-top-2611142.png?v=1782724509,og-graffiti-tag-crewneck-cutout.png
9193888874723,organic-cellular-mutation-shirt,Organic Cellular Mutation Shirt,3,https://cdn.shopify.com/s/files/1/0788/2358/8067/files/organic-cellular-mutation-aop-slim-fit-long-sleeve-shirt-1569635.png?v=1777788609,organic-cellular-mutation-shirt-cutout.png
9201915592931,organic-flow-bloom-svg,Organic Flow Bloom SVG,1,https://cdn.shopify.com/s/files/1/0788/2358/8067/files/abstract_composition.svg?v=1778519834,organic-flow-bloom-svg-cutout.png
9175879483619,over-my-dad-body-trucker-hat,Over My Dad Body Trucker Hat,3,https://cdn.shopify.com/s/files/1/0788/2358/8067/files/8159b091-il_fullxfull.7676318100_bfrx.jpg?v=1774455861,over-my-dad-body-trucker-hat-cutout.png
9185457537251,paint-pile-premium-baseball-cap,Paint Pile Premium Baseball Cap,12,https://cdn.shopify.com/s/files/1/0788/2358/8067/files/2945071_baseball-cap_0.jpg?v=1774790166,paint-pile-premium-baseball-cap-cutout.png
9561437470947,paint-slash-zip-up-hoodie,Paint Slash Zip-Up Hoodie — Graffiti Brushstroke AOP Fleece,3,https://cdn.shopify.com/s/files/1/0788/2358/8067/files/155733-6a689585-8ef3-4cf3-a387-614202f580a7.jpg?v=1784010430,paint-slash-zip-up-hoodie-cutout.png
9191712391395,paint-splash-bucket-hat,Paint Splash AOP Bucket Hat,9,https://cdn.shopify.com/s/files/1/0788/2358/8067/files/main-character-aop-adult-bucket-hat-full-panel-zero-blank-space-sublimation-print-one-size-festival-beach-statement-summer-headwear-2624703.png?v=1782724335,paint-splash-bucket-hat-cutout.png
9191709507811,paint-splash-ipad-case,Paint Splash iPad Case,9,https://cdn.shopify.com/s/files/1/0788/2358/8067/files/512ee6ddb782dc00aa336b735779fc34.jpg?v=1774456314,paint-splash-ipad-case-cutout.png
9191713702115,paint-splash-ipad-folio,Paint Splash iPad Folio,11,https://cdn.shopify.com/s/files/1/0788/2358/8067/files/0a7934700cf3bc1bf0f7b481b8c455bc.jpg?v=1774456194,paint-splash-ipad-folio-cutout.png
9191711506659,paint-splash-laptop-sleeve,Paint Splash Laptop Sleeve,8,https://cdn.shopify.com/s/files/1/0788/2358/8067/files/f136380cf4fa84d177c6658ccb9a6ffd.jpg?v=1774456126,paint-splash-laptop-sleeve-cutout.png
9191706296547,paint-splash-tablecloth,Paint Splash Tablecloth,7,https://cdn.shopify.com/s/files/1/0788/2358/8067/files/4232bacdec1da92b33984f804e4d7691.jpg?v=1774456403,paint-splash-tablecloth-cutout.png
9185455341795,paint-splat-confetti-leather-wallet,Paint Splat Confetti Leather Wallet,3,https://cdn.shopify.com/s/files/1/0788/2358/8067/files/paint-splat-confetti-leather-wallet-white-multicolor-drip-dot-aop-bifold-wearable-art-carry-4296547.png?v=1782724389,paint-splat-confetti-leather-wallet-cutout.png
9175877550307,paint-splatter-polo,Paint Splatter Polo,7,https://cdn.shopify.com/s/files/1/0788/2358/8067/files/psychedelic-paint-splatter-polo-abstract-art-golf-shirt-9696320.png?v=1778120167,paint-splatter-polo-cutout.png
9191710359779,paint-storm-flannel-slippers-mens,Paint Storm Flannel Slippers — Abstract Brushstroke AOP Men's,8,https://cdn.shopify.com/s/files/1/0788/2358/8067/files/21afee74d5e7156c627779246c71946b.jpg?v=1774456279,paint-storm-flannel-slippers-mens-cutout.png
9191710589155,paint-storm-flannel-slippers-womens,Paint Storm Flannel Slippers — Abstract Brushstroke AOP Women's,6,https://cdn.shopify.com/s/files/1/0788/2358/8067/files/d3176134a1515fa45ce103aebe1af434.jpg?v=1774456279,paint-storm-flannel-slippers-womens-cutout.png
9260924960995,paint-storm-kids-joggers,Paint Storm Kids Joggers,5,https://cdn.shopify.com/s/files/1/0788/2358/8067/files/maximalist-kids-joggers-for-mini-self-expressers-abstract-aop-lounge-pants-sensory-friendly-toddler-wear-wearable-art-for-kids-6689302.png?v=1782724039,paint-storm-kids-joggers-cutout.png
9191711899875,painted-camo-bent-brim-cap,Painted Camo Bent Brim Cap,10,https://cdn.shopify.com/s/files/1/0788/2358/8067/files/painters-plume-aop-bent-brim-snapback-cap-brushstroke-feather-print-6-panel-curved-brim-streetwear-hat-for-art-school-aesthetics-creative-souls-5417746.png?v=1782724337,painted-camo-bent-brim-cap-cutout.png
9191710720227,painted-camo-festival-headband,Painted Camo Festival Headband,9,https://cdn.shopify.com/s/files/1/0788/2358/8067/files/a158881e7f03ae7c7f54275c1af1ba5e.jpg?v=1774456279,painted-camo-festival-headband-cutout.png
9191711178979,painted-camo-guitar-pick-necklace,Painted Camo Guitar Pick Necklace,7,https://cdn.shopify.com/s/files/1/0788/2358/8067/files/30249b4c0610dd0419772162c2aae15c.jpg?v=1774456280,painted-camo-guitar-pick-necklace-cutout.png
9191711015139,painted-camo-knee-socks,Painted Camo Knee Socks,11,https://cdn.shopify.com/s/files/1/0788/2358/8067/files/912f2535114fc277638f0740f87aa701.jpg?v=1774456280,painted-camo-knee-socks-cutout.png
9191710851299,painted-camo-knit-beanie,Painted Camo Knit Beanie,10,https://cdn.shopify.com/s/files/1/0788/2358/8067/files/paint-smear-knit-beanie-crimson-teal-brushstroke-aop-winter-hat-loud-cold-weather-accessory-1175086.png?v=1782724337,painted-camo-knit-beanie-cutout.png
9191712030947,painted-camo-neck-gaiter,Painted Camo Neck Gaiter,10,https://cdn.shopify.com/s/files/1/0788/2358/8067/files/painted-camo-neck-gaiter-multicolor-brush-dab-aop-face-cover-for-festival-trail-slope-days-8298520.png?v=1782724337,painted-camo-neck-gaiter-cutout.png
9191712915683,painted-camo-ps5-skin,Painted Camo PS5 Skin,5,https://cdn.shopify.com/s/files/1/0788/2358/8067/files/2b8ece4db64a8219104f98153244a7b9.jpg?v=1774456439,painted-camo-ps5-skin-cutout.png
9191710064867,painted-camo-slide-sandals,Painted Camo Slide Sandals,9,https://cdn.shopify.com/s/files/1/0788/2358/8067/files/4146fccb2ffd1811ad4c14afe252f3ed.jpg?v=1774456314,painted-camo-slide-sandals-cutout.png
9191709704419,painted-camo-snapback,Painted Camo Snapback,9,https://cdn.shopify.com/s/files/1/0788/2358/8067/files/43cab436b2a69c3c76a5fc64eb161c3d.jpg?v=1774456314,painted-camo-snapback-cutout.png
9191705870563,painted-camo-tablecloth,Painted Camo Tablecloth,8,https://cdn.shopify.com/s/files/1/0788/2358/8067/files/958c48eac1baad084eabf95cac69d2c6.jpg?v=1774456403,painted-camo-tablecloth-cutout.png
9191709868259,painted-camo-uv-arm-sleeves,Painted Camo UV Arm Sleeves,9,https://cdn.shopify.com/s/files/1/0788/2358/8067/files/paint-splatter-uv-arm-sleeves-ice-silk-cooling-unisex-s-xl-4188777.png?v=1778120107,painted-camo-uv-arm-sleeves-cutout.png
9175875748067,painted-curls-tie-dye-duvet-set,Painted Curls Tie-Dye Duvet Set,2,https://cdn.shopify.com/s/files/1/0788/2358/8067/files/68b241ac-il_fullxfull.7691827060_4jew.jpg?v=1774791005,painted-curls-tie-dye-duvet-set-cutout.png
9231810658531,paper-trail-sleeveless-maxi-dress,Paper Trail Sleeveless Maxi Dress,4,https://cdn.shopify.com/s/files/1/0788/2358/8067/files/all-over-print-womens-sleeveless-maxi-dress-7068810.png?v=1776796693,paper-trail-sleeveless-maxi-dress-cutout.png
9175876436195,paste-up-wall-poplin-shirt,Paste-Up Wall Poplin Shirt,11,https://cdn.shopify.com/s/files/1/0788/2358/8067/files/1c425b8e-il_fullxfull.7676323200_awiu.jpg?v=1774790831,paste-up-wall-poplin-shirt-cutout.png
9260708856035,pastel-acrylic-pour-swirl-svg,Pastel Acrylic Pour Swirl SVG,1,https://cdn.shopify.com/s/files/1/0788/2358/8067/files/pastel-acrylic-pour-swirl-svg-all-over-print-sublimation-digital-download-fluid-art-vector-design-4742658.png?v=1782724155,pastel-acrylic-pour-swirl-svg-cutout.png
9193886089443,pastel-melt-swirl-hoodie,Pastel Melt Swirl Hoodie,8,https://cdn.shopify.com/s/files/1/0788/2358/8067/files/all-over-print-womens-pullover-hoodie-2827873.png?v=1778120046,pastel-melt-swirl-hoodie-cutout.png
9559441178851,pastel-pebble-bloom-polo,Pastel Pebble Bloom Polo — Abstract Dot AOP Heavyweight Shirt,5,https://cdn.shopify.com/s/files/1/0788/2358/8067/files/155733-3211a8af-ddbe-409d-9c7c-d8d2b2392cdc.jpg?v=1783811311,pastel-pebble-bloom-polo-cutout.png
9231542223075,pawsitive-vibrations-off-shoulder-sweatshirt,Pawsitive Vibrations Off-Shoulder Sweatshirt,6,https://cdn.shopify.com/s/files/1/0788/2358/8067/files/all-over-print-womens-oversized-off-shoulder-sweatshirt-pawsitive-vibrations-dog-print-2992039.png?v=1776796692,pawsitive-vibrations-off-shoulder-sweatshirt-cutout.png
9260746670307,pearl-cell-vexel-svg,Pearl Cell Vexel SVG,1,https://cdn.shopify.com/s/files/1/0788/2358/8067/files/pearl_cell_vexel_v44.svg?v=1778522631,pearl-cell-vexel-svg-cutout.png
9260235358435,pearl-prism-one-piece-swimsuit,Pearl Prism One-Piece Swimsuit,21,https://cdn.shopify.com/s/files/1/0788/2358/8067/files/mermaid-scale-one-piece-swimsuit-iridescent-aop-one-piece-4998072.png?v=1782724214,pearl-prism-one-piece-swimsuit-cutout.png
9193877831907,petrol-swirl-lapel-shirt,Petrol Swirl Lapel Shirt,8,https://cdn.shopify.com/s/files/1/0788/2358/8067/files/mystery-machine-aop-lapel-shirt-125gsm-slub-cotton-retro-9012619.png?v=1778120046,petrol-swirl-lapel-shirt-cutout.png
9193878946019,petrol-swirl-silk-pajama-set,Petrol Swirl Silk Pajama Set,7,https://cdn.shopify.com/s/files/1/0788/2358/8067/files/155733-2fac7b9a-81cd-4c7a-8074-c6e5b1f13fee.jpg?v=1774789574,petrol-swirl-silk-pajama-set-cutout.png
9175875715299,pink-black-liquid-grunge-henley-shirt,Pink Black Liquid Grunge Henley Shirt,6,https://cdn.shopify.com/s/files/1/0788/2358/8067/files/mens-henley-shirt-pink-black-liquid-grunge-art-long-sleeve-streetwear-4286880.png?v=1782815412,pink-black-liquid-grunge-henley-shirt-cutout.png
9366712910051,pirates-primary-splash-briefs,Pirates Primary Splash Briefs,3,https://cdn.shopify.com/s/files/1/0788/2358/8067/files/pirates-primary-splash-briefs-navy-gold-abstract-aop-180gsm-cotton-underwear-bold-basics-8556555.png?v=1782724149,pirates-primary-splash-briefs-cutout.png
9261115867363,pixel-sunset-kids-lounge-pants,Pixel Sunset Kids Lounge Pants,5,https://cdn.shopify.com/s/files/1/0788/2358/8067/files/kids-aop-lounge-pants-for-bold-little-self-expressers-all-over-print-pajama-bottoms-made-in-usa-assembled-maximalist-kids-sleepwear-3295823.jpg?v=1782724035,pixel-sunset-kids-lounge-pants-cutout.png
9214500339939,plurrple-neural-web-hoodie,Plurrple Neural Web Hoodie,16,https://cdn.shopify.com/s/files/1/0788/2358/8067/files/plurrple-aop-pullover-hoodie-bioluminescent-neural-web-streetwear-7334636.png?v=1777788666,plurrple-neural-web-hoodie-cutout.png
9175879549155,plurrrple-long-sleeve-shirt-dress,Plurrrple Long Sleeve Shirt Dress,2,https://cdn.shopify.com/s/files/1/0788/2358/8067/files/b8f03c0e-il_fullxfull.7676318730_cckj.jpg?v=1774791012,plurrrple-long-sleeve-shirt-dress-cutout.png
9225544925411,plush-collage-half-zip-hoodie,Plush Collage Half-Zip Hoodie,5,https://cdn.shopify.com/s/files/1/0788/2358/8067/files/plush-collage-aop-fleece-half-zip-hoodie-with-arm-pockets-6857379.png?v=1777788608,plush-collage-half-zip-hoodie-cutout.png
9225531359459,plush-medley-hockey-jersey,Plush Medley Hockey Jersey,5,https://cdn.shopify.com/s/files/1/0788/2358/8067/files/plush-medley-aop-graphic-jersey-abstract-ravewear-7262449.png?v=1777788610,plush-medley-hockey-jersey-cutout.png
9214499553507,pointillist-prism-camp-shirt,Pointillist Prism Camp Shirt,2,https://cdn.shopify.com/s/files/1/0788/2358/8067/files/mens-hawaiian-camp-shirt-aop-7868280.png?v=1777788609,pointillist-prism-camp-shirt-cutout.png
9552896229603,pop-graffiti-greeting-reversible-bucket-hat,Pop Graffiti Greeting Reversible Bucket Hat — Street Art Word Collage Double-Sided AOP,8,https://cdn.shopify.com/s/files/1/0788/2358/8067/files/double-side-printing-bucket-hat-5497782.jpg?v=1783374012,pop-graffiti-greeting-reversible-bucket-hat-cutout.png
9231542714595,positive-vibrations-half-zip-pullover,Positive Vibrations Half-Zip Pullover,11,https://cdn.shopify.com/s/files/1/0788/2358/8067/files/all-over-print-mens-half-zip-pullover-shirt-positive-vibrations-psychedelic-white-3218381.png?v=1776720747,positive-vibrations-half-zip-pullover-cutout.png
9188096803043,poster-wall-aop-pillowcase,Poster Wall AOP Pillowcase — Scraped Urban Street Art Ultra-Soft Throw Pillow Cover,8,https://cdn.shopify.com/s/files/1/0788/2358/8067/files/56fec84b17ac4d6c927e0ca6e35cb567.jpg?v=1774455886,poster-wall-aop-pillowcase-cutout.png
9175877943523,primal-chaos-hoodie,Primal Chaos Hoodie,11,https://cdn.shopify.com/s/files/1/0788/2358/8067/files/heavyweight-primal-print-cotton-hoodie-bold-310gsm-aop-pullover-for-streetwear-collectors-cold-nights-4017216.png?v=1782724387,primal-chaos-hoodie-cutout.png
9185460289763,primal-static-vortex-sweatshirt,Primal Static Vortex Sweatshirt,2,https://cdn.shopify.com/s/files/1/0788/2358/8067/files/2945851_0_3d.jpg?v=1774790285,primal-static-vortex-sweatshirt-cutout.png
9214500536547,primary-palette-splash-hoodie,Primary Palette Splash Hoodie,9,https://cdn.shopify.com/s/files/1/0788/2358/8067/files/primary-palette-splash-aop-hoodie-bold-abstract-art-streetwear-8157969.png?v=1777788608,primary-palette-splash-hoodie-cutout.png
9260708954339,prism-agate-svg,Prism Agate SVG,1,https://cdn.shopify.com/s/files/1/0788/2358/8067/files/heirloom-botanical-pattern-svg-all-over-print-sublimation-digital-download-vintage-floral-vector-art-7803790.png?v=1782724213,prism-agate-svg-cutout.png
9261119504611,prism-facet-mosaic-v-neck-top,Prism Facet Mosaic V-Neck Top,5,https://cdn.shopify.com/s/files/1/0788/2358/8067/files/prism-facet-mosaic-long-sleeve-v-neck-rainbow-stained-glass-aop-womens-top-wearable-kaleidoscope-1470126.jpg?v=1782724092,prism-facet-mosaic-v-neck-top-cutout.png
9175878861027,prism-glass-aop-winter-boots-womens,Prism Glass AOP Winter Boots — Stained Glass Polygon Print Plush-Lined Women's,5,https://cdn.shopify.com/s/files/1/0788/2358/8067/files/308c1807-il_fullxfull.7724265535_p650.jpg?v=1774790952,prism-glass-aop-winter-boots-womens-cutout.png
9261114949859,prism-lattice-hoodie-dress,Prism Lattice Hoodie Dress,6,https://cdn.shopify.com/s/files/1/0788/2358/8067/files/prism-lattice-hoodie-dress-amber-to-teal-geometric-gradient-aop-longline-statement-4105897.png?v=1782724037,prism-lattice-hoodie-dress-cutout.png
9175879090403,prism-punch-tie-dye-leggings,Prism Punch Tie-Dye Leggings,8,https://cdn.shopify.com/s/files/1/0788/2358/8067/files/71233fb9-il_fullxfull.7739585615_2xge.jpg?v=1774455877,prism-punch-tie-dye-leggings-cutout.png
9175876567267,prism-scale-bucket-hat,Prism Scale Bucket Hat,7,https://cdn.shopify.com/s/files/1/0788/2358/8067/files/462b2c12-il_fullxfull.7732932235_bhb4.jpg?v=1774790832,prism-scale-bucket-hat-cutout.png
9175880138979,prism-scale-pullover-hoodie,Prism Scale Pullover Hoodie,10,https://cdn.shopify.com/s/files/1/0788/2358/8067/files/866d1994-il_fullxfull.7738018623_3l4c.jpg?v=1774790472,prism-scale-pullover-hoodie-cutout.png
9175877288163,prismatic-dragon-scale-hoodie,Prismatic Dragon Scale Hoodie,8,https://cdn.shopify.com/s/files/1/0788/2358/8067/files/prismatic-dragon-scale-athletic-hoodie-for-fantasy-and-bold-fitness-dressers-rainbow-aop-maximalist-activewear-6804412.png?v=1782724567,prismatic-dragon-scale-hoodie-cutout.png
9175877452003,prismatic-wave-hawaiian-shirt,Prismatic Wave Hawaiian Shirt,6,https://cdn.shopify.com/s/files/1/0788/2358/8067/files/prismatic-crimson-wave-hawaiian-shirt-for-high-energy-festival-dressers-bold-aop-aloha-button-up-summer-beach-statement-top-maximalist-party-shirt-7428421.png?v=1782724567,prismatic-wave-hawaiian-shirt-cutout.png
9191711310051,ps5-slim-controller-skin-sticker,Color Splash PS5 Slim Wrap — AOP Controller & Console Sticker | Aesthetic Rebellion,8,https://cdn.shopify.com/s/files/1/0788/2358/8067/files/b81b5f3c35d47f2c06f4012a334e74d5.png?v=1784317683,ps5-slim-controller-skin-sticker-cutout.png
9260235161827,psychedelic-eye-zip-hoodie,Psychedelic Eye Zip Hoodie,9,https://cdn.shopify.com/s/files/1/0788/2358/8067/files/psychedelic-eye-aop-zip-up-hoodie-for-weirdcore-and-indie-sleaze-dressers-maximalist-retro-70s-dopamine-dressing-festival-jacket-7402605.png?v=1782724155,psychedelic-eye-zip-hoodie-cutout.png
9260924043491,psychedelic-lava-sweatshirt,Psychedelic Lava Sweatshirt,7,https://cdn.shopify.com/s/files/1/0788/2358/8067/files/psychedelic-lava-pattern-sweatshirt-abstract-all-over-print-2259556.png?v=1782724031,psychedelic-lava-sweatshirt-cutout.png
9193872326883,puppy-parade-silk-bandana,Puppy Parade Silk Bandana,5,https://cdn.shopify.com/s/files/1/0788/2358/8067/files/155733-31d1fbcc-1c7c-43ac-9758-f2b8e5ee782d.jpg?v=1774789810,puppy-parade-silk-bandana-cutout.png
9175877714147,radial-burst-athletic-shorts,Radial Burst Athletic Shorts,7,https://cdn.shopify.com/s/files/1/0788/2358/8067/files/neon-radial-burst-athletic-shorts-for-rave-fitness-and-yoga-dressers-vibrant-psychedelic-aop-swim-trunks-bold-festival-pool-party-bottoms-4951614.png?v=1782724387,radial-burst-athletic-shorts-cutout.png
9235943981283,radial-kaleidoscope-aloha-shirt,Radial Kaleidoscope Aloha Shirt,4,https://cdn.shopify.com/s/files/1/0788/2358/8067/files/radial-kaleidoscope-aop-hawaiian-shirt-green-purple-trippy-print-9640261.png?v=1777788609,radial-kaleidoscope-aloha-shirt-cutout.png
9175876763875,radial-tie-dye-long-sleeve-midi-dress,Radial Tie-Dye Long Sleeve Midi Dress,9,https://cdn.shopify.com/s/files/1/0788/2358/8067/files/tie-dye-cotton-midi-dress-radial-pastel-long-sleeve-boho-gown-3748354.png?v=1782724506,radial-tie-dye-long-sleeve-midi-dress-cutout.png
9175877812451,radiant-fan-lounge-pants,Radiant Fan Lounge Pants,6,https://cdn.shopify.com/s/files/1/0788/2358/8067/files/97d3c633-il_fullxfull.7724266565_rh5y.jpg?v=1774455791,radiant-fan-lounge-pants-cutout.png
9261115015395,radiant-rupture-sweatshirt,Radiant Rupture Sweatshirt,5,https://cdn.shopify.com/s/files/1/0788/2358/8067/files/radiant-rupture-sweatshirt-streetwear-ambitious-7800565.png?v=1782724098,radiant-rupture-sweatshirt-cutout.png
9175877320931,radiant-swirl-pop-shirt,Radiant Swirl Pop Shirt — Vivid AOP Cotton Poplin Button-Up,10,https://cdn.shopify.com/s/files/1/0788/2358/8067/files/c2683a79-il_fullxfull.7755808591_5313.jpg?v=1774790705,radiant-swirl-pop-shirt-cutout.png
9260923977955,rainbow-burst-tie-dye-polo,Rainbow Burst Tie-Dye Polo,4,https://cdn.shopify.com/s/files/1/0788/2358/8067/files/rainbow-burst-tie-dye-polo-vivid-spiral-aop-collared-shirt-for-loud-casual-fridays-2767417.jpg?v=1782724031,rainbow-burst-tie-dye-polo-cutout.png
9185462943971,rainbow-melt-leather-fanny-pack,Rainbow Melt Leather Fanny Pack,4,https://cdn.shopify.com/s/files/1/0788/2358/8067/files/2947658_0_3d.jpg?v=1774791005,rainbow-melt-leather-fanny-pack-cutout.png
9175878205667,rainbow-mosaic-jacket,Rainbow Mosaic Jacket,9,https://cdn.shopify.com/s/files/1/0788/2358/8067/files/3b124648-il_fullxfull.7724265133_81up.jpg?v=1774455845,rainbow-mosaic-jacket-cutout.png
9301028896995,rainbow-swirl-festival-cargo-pants,Rainbow Swirl Festival Cargo Pants,5,https://cdn.shopify.com/s/files/1/0788/2358/8067/files/loud-festival-cargo-pants-for-ravers-maximalist-streetwear-bottoms-burning-man-camp-wear-psychedelic-utility-pants-alt-fashion-statement-5047281.png?v=1782724038,rainbow-swirl-festival-cargo-pants-cutout.png
9175875158243,rainbow-vortex-button-up-shirt,Rainbow Vortex Button-Up Shirt,10,https://cdn.shopify.com/s/files/1/0788/2358/8067/files/psychedelic-rainbow-spiral-button-up-shirt-neon-tie-dye-aop-long-sleeve-4313529.png?v=1782724567,rainbow-vortex-button-up-shirt-cutout.png
9260923945187,rainbow-vortex-pajama-pants,Rainbow Vortex Pajama Pants,7,https://cdn.shopify.com/s/files/1/0788/2358/8067/files/rainbow-tie-dye-pajama-pants-psychedelic-lounge-sleepwear-5845978.jpg?v=1782724100,rainbow-vortex-pajama-pants-cutout.png
9175875027171,rainbow-vortex-shirt,Rainbow Vortex Shirt,12,https://cdn.shopify.com/s/files/1/0788/2358/8067/files/psychedelic-rainbow-spiral-tie-dye-shirt-3777012.png?v=1782724507,rainbow-vortex-shirt-cutout.png
9261116588259,rave-hands-long-sleeve-tee,Rave Hands Long Sleeve Tee — Neon Handprint Chest Hit on Dark Jersey,13,https://cdn.shopify.com/s/files/1/0788/2358/8067/files/graffiti-burst-long-sleeve-tee-dark-jersey-with-neon-street-art-chest-hit-understated-loud-8426114.jpg?v=1782724040,rave-hands-long-sleeve-tee-cutout.png
9225774465251,retro-bloom-half-zip-sweatshirt,Retro Bloom Half-Zip Sweatshirt,6,https://cdn.shopify.com/s/files/1/0788/2358/8067/files/stand-up-collar-shirt-5488341.png?v=1776796691,retro-bloom-half-zip-sweatshirt-cutout.png
9176120393955,reversible-graffiti-bucket-hat,Reversible Graffiti Bucket Hat,42,https://cdn.shopify.com/s/files/1/0788/2358/8067/files/Model_wearing_clothing_article_9744de8c4e.jpg?v=1774790711,reversible-graffiti-bucket-hat-cutout.png
9231500476643,ribbon-riot-cotton-hoodie,Ribbon Riot Cotton Hoodie,7,https://cdn.shopify.com/s/files/1/0788/2358/8067/files/splatter-art-hoodie-all-over-print-100-cotton-310gsm-unisex-paint-explosion-streetwear-9423715.png?v=1776796688,ribbon-riot-cotton-hoodie-cutout.png
9201043177699,ribbon-swirl-duster-cardigan,Ribbon Swirl Duster Cardigan,14,https://cdn.shopify.com/s/files/1/0788/2358/8067/files/Firefly_Gemini_Flash_Generate_a_series_of_professional_studio_shots_featuring_a_model_wearing_the_specifie_580377.png?v=1777790307,ribbon-swirl-duster-cardigan-cutout.png
9175876731107,sacred-geometry-kaftan,Sacred Geometry Kaftan,6,https://cdn.shopify.com/s/files/1/0788/2358/8067/files/sacred-geometry-kaftan-psychedelic-bohemian-goddess-robe-for-meditation-retreats-luxury-lounging-2681912.png?v=1782724509,sacred-geometry-kaftan-cutout.png
9260746211555,sage-stone-seamless-textile-svg,Sage Stone Seamless Textile SVG,1,https://cdn.shopify.com/s/files/1/0788/2358/8067/files/sage_stone_textile_v6.svg?v=1778522961,sage-stone-seamless-textile-svg-cutout.png
9193875800291,salt-water-tapestry-button-up,Salt Water Tapestry Button-Up,4,https://cdn.shopify.com/s/files/1/0788/2358/8067/files/salt-water-tapestry-abstract-art-all-over-print-silk-feel-button-up-shirt-4183346.png?v=1778285948,salt-water-tapestry-button-up-cutout.png
9259966005475,san-francisco-street-soul-jumpsuit,San Francisco Street Soul Jumpsuit,6,https://cdn.shopify.com/s/files/1/0788/2358/8067/files/san-francisco-street-soul-aop-jumpsuit-full-body-city-signage-print-unisex-one-piece-310gsm-xs-5xl-6427747.png?v=1782724210,san-francisco-street-soul-jumpsuit-cutout.png
9201045831907,sandstorm-premium-throw-blanket,Sandstorm Premium Throw Blanket,5,https://cdn.shopify.com/s/files/1/0788/2358/8067/files/throw-blanket-sandstorm-all-over-print-premium-plush-velvet-polar-fleece-4-sizes-4709298.png?v=1776616928,sandstorm-premium-throw-blanket-cutout.png
9185451606243,scrap-quilt-hazmat-suit-costume,Scrap Quilt Hazmat Suit — Patchwork Collage AOP Costume,9,https://cdn.shopify.com/s/files/1/0788/2358/8067/files/aop-hazmat-suit-costume-for-bold-festival-and-event-dressers-all-over-print-statement-costume-rave-halloween-statement-suit-4751708.png?v=1782724388,scrap-quilt-hazmat-suit-costume-cutout.png
9529609158883,seamless-patterns-svg-bundle-800-cut-files,Seamless Patterns SVG Bundle — 800+ Cut Files,1,https://cdn.shopify.com/s/files/1/0788/2358/8067/files/seamless-patterns-800-svg-bundle-for-cricut-sublimation-pod-seamless-repeat-patterns-for-fabric-wallpaper-all-over-print-8515606.png?v=1782815106,seamless-patterns-svg-bundle-800-cut-files-cutout.png
9175875092707,seigaiha-wave-tee,Seigaiha Wave Tee,11,https://cdn.shopify.com/s/files/1/0788/2358/8067/files/seigaiha-wave-aop-t-shirt-blue-geometric-pattern-140g-6423175.png?v=1782724507,seigaiha-wave-tee-cutout.png
9214500077795,seven-tails-moon-patchwork-hoodie,Seven Tails Moon Patchwork Hoodie,13,https://cdn.shopify.com/s/files/1/0788/2358/8067/files/seven-tails-moon-natures-collage-aop-hoodie-vibrant-patchwork-streetwear-6718540.png?v=1777788609,seven-tails-moon-patchwork-hoodie-cutout.png
9214499881187,shatter-web-hoodie,Shatter Web Hoodie,2,https://cdn.shopify.com/s/files/1/0788/2358/8067/files/shattered-beyond-compare-aop-unisex-graphic-hoodie-for-broken-souls-and-overrecyclers-1053829.png?v=1777788606,shatter-web-hoodie-cutout.png
9455369650403,shattered-glass-aop-pullover-hoodie,Shattered Glass AOP Pullover Hoodie,4,https://cdn.shopify.com/s/files/1/0788/2358/8067/files/tinas-hoodie-shattered-glass-print-streetwear-sweatshirt-festival-hooded-jumper-unisex-graphic-sweater-resilience-hoodie-3756642.jpg?v=1782724210,shattered-glass-aop-pullover-hoodie-cutout.png
9184473481443,shattered-mosaic-compression-shorts,Shattered Mosaic Compression Shorts,7,https://cdn.shopify.com/s/files/1/0788/2358/8067/files/shattered-mosaic-compression-shorts-stone-amber-fragment-aop-base-layer-for-bold-training-4433540.png?v=1782724387,shattered-mosaic-compression-shorts-cutout.png
9184472826083,shattered-mosaic-faux-linen-shirt,Shattered Mosaic Faux Linen Shirt,7,https://cdn.shopify.com/s/files/1/0788/2358/8067/files/shattered-mosaic-faux-linen-shirt-stone-amber-stained-glass-aop-long-sleeve-with-pocket-1774168.png?v=1782724387,shattered-mosaic-faux-linen-shirt-cutout.png
9184478396643,shattered-mosaic-hooded-trench-coat,Shattered Mosaic Hooded Trench Coat,9,https://cdn.shopify.com/s/files/1/0788/2358/8067/files/shattered-mosaic-hooded-trench-coat-stone-amber-stained-glass-aop-short-rain-layer-for-urban-rebels-4570331.png?v=1782724387,shattered-mosaic-hooded-trench-coat-cutout.png
9184467976419,shattered-mosaic-shirt-shorts-set,Shattered Mosaic Shirt & Shorts Set,10,https://cdn.shopify.com/s/files/1/0788/2358/8067/files/shattered-mosaic-shirt-shorts-set-stone-amber-fragment-aop-matching-two-piece-summer-fit-8397823.png?v=1782724388,shattered-mosaic-shirt-shorts-set-cutout.png
9184472957155,shattered-stone-tank,Shattered Stone Tank,28,https://cdn.shopify.com/s/files/1/0788/2358/8067/files/graffiti-frame-cotton-tank-top-teal-tank-with-street-art-chest-print-for-summer-sessions-9334204.png?v=1782724388,shattered-stone-tank-cutout.png
9552890626275,sherbet-spiral-fleece-coat,Sherbet Spiral Fleece Coat,5,https://cdn.shopify.com/s/files/1/0788/2358/8067/files/psychedelic-fleece-coat-plus-size-outerwear-maximalist-motifs-7029812.jpg?v=1783374008,sherbet-spiral-fleece-coat-cutout.png
9175877779683,skate-block-aop-camp-shirt,Skate Block AOP Camp Shirt — Street Art Geometry Bold Colour Camp Collar,5,https://cdn.shopify.com/s/files/1/0788/2358/8067/files/793761f7-il_fullxfull.7676321190_5jn1.jpg?v=1774455791,skate-block-aop-camp-shirt-cutout.png
9193885008099,skull-kid-inside-sweatshirt,Skull Kid Inside Sweatshirt,8,https://cdn.shopify.com/s/files/1/0788/2358/8067/files/skull-kid-inside-aop-sweatshirt-fleece-lined-streetwear-by-dyles-mavis-6838497.png?v=1778120046,skull-kid-inside-sweatshirt-cutout.png
9260745523427,sky-sand-abstract-wall-svg,Sky & Sand Abstract Wall SVG,1,https://cdn.shopify.com/s/files/1/0788/2358/8067/files/sky_sand_abstract_wall_v5.svg?v=1778523132,sky-sand-abstract-wall-svg-cutout.png
9260748079331,slate-ink-splatter-camo-svg,Slate Ink Splatter Camo SVG — Seamless AOP Vector Pattern,1,https://cdn.shopify.com/s/files/1/0788/2358/8067/files/blush_ink_splatter_camo_v11.svg?v=1778522132,slate-ink-splatter-camo-svg-cutout.png
9556267073763,solar-burst-hoodie,Solar Burst Hoodie — Radial Tie-Dye AOP Fleece Pullover,3,https://cdn.shopify.com/s/files/1/0788/2358/8067/files/155733-c89ff9af-5a8c-4b01-9681-72377de64429.jpg?v=1783544392,solar-burst-hoodie-cutout.png
9185456292067,solar-burst-tie-dye-bolster-pillow,Solar Burst Tie-Dye Bolster Pillow,4,https://cdn.shopify.com/s/files/1/0788/2358/8067/files/2944940_0_3d.jpg?v=1774790285,solar-burst-tie-dye-bolster-pillow-cutout.png
9175876141283,solar-ring-aop-polo,Solar Ring AOP Polo,11,https://cdn.shopify.com/s/files/1/0788/2358/8067/files/maximalist-aop-mens-stretch-henley-shirt-ribbed-polyester-long-sleeve-tailored-statement-top-for-artists-studio-to-gallery-days-xs-5xl-3037809.png?v=1782724567,solar-ring-aop-polo-cutout.png
9175879057635,space-cowboy-rose-polo,Space Cowboy Rose Polo,4,https://cdn.shopify.com/s/files/1/0788/2358/8067/files/ef84362e-il_fullxfull.7724265913_hfy4.jpg?v=1774455877,space-cowboy-rose-polo-cutout.png
9231500542179,spider-web-rave-hoodie,Spider Web Rave Hoodie,12,https://cdn.shopify.com/s/files/1/0788/2358/8067/files/spider-web-rave-hoodie-100-pure-cotton-night-owls-gear-unisex-8223220.png?v=1776796691,spider-web-rave-hoodie-cutout.png
9191712686307,spill-the-paint-mini-scarf,Spill The Paint Mini Scarf,10,https://cdn.shopify.com/s/files/1/0788/2358/8067/files/square-printed-scarves-with-skin-friendly-imitated-silk-8796362.png?v=1782724327,spill-the-paint-mini-scarf-cutout.png
9191711670499,spill-the-paint-six-way-scarf,Spill The Paint Six-Way Scarf,8,https://cdn.shopify.com/s/files/1/0788/2358/8067/files/abstract-print-square-scarf-sublimated-aop-silk-feel-27-6164966.png?v=1778120107,spill-the-paint-six-way-scarf-cutout.png
9185458159843,spiral-overload-track-jacket,Spiral Overload Track Jacket,7,https://cdn.shopify.com/s/files/1/0788/2358/8067/files/2945077_0_3d.jpg?v=1774790226,spiral-overload-track-jacket-cutout.png
9175875846371,spiral-tie-dye-long-sleeve-henley,Spiral Tie-Dye Long Sleeve Henley,9,https://cdn.shopify.com/s/files/1/0788/2358/8067/files/spiral-tie-dye-henley-psychedelic-aop-festival-shirt-1381412.png?v=1782898207,spiral-tie-dye-long-sleeve-henley-cutout.png
9556302692579,splatter-bloom-hoodie,Splatter Bloom Hoodie — Paint Drip Burst AOP Fleece Pullover,3,https://cdn.shopify.com/s/files/1/0788/2358/8067/files/155733-50477f94-665b-4348-973a-c7805215716b.jpg?v=1783545153,splatter-bloom-hoodie-cutout.png
9191712817379,splatter-brush-ps5-controller-skin,Splatter Brush PS5 Controller Skin — AOP Vinyl Decal Set,6,https://cdn.shopify.com/s/files/1/0788/2358/8067/files/51ae9a1db30551ed039cdfdd23851a48.jpg?v=1774456439,splatter-brush-ps5-controller-skin-cutout.png
9185461993699,splatter-daisy-neck-tube,Splatter Daisy Neck Tube,3,https://cdn.shopify.com/s/files/1/0788/2358/8067/files/2945881_0_3d.jpg?v=1774790705,splatter-daisy-neck-tube-cutout.png
9175880073443,stained-glass-block-sweatshirt,Stained Glass Block Sweatshirt,13,https://cdn.shopify.com/s/files/1/0788/2358/8067/files/stained-glass-geometric-sweatshirt-multicolor-abstract-art-block-pattern-unisex-pullover-8788032.png?v=1783063866,stained-glass-block-sweatshirt-cutout.png
9175879712995,stained-glass-boots,Stained Glass Boots,7,https://cdn.shopify.com/s/files/1/0788/2358/8067/files/4ee1625c-il_fullxfull.7739725965_8fw7.jpg?v=1774790831,stained-glass-boots-cutout.png
9297181507811,stained-glass-flip-flops,Stained Glass Flip Flops,1,https://cdn.shopify.com/s/files/1/0788/2358/8067/files/stained-glass-mosaic-flip-flops-colorful-shard-aop-beach-sandals-wearable-art-summer-footwear-1124914.jpg?v=1782724148,stained-glass-flip-flops-cutout.png
9175878467811,stained-glass-slub-midi-dress,Stained Glass Slub Midi Dress,4,https://cdn.shopify.com/s/files/1/0788/2358/8067/files/a944c1ba-il_fullxfull.7724266181_4ka9.jpg?v=1774790764,stained-glass-slub-midi-dress-cutout.png
9175878435043,starburst-mandala-button-down,Starburst Mandala Button-Down — Slub Cotton AOP Shirt,4,https://cdn.shopify.com/s/files/1/0788/2358/8067/files/1a9203f4-il_fullxfull.7676319844_840r.jpg?v=1774790831,starburst-mandala-button-down-cutout.png
9254414745827,starry-swirl-cotton-hoodie,Starry Swirl Cotton Hoodie,7,https://cdn.shopify.com/s/files/1/0788/2358/8067/files/starry-night-hoodie-all-over-print-cotton-pullover-4552961.png?v=1778120046,starry-swirl-cotton-hoodie-cutout.png
9193769337059,static-frequency-silk-shirt,Static Frequency Silk Shirt,4,https://cdn.shopify.com/s/files/1/0788/2358/8067/files/static-frequency-aop-mens-silk-feel-shirt-maximalist-short-sleeve-summer-top-6482618.png?v=1782724326,static-frequency-silk-shirt-cutout.png
9175875125475,static-shock-graffiti-tank-top,Static Shock Graffiti Tank Top,4,https://cdn.shopify.com/s/files/1/0788/2358/8067/files/static-shock-aop-v-neck-tank-abstract-lightning-print-sleeveless-for-festival-gym-street-8385156.png?v=1782724507,static-shock-graffiti-tank-top-cutout.png
9188174495971,static-wall-uv-arm-sleeves,Static Wall UV Arm Sleeves — Newsprint Collage AOP Cooling Lycra,5,https://cdn.shopify.com/s/files/1/0788/2358/8067/files/9ebd9e8af92f853c21bbf8fb8142c7b3.jpg?v=1774456340,static-wall-uv-arm-sleeves-cutout.png
9260747358435,steel-blue-cell-vexel-svg,Steel Blue Cell Vexel SVG,1,https://cdn.shopify.com/s/files/1/0788/2358/8067/files/steel_blue_cell_vexel_v7.svg?v=1778522446,steel-blue-cell-vexel-svg-cutout.png
9260748243171,steel-blue-graffiti-collage-svg,Steel Blue Graffiti Collage SVG,1,https://cdn.shopify.com/s/files/1/0788/2358/8067/files/steel_blue_graffiti_collage_v6.svg?v=1778521961,steel-blue-graffiti-collage-svg-cutout.png
9175876698339,sticker-bomb-aop-snapback,Sticker Bomb AOP Snapback — Colourful Graffiti Tag Print Urban Streetwear Cap,10,https://cdn.shopify.com/s/files/1/0788/2358/8067/files/92ac7caa-il_fullxfull.7704680306_epuy.jpg?v=1774790771,sticker-bomb-aop-snapback-cutout.png
9188173906147,sticker-bomb-beach-shorts-with-pockets,Sticker Bomb Beach Shorts With Pockets,9,https://cdn.shopify.com/s/files/1/0788/2358/8067/files/845a7e8c3123a022923df4eebf49de5e.jpg?v=1774456164,sticker-bomb-beach-shorts-with-pockets-cutout.png
9188173873379,sticker-bomb-board-shorts,Sticker Bomb Board Shorts,10,https://cdn.shopify.com/s/files/1/0788/2358/8067/files/sticker-bomb-board-shorts-street-collage-aop-swim-trunks-for-loud-beach-days-6365932.png?v=1782724336,sticker-bomb-board-shorts-cutout.png
9175876468963,sticker-bomb-capsule-pet-bed,Sticker Bomb Capsule Pet Bed,10,https://cdn.shopify.com/s/files/1/0788/2358/8067/files/731eea14-il_fullxfull.7733045501_3zp2.jpg?v=1774790952,sticker-bomb-capsule-pet-bed-cutout.png
9188097556707,sticker-bomb-eyeglass-case,Sticker Bomb Eyeglass Case,8,https://cdn.shopify.com/s/files/1/0788/2358/8067/files/9cd38322467c8f8298a45b1c414c8dcf.jpg?v=1774456380,sticker-bomb-eyeglass-case-cutout.png
9188175085795,sticker-bomb-flannel-slippers-mens,Sticker Bomb Flannel Slippers — Urban Street Art Collage AOP Men's,8,https://cdn.shopify.com/s/files/1/0788/2358/8067/files/fb4b8bb752d1ca7bc8d80d5878f4522e.jpg?v=1774456356,sticker-bomb-flannel-slippers-mens-cutout.png
9231812034787,sticker-bomb-fleece-crewneck,Sticker Bomb Fleece Crewneck,4,https://cdn.shopify.com/s/files/1/0788/2358/8067/files/all-over-print-mens-heavy-fleece-sweatshirt-1268350.png?v=1776713887,sticker-bomb-fleece-crewneck-cutout.png
9297182687459,sticker-bomb-graffiti-fleece-hoodie,Sticker Bomb Graffiti Fleece Hoodie,5,https://cdn.shopify.com/s/files/1/0788/2358/8067/files/sticker-bomb-graffiti-fleece-hoodie-white-street-tag-collage-aop-heavyweight-winter-pullover-2725448.jpg?v=1782724153,sticker-bomb-graffiti-fleece-hoodie-cutout.png
9231811117283,sticker-bomb-graffiti-foldable-wallet,Sticker Bomb Graffiti Foldable Wallet,6,https://cdn.shopify.com/s/files/1/0788/2358/8067/files/foldable-wallet-1880555.png?v=1776796691,sticker-bomb-graffiti-foldable-wallet-cutout.png
9188174332131,sticker-bomb-kids-hoodie,Sticker Bomb Kids Hoodie,7,https://cdn.shopify.com/s/files/1/0788/2358/8067/files/kids-graffiti-hoodie-all-over-print-sublimated-pullover-3333581.png?v=1778120107,sticker-bomb-kids-hoodie-cutout.png
9188096409827,sticker-bomb-shower-curtain,Sticker Bomb Shower Curtain,5,https://cdn.shopify.com/s/files/1/0788/2358/8067/files/e69f5167ba40736359195b95a7150cf9.jpg?v=1774456097,sticker-bomb-shower-curtain-cutout.png
9188097622243,sticker-bomb-slip-on-shoes,Sticker Bomb Slip-On Shoes,7,https://cdn.shopify.com/s/files/1/0788/2358/8067/files/146312c6300de9d9cad9fdcc77cb97ce.jpg?v=1774456113,sticker-bomb-slip-on-shoes-cutout.png
9188174463203,sticker-bomb-water-shoes,Sticker Bomb Water Shoes,6,https://cdn.shopify.com/s/files/1/0788/2358/8067/files/quick-dry-wate-shoes-for-beach-pool-and-water-activities-5963293.png?v=1782724326,sticker-bomb-water-shoes-cutout.png
9231541502179,sticker-riot-aop-pullover-hoodie,Sticker Riot AOP Pullover Hoodie,8,https://cdn.shopify.com/s/files/1/0788/2358/8067/files/all-over-print-unisex-pullover-hoodie-310gsm-cotton-2533700.png?v=1776796691,sticker-riot-aop-pullover-hoodie-cutout.png
9301035155683,stipple-wave-long-fleece-coat,Stipple Wave Long Fleece Coat,3,https://cdn.shopify.com/s/files/1/0788/2358/8067/files/maximalist-festival-coat-for-burners-long-fleece-windbreaker-psychedelic-outerwear-rave-camp-uniform-alt-streetwear-statement-trench-2699938.jpg?v=1782724211,stipple-wave-long-fleece-coat-cutout.png
9231810035939,strange-orbit-aloha-shirt,Strange Orbit Aloha Shirt,6,https://cdn.shopify.com/s/files/1/0788/2358/8067/files/all-over-print-mens-hawaiian-shirt-with-button-closure-115gsm-cotton-poplin-9988579.png?v=1776796692,strange-orbit-aloha-shirt-cutout.png
9260235292899,strawberry-wheels-tie-dye-button-up-shirt,Strawberry Wheels Tie-Dye Button-Up Shirt,7,https://cdn.shopify.com/s/files/1/0788/2358/8067/files/strawberry-wheels-aop-button-up-shirt-digital-tie-dye-workwear-6073305.png?v=1782724157,strawberry-wheels-tie-dye-button-up-shirt-cutout.png
9260923650275,street-collage-aop-lounge-pants,Street Collage AOP Lounge Pants — Torn Poster Urban Art All-Over Print Pajama Bottoms,7,https://cdn.shopify.com/s/files/1/0788/2358/8067/files/graffiti-collage-pajama-pants-street-art-all-over-print-lounge-pants-7322485.jpg?v=1782724092,street-collage-aop-lounge-pants-cutout.png
9188175249635,street-collage-baseball-cap,Street Collage Baseball Cap,11,https://cdn.shopify.com/s/files/1/0788/2358/8067/files/Hyper-realistic_8k_cinematic_202603171651_2.jpg?v=1774790045,street-collage-baseball-cap-cutout.png
9260923715811,street-collage-full-zip-hoodie,Street Collage Full-Zip Hoodie — Torn Poster AOP Layered Urban Art Men's,5,https://cdn.shopify.com/s/files/1/0788/2358/8067/files/graffiti-collage-full-zip-hoodie-for-streetwear-collectors-layered-aop-urban-art-statement-lightweight-festival-layer-3746629.jpg?v=1782724099,street-collage-full-zip-hoodie-cutout.png
9188174758115,street-collage-scarf,Street Collage Scarf,7,https://cdn.shopify.com/s/files/1/0788/2358/8067/files/6bec7fb8541ea00062eb4f1de88cee84.jpg?v=1774456384,street-collage-scarf-cutout.png
9175875223779,street-collage-snapback,Street Collage Snapback,11,https://cdn.shopify.com/s/files/1/0788/2358/8067/files/graffiti-newspaper-collage-snapback-hat-urban-street-art-aop-flat-brim-cap-for-streetwear-skate-culture-3488874.png?v=1782724506,street-collage-snapback-cutout.png
9188096049379,street-collage-tablecloth,Street Collage Tablecloth,7,https://cdn.shopify.com/s/files/1/0788/2358/8067/files/6300b9570b5095b0afc54752d6c54124.jpg?v=1774456335,street-collage-tablecloth-cutout.png
9188175053027,street-swag-aop-knit-beanie,Street Swag AOP Knit Beanie,10,https://cdn.shopify.com/s/files/1/0788/2358/8067/files/3f542af2aa327f31838b1bae5d9a69ad.png?v=1774789988,street-swag-aop-knit-beanie-cutout.png
9175875551459,street-syntax-graffiti-turtleneck,Street Syntax Graffiti Turtleneck,4,https://cdn.shopify.com/s/files/1/0788/2358/8067/files/street-syntax-all-over-print-graffiti-turtleneck-top-neon-maximalist-long-sleeve-8026714.png?v=1782724509,street-syntax-graffiti-turtleneck-cutout.png
9175877484771,streetsmart-collage-athletic-hoodie,StreetsmArt Collage Athletic Hoodie,11,https://cdn.shopify.com/s/files/1/0788/2358/8067/files/streetsmart-collage-athletic-hoodie-bold-aop-recycled-performance-pullover-for-gym-street-6918010.png?v=1782724506,streetsmart-collage-athletic-hoodie-cutout.png
9188096868579,streetsmart-sticker-bomb-microfiber-beach-towel,StreetsmART Sticker Bomb Microfiber Beach Towel,8,https://cdn.shopify.com/s/files/1/0788/2358/8067/files/d32e86022ff182e31de85be5713f8e81.jpg?v=1774455887,streetsmart-sticker-bomb-microfiber-beach-towel-cutout.png
9188174856419,streetsmart-sticker-bomb-snapback,StreetsmART Sticker Bomb Snapback,8,https://cdn.shopify.com/s/files/1/0788/2358/8067/files/37aeb2e00ef6d2893690c5b5f9dc72c5.jpg?v=1774789987,streetsmart-sticker-bomb-snapback-cutout.png
9261118783715,streetsmart-tag-wall-basketball-jersey,StreetsmART Tag Wall Basketball Jersey,5,https://cdn.shopify.com/s/files/1/0788/2358/8067/files/streetsmart-tag-wall-aop-basketball-jersey-all-over-graffiti-print-athletic-tank-sublimation-street-art-streetwear-assembled-in-usa-s-2xl-7421029.jpg?v=1782724089,streetsmart-tag-wall-basketball-jersey-cutout.png
9214500372707,sublimated-tie-dye-pullover-hoodie,Sublimated Tie-Dye Pullover Hoodie,11,https://cdn.shopify.com/s/files/1/0788/2358/8067/files/electric-kaleidoscope-aop-pullover-hoodie-psychedelic-fractal-streetwear-2683330.png?v=1777788622,sublimated-tie-dye-pullover-hoodie-cutout.png
9188175151331,sustainable-abstract-art-slides,Sustainable Abstract Art Slides,12,https://cdn.shopify.com/s/files/1/0788/2358/8067/files/cb8f3e02d47c9ca1b514f21aade35a71.jpg?v=1774456355,sustainable-abstract-art-slides-cutout.png
9175878009059,swamp-tour-bucket-hat,Swamp Tour Bucket Hat,10,https://cdn.shopify.com/s/files/1/0788/2358/8067/files/59e4e5e7-il_fullxfull.7676318848_r2c2.jpg?v=1774790712,swamp-tour-bucket-hat-cutout.png
9225772335331,tactical-brushstroke-camo-bedding-set,Tactical Brushstroke Camo Bedding Set,1,https://cdn.shopify.com/s/files/1/0788/2358/8067/files/double-sided-printing-three-piece-suitdouble-sided-printing-6052106.jpg?v=1776768843,tactical-brushstroke-camo-bedding-set-cutout.png
9225686352099,tactical-canvas-hoodie-with-face-covering,Tactical Canvas Hoodie With Face Covering,7,https://cdn.shopify.com/s/files/1/0788/2358/8067/files/tactical-canvas-unisex-hoodie-with-sun-protective-face-covering-pullover-8143115.png?v=1777788606,tactical-canvas-hoodie-with-face-covering-cutout.png
9219066822883,tactician-camo-joggers,Tactician Camo Joggers,8,https://cdn.shopify.com/s/files/1/0788/2358/8067/files/2965286_0_3d_7d8c0d21-0241-4f9f-9822-043eee1096cd.png?v=1776080527,tactician-camo-joggers-cutout.png
9175876206819,tag-bomb-aop-cargo-pants-mens,Tag Bomb AOP Cargo Pants — Dense Graffiti Letter Men's Streetwear Bottoms,8,https://cdn.shopify.com/s/files/1/0788/2358/8067/files/graffiti-aop-cargo-pants-for-urban-explorers-abstract-splatter-utility-trousers-cybercore-streetwear-bottoms-festival-rave-pants-9170446.png?v=1782724508,tag-bomb-aop-cargo-pants-mens-cutout.png
9175874928867,tag-bomb-graffiti-fleece-lined-bathrobe,Tag Bomb Graffiti Fleece-Lined Bathrobe,3,https://cdn.shopify.com/s/files/1/0788/2358/8067/files/graffiti-tag-aop-fleece-lined-bathrobe-for-maximalist-loungewear-collectors-plush-all-over-print-unisex-robe-colorful-street-art-home-spa-statement-3633138.png?v=1782724508,tag-bomb-graffiti-fleece-lined-bathrobe-cutout.png
9231810953443,tag-bomb-wallet,Tag Bomb Wallet,7,https://cdn.shopify.com/s/files/1/0788/2358/8067/files/sign-here-graffiti-tag-foldable-wallet-premium-streetsmart-accessory-1909733.png?v=1776796690,tag-bomb-wallet-cutout.png
9199418441955,tag-collage-aop-knit-beanie,Tag Collage AOP Knit Beanie,11,https://cdn.shopify.com/s/files/1/0788/2358/8067/files/tag-collage-aop-knit-beanie-all-over-print-one-size-5735997.png?v=1777788667,tag-collage-aop-knit-beanie-cutout.png
9175874896099,tag-panel-kimono-robe,Tag Panel Kimono Robe,5,https://cdn.shopify.com/s/files/1/0788/2358/8067/files/graffiti-tag-kimono-robe-neon-street-art-aop-fur-lined-duster-9014889.png?v=1782724508,tag-panel-kimono-robe-cutout.png
9175876829411,tag-riot-aop-cooler-bag,Tag Riot AOP Cooler Bag — Graffiti Print Insulated Portable Tote for Festivals & Outdoors,8,https://cdn.shopify.com/s/files/1/0788/2358/8067/files/fef9d2a5-il_fullxfull.7685062626_508v.jpg?v=1774455833,tag-riot-aop-cooler-bag-cutout.png
9175875387619,tag-stack-riot-lounge-pants,Tag Stack Riot Lounge Pants — Sticker Collage AOP Sweatpants,5,https://cdn.shopify.com/s/files/1/0788/2358/8067/files/aop-unisex-heavyweight-cotton-lounge-pants-310gsm-all-over-print-streetwear-bottoms-for-festival-lounge-everyday-maximalism-1834254.png?v=1782724508,tag-stack-riot-lounge-pants-cutout.png
9261117898979,tag-wall-aop-tee,Tag Wall AOP Tee — Urban Graffiti Text All-Over Print T-Shirt,3,https://cdn.shopify.com/s/files/1/0788/2358/8067/files/graffiti-aop-urban-street-art-tee-for-city-culture-dressers-bold-all-over-print-graphic-t-shirt-hip-hop-skate-statement-festival-music-concert-top-1722813.jpg?v=1782724211,tag-wall-aop-tee-cutout.png
9184105824483,tag-wall-bomber-jacket,Tag Wall Bomber Jacket,6,https://cdn.shopify.com/s/files/1/0788/2358/8067/files/graffiti-mashup-aop-bomber-jacket-white-street-tag-collage-statement-outerwear-for-urban-art-collectors-7555947.png?v=1782724388,tag-wall-bomber-jacket-cutout.png
9188097425635,tag-wall-flannel-throw-30x40,"Tag Wall Flannel Throw 30""×40""",8,https://cdn.shopify.com/s/files/1/0788/2358/8067/files/351f74080f07ed6f15185a9e0d05f58e.jpg?v=1774456379,tag-wall-flannel-throw-30x40-cutout.png
9188095852771,tag-wall-fleece-lined-jacket,Tag Wall Fleece-Lined Jacket,11,https://cdn.shopify.com/s/files/1/0788/2358/8067/files/Screenshot_2026-03-17_at_06.07.12.png?v=1774790225,tag-wall-fleece-lined-jacket-cutout.png
9188174102755,tag-wall-kids-hoodie,Tag Wall Kids Hoodie,10,https://cdn.shopify.com/s/files/1/0788/2358/8067/files/230gsm-childrens-hooded-sweatshirt-without-drawstringsall-over-printing-3582684.png?v=1778285948,tag-wall-kids-hoodie-cutout.png
9175875354851,tag-wall-lace-up-tank,Tag Wall Lace-Up Tank,4,https://cdn.shopify.com/s/files/1/0788/2358/8067/files/maximalist-aop-mens-drawstring-tank-top-cotton-blend-sleeveless-with-adjustable-hem-festival-gym-summer-streetwear-statement-s-3xl-1158363.png?v=1782724508,tag-wall-lace-up-tank-cutout.png
9175876272355,tag-wall-lantern-pants,Tag Wall Lantern Pants,9,https://cdn.shopify.com/s/files/1/0788/2358/8067/files/maximalist-aop-unisex-lantern-pants-carrot-cut-tapered-trousers-with-elastic-waist-festival-floaty-summer-statement-streetwear-bottoms-xs-3xl-6055784.png?v=1782724507,tag-wall-lantern-pants-cutout.png
9185451049187,tag-wall-leather-wallet,Tag Wall Leather Wallet,7,https://cdn.shopify.com/s/files/1/0788/2358/8067/files/graffiti-tag-wall-leather-wallet-for-streetwear-collectors-urban-spray-paint-aop-bifold-handmade-to-order-7879349.jpg?v=1782724392,tag-wall-leather-wallet-cutout.png
9188096147683,tag-wall-tablecloth,Tag Wall Tablecloth,7,https://cdn.shopify.com/s/files/1/0788/2358/8067/files/3dd89972c4b270094890cc89f2e75385.jpg?v=1774456336,tag-wall-tablecloth-cutout.png
9231538847971,tangerine-doodle-confetti-hoodie,Tangerine Doodle Confetti Hoodie,7,https://cdn.shopify.com/s/files/1/0788/2358/8067/files/all-over-print-unisex-pullover-hoodie-310gsm-cotton-1209003.png?v=1776796692,tangerine-doodle-confetti-hoodie-cutout.png
9231811870947,teal-patchwork-collage-maxi-dress,Teal Patchwork Collage Maxi Dress,4,https://cdn.shopify.com/s/files/1/0788/2358/8067/files/all-over-print-womens-maxi-dressplus-size-3770298.png?v=1776713887,teal-patchwork-collage-maxi-dress-cutout.png
9260746342627,terracotta-cobalt-textile-pattern-svg,Terracotta Cobalt Textile Pattern SVG,1,https://cdn.shopify.com/s/files/1/0788/2358/8067/files/terracotta_cobalt_textile_v10.svg?v=1778522837,terracotta-cobalt-textile-pattern-svg-cutout.png
9175875911907,terrain-camo-aop-plush-boots-mens,Terrain Camo AOP Plush Boots — Military Canvas Lace-Up Men's Winter Footwear,9,https://cdn.shopify.com/s/files/1/0788/2358/8067/files/glitch-camo-combat-boots-for-urban-explorers-concrete-jungle-aop-martin-style-boots-plush-lined-winter-footwear-alt-fashion-mens-wearable-art-3860459.png?v=1782724567,terrain-camo-aop-plush-boots-mens-cutout.png
9175875322083,terrain-camo-fleece-robe,Terrain Camo Fleece Robe,3,https://cdn.shopify.com/s/files/1/0788/2358/8067/files/maximalist-bathrobe-for-loungewear-connoisseurs-geographic-aop-fleece-lined-robe-luxury-statement-loungewear-fathers-day-gift-mens-wearable-art-4199496.png?v=1782724507,terrain-camo-fleece-robe-cutout.png
9529033720035,the-everything-vault-1-000-svg-bundle-for-cricut-sublimation-pod,"The Everything Vault | 1,000+ SVG Bundle for Cricut & Sublimation Crafting, Graphic Designers & Vibe Coders | Print-On-Demand Gold Mine",1,https://cdn.shopify.com/s/files/1/0788/2358/8067/files/everything-vault_hero.png?v=1782587452,the-everything-vault-1-000-svg-bundle-for-cricut-sublimation-pod-cutout.png
9175879385315,thermal-bloom-bucket-hat,Thermal Bloom Bucket Hat,4,https://cdn.shopify.com/s/files/1/0788/2358/8067/files/db48e946-il_fullxfull.7724265229_7y5u.jpg?v=1774455860,thermal-bloom-bucket-hat-cutout.png
9260393300195,ticket-collage-halter-crop-top,Ticket Collage Halter Crop Top,9,https://cdn.shopify.com/s/files/1/0788/2358/8067/files/maximalist-aop-womens-halter-tie-vest-180gsm-milk-silk-adjustable-crop-top-bold-print-festival-beach-rooftop-statement-top-s-3xl-3815463.png?v=1782724160,ticket-collage-halter-crop-top-cutout.png
9260393234659,ticket-collage-high-waist-midi-dress,Ticket Collage High-Waist Midi Dress,8,https://cdn.shopify.com/s/files/1/0788/2358/8067/files/maximalist-aop-high-waist-midi-dress-180gsm-milk-fiber-stretch-with-flared-hem-bold-statement-dress-for-gallery-openings-rooftops-2963378.png?v=1782724156,ticket-collage-high-waist-midi-dress-cutout.png
9260393267427,ticket-collage-lounge-shorts,Ticket Collage Lounge Shorts,8,https://cdn.shopify.com/s/files/1/0788/2358/8067/files/maximalist-lounge-shorts-for-wfh-self-expressers-ticket-nation-aop-sleep-shorts-aesthetic-pajama-wear-inclusive-plus-size-loungewear-1544353.png?v=1782724215,ticket-collage-lounge-shorts-cutout.png
9260393103587,ticket-collage-slip-on-sneakers,Ticket Collage Slip-On Sneakers,8,https://cdn.shopify.com/s/files/1/0788/2358/8067/files/maximalist-slip-on-shoes-for-art-first-dressers-multipass-aop-canvas-sneakers-wearable-art-footwear-unisex-statement-shoes-streetwear-slip-ons-7217350.png?v=1782724160,ticket-collage-slip-on-sneakers-cutout.png
9260393201891,ticket-down-south-bodysuit,Ticket Down South Bodysuit,8,https://cdn.shopify.com/s/files/1/0788/2358/8067/files/queer-statement-bodysuit-for-bold-dressers-ticket-down-south-aop-underwear-festival-base-layer-lgbt-intimate-wear-submissive-play-wear-9440917.jpg?v=1782724153,ticket-down-south-bodysuit-cutout.png
9260393169123,ticket-to-somewhere-snapback,Ticket To Somewhere Snapback,10,https://cdn.shopify.com/s/files/1/0788/2358/8067/files/maximalist-aop-snapback-for-wanderlust-dressers-ticket-to-somewhere-bent-brim-cap-festival-travel-hat-streetwear-statement-outdoor-adventure-cap-3943741.png?v=1782724156,ticket-to-somewhere-snapback-cutout.png
9175875584227,tidal-bloom-tie-dye-henley,Tidal Bloom Tie-Dye Henley — Radiant AOP Long Sleeve,3,https://cdn.shopify.com/s/files/1/0788/2358/8067/files/cyber-marble-liquid-glitch-henley-for-cyberpunk-streetwear-collectors-deep-swirl-aop-long-sleeve-280gsm-polyester-spandex-3103156.png?v=1782724506,tidal-bloom-tie-dye-henley-cutout.png
9193886417123,tie-dye-spiral-canvas-jacket,Tie-Dye Spiral Canvas Jacket,2,https://cdn.shopify.com/s/files/1/0788/2358/8067/files/155733-8f8f53f1-9618-4169-b5fd-6249cfb902f9.jpg?v=1774790645,tie-dye-spiral-canvas-jacket-cutout.png
9175876174051,tie-dye-spiral-crop-tank,Tie-Dye Spiral Crop Tank,11,https://cdn.shopify.com/s/files/1/0788/2358/8067/files/psychedelic-tie-dye-crop-top-neon-spiral-rave-tank-9302474.png?v=1782724568,tie-dye-spiral-crop-tank-cutout.png
9175875780835,tie-dye-spiral-reversible-bucket-hat,Tie-Dye Spiral Reversible Bucket Hat,11,https://cdn.shopify.com/s/files/1/0788/2358/8067/files/maximalist-psychedelic-reversible-bucket-hat-for-mind-melting-dressers-dyles-mavis-abstract-aop-both-sides-printed-festival-uv-resistant-sun-hat-6123650.png?v=1782724507,tie-dye-spiral-reversible-bucket-hat-cutout.png
9193767928035,tiger-crane-aop-hawaiian-shirt,Tiger & Crane AOP Hawaiian Shirt,4,https://cdn.shopify.com/s/files/1/0788/2358/8067/files/tiger-crane-aop-mens-hawaiian-shirt-bold-animal-print-button-up-6067045.png?v=1782724336,tiger-crane-aop-hawaiian-shirt-cutout.png
9225499803875,tiger-stripe-sun-hoodie-with-face-cover,Tiger Stripe Sun Hoodie With Face Cover,6,https://cdn.shopify.com/s/files/1/0788/2358/8067/files/tiger-hooded-sun-protection-7130360.png?v=1776796692,tiger-stripe-sun-hoodie-with-face-cover-cutout.png
9175877255395,toasted-marshmallow-campfire-bucket-hat,Toasted Marshmallow Campfire Bucket Hat,7,https://cdn.shopify.com/s/files/1/0788/2358/8067/files/85906aee-il_fullxfull.7676320044_mnxs.jpg?v=1774791011,toasted-marshmallow-campfire-bucket-hat-cutout.png
9214500208867,torn-poster-street-collage-skater-dress,Torn Poster Street Collage Skater Dress,8,https://cdn.shopify.com/s/files/1/0788/2358/8067/files/womens-skater-dress-aop-1474601.png?v=1777788609,torn-poster-street-collage-skater-dress-cutout.png
9188173644003,torn-wall-kimono-cardigan,Torn Wall Kimono Cardigan — Newsprint Riot AOP Open Jacket,7,https://cdn.shopify.com/s/files/1/0788/2358/8067/files/aop-drop-shoulder-kimono-cardigan-for-cosplay-and-street-maximalists-open-front-lightweight-sublimation-print-japanese-inspired-bold-layer-8766177.png?v=1782724335,torn-wall-kimono-cardigan-cutout.png
9193875767523,tortoise-race-aop-silk-feel-button-up-shirt,Tortoise Race AOP Silk-Feel Button-Up Shirt,4,https://cdn.shopify.com/s/files/1/0788/2358/8067/files/tortoise-race-all-over-print-silk-feel-button-up-shirt-5959346.png?v=1778285948,tortoise-race-aop-silk-feel-button-up-shirt-cutout.png
9261119996131,touch-of-chaos-neon-handprint-tee,Touch of Chaos Tee — Psychedelic Neon Handprint DTG Graphic on Heavyweight Cotton,17,https://cdn.shopify.com/s/files/1/0788/2358/8067/files/dyles-mavis-handprint-psychedelic-neon-t-shirt-for-bold-streetwear-collectors-premium-heavyweight-cotton-original-art-oversized-statement-tee-1030920.jpg?v=1782724152,touch-of-chaos-neon-handprint-tee-cutout.png
9193898737891,toy-parade-hacci-knit-sweater,Toy Parade Hacci Knit Sweater,6,https://cdn.shopify.com/s/files/1/0788/2358/8067/files/maximalist-hacci-knit-sweater-for-cozy-self-expressers-eyeconic-drop-shoulder-aop-pullover-statement-loungewear-indie-fashion-6534873.png?v=1782724336,toy-parade-hacci-knit-sweater-cutout.png
9259981504739,toybox-entropy-micro-fleece-hoodie,Toybox Entropy Micro-Fleece Hoodie,7,https://cdn.shopify.com/s/files/1/0788/2358/8067/files/maximalist-zip-up-hoodie-for-nostalgia-core-dressers-toybox-entropy-aop-micro-fleece-festival-streetwear-geometric-print-statement-9907928.png?v=1782724158,toybox-entropy-micro-fleece-hoodie-cutout.png
9175876108515,trippy-abstract-aop-pullover-hoodie,Trippy Abstract AOP Pullover Hoodie,7,https://cdn.shopify.com/s/files/1/0788/2358/8067/files/trippy-abstract-aop-hoodie-neon-pink-obsidian-310gsm-cotton-pullover-3895154.png?v=1782724508,trippy-abstract-aop-pullover-hoodie-cutout.png
9175876993251,trippy-goth-platform-combat-boots,Trippy Goth Platform Combat Boots,6,https://cdn.shopify.com/s/files/1/0788/2358/8067/files/e6f628aa-il_fullxfull.7676321884_awbq.jpg?v=1774790764,trippy-goth-platform-combat-boots-cutout.png
9260924797155,trippy-marble-swirl-pajama-pants,Trippy Marble Swirl Pajama Pants,6,https://cdn.shopify.com/s/files/1/0788/2358/8067/files/trippy-marble-swirl-pajama-pants-maximalist-lounge-pants-neon-purple-pink-acid-green-abstract-print-sleepwear-1294703.jpg?v=1782724093,trippy-marble-swirl-pajama-pants-cutout.png
9175878828259,trippy-rasta-splatter-ink-hoodie,Trippy Rasta Splatter Ink Hoodie,7,https://cdn.shopify.com/s/files/1/0788/2358/8067/files/1460f24a-il_fullxfull.7724265303_1cn7.jpg?v=1774790892,trippy-rasta-splatter-ink-hoodie-cutout.png
9175875649763,trippy-tags-graffiti-aop-bucket-hat,Trippy Tags Graffiti AOP Bucket Hat,6,https://cdn.shopify.com/s/files/1/0788/2358/8067/files/trippy-tags-aop-bucket-hat-psychedelic-graffiti-print-festival-headwear-for-rave-streetwear-7804532.png?v=1782724568,trippy-tags-graffiti-aop-bucket-hat-cutout.png
9175876894947,trippy-tropics-vaporwave-hawaiian-shirt,Trippy Tropics Vaporwave Hawaiian Shirt,10,https://cdn.shopify.com/s/files/1/0788/2358/8067/files/65b08a2d-il_fullxfull.7727753071_4p3j.jpg?v=1774790771,trippy-tropics-vaporwave-hawaiian-shirt-cutout.png
9175877157091,trippy-vibrational-neck-gaiter,Trippy Vibrational Neck Gaiter,5,https://cdn.shopify.com/s/files/1/0788/2358/8067/files/trippy-vibrational-neck-gaiter-psychedelic-dust-mask-for-burning-man-snowboarding-festival-protection-2055788.png?v=1782724568,trippy-vibrational-neck-gaiter-cutout.png
9193890152675,tropical-aop-hawaiian-shirt,Tropical AOP Hawaiian Shirt,3,https://cdn.shopify.com/s/files/1/0788/2358/8067/files/tropical-aop-hawaiian-shirt-150gsm-bamboo-feel-button-up-9062294.png?v=1778120046,tropical-aop-hawaiian-shirt-cutout.png
9193879077091,tropical-leaf-maxi-dress,Tropical Leaf Maxi Dress,4,https://cdn.shopify.com/s/files/1/0788/2358/8067/files/155733-7d5717b4-5ab5-4546-a932-ac0a37d77abc.png?v=1774789745,tropical-leaf-maxi-dress-cutout.png
9214493819107,tropical-volcano-eruption-canvas-wall-art,Tropical Volcano Eruption Canvas Wall Art,120,https://cdn.shopify.com/s/files/1/0788/2358/8067/files/10011281012823855265_2048.jpg?v=1775470589,tropical-volcano-eruption-canvas-wall-art-cutout.png
9175879909603,true-flower-child-vector-pajama-set,True Flower Child Vector Pajama Set,8,https://cdn.shopify.com/s/files/1/0788/2358/8067/files/true-flower-child-vector-pajama-set-whimsical-bohemian-loungewear-for-artsy-dreamers-7960502.png?v=1782724387,true-flower-child-vector-pajama-set-cutout.png
9175879778531,urban-brushstroke-artist-zip-jacket,Urban Brushstroke Artist Zip Jacket,2,https://cdn.shopify.com/s/files/1/0788/2358/8067/files/1566eaa5-il_fullxfull.7676318380_3k6v.jpg?v=1774791017,urban-brushstroke-artist-zip-jacket-cutout.png
9455375188195,urban-cipher-childrens-graffiti-hoodie,Urban Cipher Children's Graffiti Hoodie,4,https://cdn.shopify.com/s/files/1/0788/2358/8067/files/urban-cipher-childrens-hoodie-abstract-graffiti-aop-by-dylesmavis-wild-streetwear-sweatshirt-edgy-kids-pullover-unique-graffiti-hooded-6246918.jpg?v=1782724094,urban-cipher-childrens-graffiti-hoodie-cutout.png
9214499979491,urban-cipher-graffiti-aop-hawaiian-camp-shirt,Urban Cipher Graffiti AOP Hawaiian Camp Shirt,2,https://cdn.shopify.com/s/files/1/0788/2358/8067/files/urban-cipher-graffiti-all-over-print-hawaiian-camp-shirt-mens-streetwear-art-tee-3151909.png?v=1777788612,urban-cipher-graffiti-aop-hawaiian-camp-shirt-cutout.png
9175878893795,urban-crowd-faces-designer-blazer,Urban Crowd Faces Designer Blazer,10,https://cdn.shopify.com/s/files/1/0788/2358/8067/files/a4204aa8-il_fullxfull.7739363581_a9bd.jpg?v=1774790717,urban-crowd-faces-designer-blazer-cutout.png
9188175184099,urban-graffiti-combat-boots,Urban Graffiti Combat Boots,13,https://cdn.shopify.com/s/files/1/0788/2358/8067/files/Model_wearing_clothing_202603171546_1.jpg?v=1774789928,urban-graffiti-combat-boots-cutout.png
9175879352547,urban-legend-aop-cotton-long-sleeve,Urban Legend AOP Cotton Long Sleeve,3,https://cdn.shopify.com/s/files/1/0788/2358/8067/files/25d9b827-il_fullxfull.7724265749_dp7i.jpg?v=1774790770,urban-legend-aop-cotton-long-sleeve-cutout.png
9175877058787,urban-legend-graffiti-snapback,Urban Legend Graffiti Snapback,4,https://cdn.shopify.com/s/files/1/0788/2358/8067/files/f29daefe-il_fullxfull.7724269215_734s.jpg?v=1774790893,urban-legend-graffiti-snapback-cutout.png
9175877845219,urban-legend-kids-graffiti-hoodie,Urban Legend Kids Graffiti Hoodie,11,https://cdn.shopify.com/s/files/1/0788/2358/8067/files/urban-legend-kids-graffiti-hoodie-bold-aop-street-art-pullover-for-creative-children-miniature-maximalists-1157670.png?v=1782724389,urban-legend-kids-graffiti-hoodie-cutout.png
9260709085411,urban-sign-overload-svg,Urban Sign Overload SVG,1,https://cdn.shopify.com/s/files/1/0788/2358/8067/files/urban-sign-overload-svg-all-over-print-sublimation-digital-download-dark-street-signs-vector-art-5741220.png?v=1782724212,urban-sign-overload-svg-cutout.png
9225766437091,urban-woodland-camo-fleece-lined-hoodie,Urban Woodland Camo Fleece-Lined Hoodie,3,https://cdn.shopify.com/s/files/1/0788/2358/8067/files/all-over-print-mens-thicken-pullover-hoodie-4034991.jpg?v=1776768482,urban-woodland-camo-fleece-lined-hoodie-cutout.png
9175879745763,vandals-velvet-martin-short-boots,Vandals Velvet Martin Short Boots,7,https://cdn.shopify.com/s/files/1/0788/2358/8067/files/c2d03dd5-il_fullxfull.7737823389_rcp0.jpg?v=1774790585,vandals-velvet-martin-short-boots-cutout.png
9175878107363,vandals-velvet-patchwork-ankle-boots,Vandals Velvet Patchwork Ankle Boots,8,https://cdn.shopify.com/s/files/1/0788/2358/8067/files/vandals-velvet-patchwork-ankle-boots-micro-suede-maximalist-fashion-footwear-for-bold-expression-1561077.png?v=1782724387,vandals-velvet-patchwork-ankle-boots-cutout.png
9260921880803,vapor-wave-y2k-graphic-t-shirt,Vapor Wave Y2K Graphic T-Shirt,21,https://cdn.shopify.com/s/files/1/0788/2358/8067/files/vapor-wave-y2k-t-shirt-unisex-tee-graphic-shirt-vaporwave-aesthetic-top-retro-90s-clothing-9773373.jpg?v=1782724212,vapor-wave-y2k-graphic-t-shirt-cutout.png
9175877189859,vegas-gems-big-dreamer-snapback,Vegas Gems Big Dreamer Snapback,10,https://cdn.shopify.com/s/files/1/0788/2358/8067/files/180d5be1-il_fullxfull.7724266349_eqzk.jpg?v=1774455950,vegas-gems-big-dreamer-snapback-cutout.png
9175876600035,velvet-ambrosia-explosive-aop-full-zip-hoodie,Velvet Ambrosia Explosive AOP Full-Zip Hoodie,10,https://cdn.shopify.com/s/files/1/0788/2358/8067/files/c05f7b11-il_fullxfull.7685058328_1zto.jpg?v=1774790953,velvet-ambrosia-explosive-aop-full-zip-hoodie-cutout.png
9185452687587,venomous-custom-print-premium-shirt,Venomous Custom Print Premium Shirt,8,https://cdn.shopify.com/s/files/1/0788/2358/8067/files/venomous-custom-print-shirt-silk-linen-or-organic-cotton-9199316.png?v=1778120107,venomous-custom-print-premium-shirt-cutout.png
9214500045027,vibrant-abstract-aop-full-zip-hoodie,Vibrant Abstract AOP Full-Zip Hoodie,9,https://cdn.shopify.com/s/files/1/0788/2358/8067/files/vibrant-abstract-aop-full-zip-hoodie-gold-zipper-black-white-5069223.png?v=1777788609,vibrant-abstract-aop-full-zip-hoodie-cutout.png
9175879516387,vibrant-abstract-satin-pajama-set,Vibrant Abstract Satin Pajama Set,9,https://cdn.shopify.com/s/files/1/0788/2358/8067/files/ec2b6d97-il_fullxfull.7724264509_mk4e.jpg?v=1774455860,vibrant-abstract-satin-pajama-set-cutout.png
9175876534499,vibrant-abstract-splash-magsafe-phone-case,Vibrant Abstract Splash MagSafe Phone Case,10,https://cdn.shopify.com/s/files/1/0788/2358/8067/files/353cc03d-il_fullxfull.7704672230_3ivv.jpg?v=1774455744,vibrant-abstract-splash-magsafe-phone-case-cutout.png
9214499619043,vibrant-aop-long-sleeve-v-neck,Vibrant AOP Long Sleeve V-Neck,8,https://cdn.shopify.com/s/files/1/0788/2358/8067/files/colorful-womans-long-sleeve-v-neck-style-aop-shirt-with-vibrant-colors-built-in-confidence-boosting-construction-bonus-keeps-you-glown-up-4594363.png?v=1777788609,vibrant-aop-long-sleeve-v-neck-cutout.png
9231810986211,vibrant-carnival-map-foldable-wallet,Vibrant Carnival Map Foldable Wallet,6,https://cdn.shopify.com/s/files/1/0788/2358/8067/files/foldable-wallet-7230757.jpg?v=1776725131,vibrant-carnival-map-foldable-wallet-cutout.png
9175878500579,vibrant-geometric-triangle-print-hoodie,Vibrant Geometric Triangle Print Hoodie,6,https://cdn.shopify.com/s/files/1/0788/2358/8067/files/a241252f-il_fullxfull.7676319200_se9u.jpg?v=1774790771,vibrant-geometric-triangle-print-hoodie-cutout.png
9214500176099,vibrant-mens-hawaiian-camp-shirt,Vibrant Men's Hawaiian Camp Shirt,8,https://cdn.shopify.com/s/files/1/0788/2358/8067/files/vibrant-mens-hawaiian-camp-shirt-tropical-vacation-wear-beach-party-essentials-fun-summer-fashion-colorful-aop-shirt-9412564.png?v=1777788607,vibrant-mens-hawaiian-camp-shirt-cutout.png
9231812264163,vibrant-prism-sleeveless-maxi-dress,Vibrant Prism Sleeveless Maxi Dress,6,https://cdn.shopify.com/s/files/1/0788/2358/8067/files/vibrant-prism-x-high-waistline-sleeveless-maxi-dress-3650710.png?v=1776713888,vibrant-prism-sleeveless-maxi-dress-cutout.png
9175879123171,vibrant-psychedelic-swirl-winter-jacket,Vibrant Psychedelic Swirl Winter Jacket,4,https://cdn.shopify.com/s/files/1/0788/2358/8067/files/vibrant-psychedelic-swirl-winter-jacket-fur-lined-320-gsm-ultra-warm-streetwear-hoodie-6650479.png?v=1778286006,vibrant-psychedelic-swirl-winter-jacket-cutout.png
9175878762723,vibrant-sunset-gradient-silk-like-pajama-set,Vibrant Sunset Gradient Silk-Like Pajama Set,5,https://cdn.shopify.com/s/files/1/0788/2358/8067/files/fb8d22a8-il_fullxfull.7676319010_fhee.jpg?v=1774790826,vibrant-sunset-gradient-silk-like-pajama-set-cutout.png
9175879024867,vibrant-vector-splash-tough-phone-case,Vibrant Vector Splash Tough Phone Case,3,https://cdn.shopify.com/s/files/1/0788/2358/8067/files/80895f02-il_fullxfull.7676319184_ifkn.jpg?v=1774790832,vibrant-vector-splash-tough-phone-case-cutout.png
9175876305123,vibrant-vigilante-aop-slub-cotton-dress-shirt,Vibrant Vigilante AOP Slub Cotton Dress Shirt,10,https://cdn.shopify.com/s/files/1/0788/2358/8067/files/vibrant-vigilante-aop-mens-slub-cotton-dress-shirt-125gsm-antibacterial-maximalist-button-down-for-wine-country-6727561.png?v=1782724507,vibrant-vigilante-aop-slub-cotton-dress-shirt-cutout.png
9175880171747,vibrant-water-splash-pullover-hoodie,Vibrant Water Splash Pullover Hoodie,9,https://cdn.shopify.com/s/files/1/0788/2358/8067/files/vibrant-water-splash-hoodie-psychedelic-fluid-art-pullover-9939922.png?v=1778286006,vibrant-water-splash-pullover-hoodie-cutout.png
9175879811299,vibrant-wave-art-maximalist-pullover,Vibrant Wave Art Maximalist Pullover,4,https://cdn.shopify.com/s/files/1/0788/2358/8067/files/vibrant-wave-art-maximalist-pullover-abstract-geometric-sweatshirt-for-artistic-expression-3047926.png?v=1778286006,vibrant-wave-art-maximalist-pullover-cutout.png
9175877124323,vibrational-vector-athletic-hoodie,Vibrational Vector Athletic Hoodie,9,https://cdn.shopify.com/s/files/1/0788/2358/8067/files/6f141633-il_fullxfull.7733064457_clp3.jpg?v=1774790892,vibrational-vector-athletic-hoodie-cutout.png
9175877091555,vintage-crown-jewel-one-piece-swimsuit,Vintage Crown Jewel One-Piece Swimsuit,5,https://cdn.shopify.com/s/files/1/0788/2358/8067/files/2129d46e-il_fullxfull.7676322508_55n7.jpg?v=1774455949,vintage-crown-jewel-one-piece-swimsuit-cutout.png
9214499487971,vintage-crown-jewel-swimsuit,Vintage Crown Jewel Swimsuit,13,https://cdn.shopify.com/s/files/1/0788/2358/8067/files/swimsuit-vintage-crown-jewel-retro-summer-fashion-burning-man-mermaid-outfit-pool-party-prints-5427428.png?v=1777788667,vintage-crown-jewel-swimsuit-cutout.png
9529610371299,vintage-wildflower-botanical-svg-bundle-356-cut-files,Vintage Wildflower Botanical SVG Bundle — 356+ Cut Files,1,https://cdn.shopify.com/s/files/1/0788/2358/8067/files/vintage-wildflower-botanical-356-svg-bundle-for-cricut-sublimation-pod-vintage-wildflower-botanical-florals-9724931.png?v=1782815106,vintage-wildflower-botanical-svg-bundle-356-cut-files-cutout.png
9193899557091,vivid-abstract-aop-silk-feel-shirt,Vivid Abstract AOP Silk-Feel Shirt,4,https://cdn.shopify.com/s/files/1/0788/2358/8067/files/all-over-print-mens-imitation-silk-short-sleeved-shirt-5189065.png?v=1778120046,vivid-abstract-aop-silk-feel-shirt-cutout.png
9260924928227,vortex-bloom-hoodie,Vortex Bloom Hoodie,6,https://cdn.shopify.com/s/files/1/0788/2358/8067/files/psychedelic-kaleidoscope-hoodie-festival-rave-wear-oversized-abstract-spiral-pullover-maximalist-motif-art-apparel-1639730.png?v=1782724040,vortex-bloom-hoodie-cutout.png
9214499782883,wall-of-graft-graffiti-aop-hoodie,Wall of Graft Graffiti AOP Hoodie,9,https://cdn.shopify.com/s/files/1/0788/2358/8067/files/wall-of-graft-titti-splatter-art-digital-graphic-hoodie-8305286.png?v=1777788608,wall-of-graft-graffiti-aop-hoodie-cutout.png
9260747489507,warm-tan-cell-vexel-svg,Warm Tan Cell Vexel SVG,1,https://cdn.shopify.com/s/files/1/0788/2358/8067/files/warm_tan_cell_vexel_v8.svg?v=1778522362,warm-tan-cell-vexel-svg-cutout.png
9175879876835,watercolor-storm-leggings,Watercolor Storm Leggings,9,https://cdn.shopify.com/s/files/1/0788/2358/8067/files/maximalist-paint-splash-leggings-for-plus-size-self-expressers-abstract-expressionist-aop-tights-festival-yoga-wear-inclusive-bold-activewear-6844097.png?v=1782724389,watercolor-storm-leggings-cutout.png
9529611092195,wave-flow-svg-bundle-22-ocean-flow-cut-files,Wave Flow SVG Bundle — 22+ Ocean & Flow Cut Files,1,https://cdn.shopify.com/s/files/1/0788/2358/8067/files/wave-flow-22-svg-bundle-for-cricut-sublimation-pod-wave-ocean-flow-line-art-5183955.png?v=1782815106,wave-flow-svg-bundle-22-ocean-flow-cut-files-cutout.png
9261118947555,wavy-stripe-pajama-pants,Wavy Stripe Pajama Pants,5,https://cdn.shopify.com/s/files/1/0788/2358/8067/files/wavy-stripe-pajama-pants-for-vibrant-sleepwear-collectors-jewel-tone-aop-brushed-polyester-elastic-waist-cozy-lounge-womens-assembled-in-usa-4511203.jpg?v=1782724153,wavy-stripe-pajama-pants-cutout.png
9193877897443,wearable-art-silk-feel-shirt-incoherent-state-of-dye,Wearable Art Silk-Feel Shirt — Incoherent State of Dye,4,https://cdn.shopify.com/s/files/1/0788/2358/8067/files/abstract-print-silk-feel-shirt-all-over-print-short-sleeve-4145540.png?v=1778120046,wearable-art-silk-feel-shirt-incoherent-state-of-dye-cutout.png
9260745326819,white-wall-mixed-media-collage-svg,White Wall Mixed Media Collage SVG,1,https://cdn.shopify.com/s/files/1/0788/2358/8067/files/white_wall_mixed_media_v4.svg?v=1778523268,white-wall-mixed-media-collage-svg-cutout.png
9176123769059,wide-leg-graffiti-print-lounge-pants,Wide Leg Graffiti Print Lounge Pants,4,https://cdn.shopify.com/s/files/1/0788/2358/8067/files/all-over-print-unisex-wide-leg-pants-white-front-69b29b94c8999.jpg?v=1774790897,wide-leg-graffiti-print-lounge-pants-cutout.png
9300244037859,wild-brushstroke-reversible-bucket-hat,Wild Brushstroke Reversible Bucket Hat — Abstract Expressionist AOP in Magenta Cyan Gold,9,https://cdn.shopify.com/s/files/1/0788/2358/8067/files/festival-rave-bucket-hat-for-the-maximalist-mystic-reversible-aura-print-headwear-sun-to-dusk-rave-coverage-psychedelic-streetwear-7094323.png?v=1782724035,wild-brushstroke-reversible-bucket-hat-cutout.png
9175878598883,wild-fairy-dreamer-acrylic-pour-bucket-hat,Wild Fairy Dreamer Acrylic Pour Bucket Hat,7,https://cdn.shopify.com/s/files/1/0788/2358/8067/files/wild-fairy-dreamer-acrylic-pour-bucket-hat-whimsical-abstract-sun-hat-for-festival-fashion-2251386.png?v=1778286006,wild-fairy-dreamer-acrylic-pour-bucket-hat-cutout.png
9175876960483,wildflower-collage-athletic-hoodie,Wildflower Collage Athletic Hoodie,5,https://cdn.shopify.com/s/files/1/0788/2358/8067/files/77defb62-il_fullxfull.7704586366_5kju.jpg?v=1774791005,wildflower-collage-athletic-hoodie-cutout.png
9175875453155,wildflower-heart-aop-flat-brim-cap,Wildflower Heart AOP Flat Brim Cap — Rainbow Garden Print Snapback,4,https://cdn.shopify.com/s/files/1/0788/2358/8067/files/garden-of-eden-aop-flat-brim-cap-botanical-print-hat-4635946.png?v=1782724567,wildflower-heart-aop-flat-brim-cap-cutout.png
9261118292195,womens-all-over-print-pajama-pants,Women's All-Over Print Pajama Pants,7,https://cdn.shopify.com/s/files/1/0788/2358/8067/files/womens-all-over-print-pajama-pants-cozy-lounge-bottoms-6670345.png?v=1782724152,womens-all-over-print-pajama-pants-cutout.png
9214499750115,womens-colorful-block-print-pajama-pants,Women's Colorful Block Print Pajama Pants,2,https://cdn.shopify.com/s/files/1/0788/2358/8067/files/womens-colorful-pajama-pants-soft-lounge-pants-with-vibrant-all-over-print-toyland-designed-by-dylesmavis-5138767.png?v=1777788609,womens-colorful-block-print-pajama-pants-cutout.png
9529610993891,woodland-forest-svg-bundle-44-cut-files,Woodland Forest SVG Bundle — 44+ Cut Files,1,https://cdn.shopify.com/s/files/1/0788/2358/8067/files/woodland-forest-44-svg-bundle-for-cricut-sublimation-pod-woodland-forest-nature-art-7735988.png?v=1782815106,woodland-forest-svg-bundle-44-cut-files-cutout.png
9175878172899,wool-you-f-caw-f-anime-meme-graphic-tee,Wool You F-Caw-F Anime Meme Graphic Tee,4,https://cdn.shopify.com/s/files/1/0788/2358/8067/files/wool-you-f-caw-f-anime-meme-graphic-tee-chaotic-barnyard-humor-t-shirt-for-internet-culture-5188636.png?v=1782724387,wool-you-f-caw-f-anime-meme-graphic-tee-cutout.png
9175876862179,woven-prism-flat-brim-snapback,Woven Prism Flat Brim Snapback,9,https://cdn.shopify.com/s/files/1/0788/2358/8067/files/63421af4-il_fullxfull.7724268525_2zcu.jpg?v=1774790765,woven-prism-flat-brim-snapback-cutout.png
9175879844067,woven-prism-windbreaker,Woven Prism Windbreaker,2,https://cdn.shopify.com/s/files/1/0788/2358/8067/files/3752eb6a-il_fullxfull.7724265053_17cc.jpg?v=1774790584,woven-prism-windbreaker-cutout.png
9261115506915,youth-camo-joggers,Youth Camo Joggers,5,https://cdn.shopify.com/s/files/1/0788/2358/8067/files/youth-camo-joggers-bold-orange-all-over-print-sweatpants-for-kids-3876012.jpg?v=1782724032,youth-camo-joggers-cutout.png
9175878369507,zebra-cake-trails-mesh-turtleneck,Zebra Cake Trails Mesh Turtleneck,5,https://cdn.shopify.com/s/files/1/0788/2358/8067/files/zebra-cake-trails-breathable-mesh-t-shirt-streetsmart-liquid-monochrome-top-for-nightclubs-raves-6604094.png?v=1778286007,zebra-cake-trails-mesh-turtleneck-cutout.png
9260235260131,zebra-swirl-zip-hoodie,Zebra Swirl Zip Hoodie,6,https://cdn.shopify.com/s/files/1/0788/2358/8067/files/psychedelic-zebra-stripe-swirl-hoodie-hypnotic-primary-color-design-9239771.png?v=1782724210,zebra-swirl-zip-hoodie-cutout.png
9214500307171,zip-up-hoodie-psychedelic-neon-splatter-aop,Zip-Up Hoodie — Psychedelic Neon Splatter AOP,5,https://cdn.shopify.com/s/files/1/0788/2358/8067/files/zip-up-hoodie-psychedelic-neon-splatter-aop-abstract-fluid-art-streetwear-in-neon-green-electric-purple-8478920.png?v=1777788609,zip-up-hoodie-psychedelic-neon-splatter-aop-cutout.png
