product_id,title,product_type,price,image_url,visual_description,tag1,tag2,tag3,tag4,tag5,tag6,tag7,tag8,tag9,tag10,tag11,tag12,marketing_copy,gender,creative_collections,utility_collections
9175874863331,Colorful Abstract Floral Cotton Pants for Bold Self-Expressers,Pants,80.00,https://cdn.shopify.com/s/files/1/0788/2358/8067/files/bfa1dd92-il_fullxfull.7691840288_jojl_492924b0-05f5-4de5-bc65-a15fb754a6a8.png?v=1779267893,"Dense all-over botanical illustration — overlapping tropical flowers, leaves, and abstract floral shapes in a vivid multicolor palette on a white base; edge-to-edge coverage with zero negative space",botanical maximalist pants,abstract floral AOP bottoms,wearable garden print,dopamine dressing bottoms,festival cargo alternative,indie floral streetwear,art kid fashion pants,eclectic maximalism bottoms,bold spring fashion 2026,unisex statement pants,plus size AOP pants,all over print streetwear bottoms,Wear the whole garden and let the sidewalk be your runway.,Guys+Girls,Quantum Bloom|Boundless Bleeds|Maximalist Motifs|Primal Prints,
9175874896099,"Graffiti Tag Kimono Robe — Neon Street Art AOP, Fur-Lined Duster",Bathrobe,85.00,https://cdn.shopify.com/s/files/1/0788/2358/8067/files/433230e8-il_fullxfull.7691840248_4nt8.png?v=1778528352,"Full-bleed neon graffiti tag collage — overlapping spray-painted writer tags, throw-ups, and street lettering in electric yellows, pinks, and greens on white; fur-lined long duster silhouette",graffiti kimono robe,neon tag collage duster,fur lined street art robe,wearable graffiti art,alt loungewear statement,street art AOP outerwear,maximalist duster coat,post-internet art fashion,dopamine dressing robe,bold unisex robe,hyperpop aesthetic loungewear,festival camp robe,Art school never looked this cozy.,Guys+Girls,StreetsmART|Boundless Bleeds|Maximalist Motifs|Static Frequency,
9175874928867,Graffiti Tag AOP Fleece-Lined Bathrobe for Maximalist Loungewear Collectors,Bathrobe,73.00,https://cdn.shopify.com/s/files/1/0788/2358/8067/files/cd28452b-il_fullxfull.7739778727_iwsi.png?v=1778524238,Dense overlapping graffiti writer tags and throw-ups in multicolor neon ink covering every inch of the robe; plush fleece-lined interior with bold street art exterior — unisex cut,graffiti bathrobe AOP,fleece lined street art robe,loud print lounge robe,all over print bathrobe,wearable graffiti gift,maximalist loungewear,urban art home spa,bold print unisex robe,eclectic maximalism home,dopamine decor robe,streetwear loungewear,plus size art robe,The loudest thing in your bathroom — by design.,Guys+Girls,StreetsmART|Boundless Bleeds|Maximalist Motifs|Color Riot,
9175874961635,Graffiti Street Art AOP Sports Headband for Urban Fitness Dressers,Headband,8.00,https://cdn.shopify.com/s/files/1/0788/2358/8067/files/6b705228-il_fullxfull.7691993006_893k.png?v=1778746486,Compact graffiti tag collage wrapped around a sweat-wicking athletic headband — tight spray-paint lettering and abstract marks in neon colors; full-bleed AOP sublimation on stretch fabric,graffiti sports headband,street art workout accessory,AOP gym headband,bold activewear headband,festival fitness accessory,wearable art headband,urban gym style,sweat wicking art band,maximalist workout gear,peloton fashion accessory,main character energy gym,dopamine dressing sport,Sweat in style. Tag the treadmill.,Guys+Girls,StreetsmART|Static Frequency|Maximalist Motifs,Accessories
9175874994403,Neon Anemone AOP Bucket Hat | Electric Reef Print S-L,Bucket Hat,37.00,https://cdn.shopify.com/s/files/1/0788/2358/8067/files/86798e7d-il_fullxfull.7818135479_ghyv.png?v=1778481060,"Electric neon sea anemone and coral reef motifs covering every panel — pulsing tentacles and bioluminescent forms in hot pink, electric teal, and acid yellow on deep navy; oceanic UV rave energy",neon anemone bucket hat,electric reef print hat,bioluminescent ocean AOP,festival bucket hat 2026,rave headwear ocean print,dopamine dressing hat,weird girl aesthetic hat,chromatic therapy headwear,bold print bucket hat,coastal maximalist hat,eclectic festival accessory,all over print bucket hat,The ocean called. It wants its energy back — but you're keeping it.,Guys+Girls,Color Riot|Chromatic Overload|Cosmic Debris|Quantum Bloom,Accessories
9175875027171,Psychedelic Rainbow Spiral Tie-Dye Shirt,Shirt,53.00,https://cdn.shopify.com/s/files/1/0788/2358/8067/files/41e7d08f-il_fullxfull.7818257859_2jl1.png?v=1779040323,Classic centrifugal tie-dye spiral rendered digitally — concentric rainbow rings radiating from center in full ROYGBIV spectrum; psychedelic button-down silhouette with all-over vibrant color coverage,psychedelic rainbow spiral shirt,tie-dye AOP button up,rainbow spiral festival top,groovy retro shirt 2026,deadhead aesthetic shirt,festival core clothing,chromatic therapy shirt,vivid aura aesthetic top,rave button down shirt,eclectic maximalism top,all over print spiral shirt,vintage inspired festival wear,The '70s called — they said go bigger.,Guys+Girls,Boundless Bleeds|Color Riot|Chromatic Overload|Cognitive Drift,
9175875059939,Modern Abstract Geometric Brushstroke Blouse — Dyles Mavis AOP Acid Marble Top,Button-Up Shirt,45.00,https://cdn.shopify.com/s/files/1/0788/2358/8067/files/f8202768-il_fullxfull.7691827824_g3ep.png?v=1779047427,"Abstract acid marble with bold brushstroke geometry — earthy jewel tones (ochre, teal, rust, indigo) forming fluid organic shapes overlaid with geometric brush marks; content-creator-ready AOP stretch top",acid marble brushstroke blouse,abstract geometric women's top,earthy jewel tone AOP shirt,content creator outfit blouse,chaos core fashion top,wearable art blouse women,main character energy top,art kid fashion shirt,indie aesthete top 2026,bold print women's button up,eclectic maximalism blouse,post-internet fashion top,Your outfit just made the moodboard without asking.,Girls,Boundless Bleeds|Cognitive Drift|Maximalist Motifs|Color Riot,
9175875092707,Seigaiha Wave AOP T-Shirt | Blue Geometric Pattern 140g,T-Shirt,53.00,https://cdn.shopify.com/s/files/1/0788/2358/8067/files/196dbf81-il_fullxfull.7770302536_o2ri.png?v=1778481262,Traditional Japanese seigaiha (overlapping wave scales) pattern rendered in layered ocean blues and indigo — precise geometric tessellation covering the entire tee; calming yet bold East-meets-street visual,seigaiha wave pattern shirt,Japanese geometric AOP tee,ocean blue wave print tee,traditional pattern streetwear,indigo geometric t-shirt,Japanese inspired fashion,wave scale AOP shirt,wearable art tee geometric,indie aesthetic art t-shirt,festival core shirt 2026,all over print blue tee,unique pattern graphic shirt,Ancient pattern. Modern rebellion.,Guys+Girls,Hyperdensity|Transcendent Artifacts|Vibe-Checked Vectors|Maximalist Motifs,
9175875125475,Static Shock AOP V-Neck Tank | Abstract Lightning Print Sleeveless,Tank Top,31.82,https://cdn.shopify.com/s/files/1/0788/2358/8067/files/86f15b31-il_fullxfull.7691829096_ln93.png?v=1778722799,"Abstract lightning bolt fractures and electric discharge patterns across a full-bleed ground — jagged electric arcs in neon yellow, white, and blue on dark base; high-energy voltage aesthetic for festival and gym",lightning abstract tank top,electric shock AOP sleeveless,neon voltage festival tank,gym rave crossover top,static shock print tank,bold activewear statement,festival gym tank men,all over print V neck tank,static frequency aesthetic,dopamine dressing activewear,EDM festival outfit top,main character gym look,Live wire. No off switch.,Guys+Girls,Static Frequency|Chromatic Overload|Maximalist Motifs|Color Riot,
9175875158243,Psychedelic Rainbow Spiral Button-Up Shirt — Neon Tie-Dye AOP Long Sleeve,Button-Up Shirt,45.00,https://cdn.shopify.com/s/files/1/0788/2358/8067/files/7456c596-il_fullxfull.7807249121_ocf9.png?v=1779059202,Full-bleed centrifugal neon rainbow spiral tie-dye — explosive concentric rings in the full spectrum from hot pink outward to electric green and cobalt; long sleeve button-down silhouette drenched in color,neon rainbow spiral shirt,psychedelic long sleeve button up,tie-dye AOP long sleeve,festival button down shirt,groovy neon long sleeve,deadhead revival fashion,all over print spiral top,chromatic therapy shirt,rave layer shirt,eclectic maximalism long sleeve,vivid aura aesthetic top,festival core 2026 shirt,Every color at once. Zero apologies.,Guys+Girls,Boundless Bleeds|Color Riot|Chromatic Overload|Cognitive Drift,
9175875191011,Neon 90s Cassette Tape All-Over Print Jersey — Maximalist,Jersey,60.00,https://cdn.shopify.com/s/files/1/0788/2358/8067/files/ad99ab4a-il_fullxfull.7768976276_s1wq.png?v=1778523656,"Repeating 90s cassette tape illustrations in electric neon — retro tape decks, reels, and cassette bodies in lo-fi neon colors (hot pink, electric yellow, cobalt) scattered across white base; nostalgic maximalism meets vaporwave sportswear",90s cassette tape AOP jersey,retro tech print sportswear,neon vaporwave jersey,lo-fi aesthetic sports top,cassette tape fashion print,hyperpop streetwear jersey,90s nostalgic maximalism,post-internet art jersey,weird girl aesthetic top,festival core jersey 2026,all over print basketball jersey,wearable nostalgia sportswear,Rewind the whole outfit.,Guys+Girls,Static Frequency|Avant-Kindergarden™|Color Riot|Maximalist Motifs,
9175875223779,Graffiti Newspaper Collage Snapback Hat | Urban Street Art AOP Flat Brim Cap,Snapback Cap,30.00,https://cdn.shopify.com/s/files/1/0788/2358/8067/files/5182c5a1-il_fullxfull.7770396660_lqhe.png?v=1778723099,"Graffiti tags layered over newspaper collage fragments — hand-style throw-ups, wildstyle pieces, and cut-up newsprint elements creating urban visual noise; flat brim six-panel with full AOP panels",graffiti newspaper collage cap,street art snapback AOP,urban collage flat brim hat,skate culture hat print,hypebeast streetwear cap,graffiti tag print hat,art kid headwear 2026,alt fashion snapback,wearable art cap,main character hat,all over print streetwear hat,dopamine dressing accessory,The wall came home with you.,Guys+Girls,StreetsmART|Hyperdensity|Maximalist Motifs|Boundless Bleeds,Accessories
9175875256547,Chaos Core Henley for Trippy Maximalists — Acid Marble AOP Long Sleeve,Henley Shirt,49.00,https://cdn.shopify.com/s/files/1/0788/2358/8067/files/6d53dd38-il_fullxfull.7682041278_qenc.png?v=1778390990,"Swirling acid marble patterns — deep purples, burnt oranges, electric blues, and metallic golds flowing in liquid turbulence across every panel; Y2K chaos aesthetic in a fitted henley silhouette",acid marble henley shirt,chaos core long sleeve men,psychedelic marble print top,Y2K alt fashion henley,liquid marble AOP shirt,wearable art long sleeve men,festival layering piece,neuro-spicy style shirt,eclectic maximalism top,all over print henley men,bold print men's top,art collector wardrobe piece,Marble doesn't move — until it's on you.,Guys,Boundless Bleeds|Cognitive Drift|Color Riot|Maximalist Motifs,
9175875289315,AOP Flat Brim Snapback Cap | All-Over Print 6-Panel Streetwear Hat,Snapback Cap,25.00,https://cdn.shopify.com/s/files/1/0788/2358/8067/files/fe0c0a34-il_fullxfull.7739781795_c2f7.png?v=1778723439,Full-bleed psychedelic abstract print across all six panels — continuous swirling pattern with no seam breaks; structured flat brim with sublimation coverage including brim underside,AOP flat brim snapback,all over print 6 panel cap,psychedelic festival hat,alt fashion structured cap,bold print streetwear hat,content creator headwear,dopamine dressing accessory,festival core hat 2026,hypebeast AOP cap,wearable art hat,main character hat unisex,all over print baseball cap,Six panels. Zero blank space.,Guys+Girls,Boundless Bleeds|Maximalist Motifs|Cognitive Drift,Accessories
9175875322083,Maximalist Bathrobe for Loungewear Connoisseurs — Geographic AOP Fleece-Lined,Bathrobe,70.00,https://cdn.shopify.com/s/files/1/0788/2358/8067/files/17c5eaf5-il_fullxfull.7739778777_cfx1.png?v=1778483577,"Bold geometric abstract patchwork — angular fragmented shapes in a high-contrast multicolor palette (terracotta, olive, cobalt, ochre) forming a mosaic-like surface across the entire robe; plush fleece interior",geographic AOP bathrobe,maximalist geometric robe,abstract patchwork loungewear,bold print men's bathrobe,luxury art robe gift,father's day unique gift,wearable art home spa,all over print bathrobe,eclectic maximalism loungewear,dopamine dressing home,creative director gift idea,bold geometric home fashion,Even your off day deserves a statement.,Guys,Maximalist Motifs|Hyperdensity|Color Riot|Transcendent Artifacts,
9175875354851,Maximalist AOP Men's Drawstring Tank Top | Cotton-Blend Sleeveless Adjustable Hem,Tank Top,31.82,https://cdn.shopify.com/s/files/1/0788/2358/8067/files/cfd07942-il_fullxfull.7691829098_2g4r.png?v=1779047504,Vivid maximalist all-over print on cotton-blend sleeveless — dense abstract or graffiti-style AOP with drawstring adjustable hem; bold gym-to-festival crossover in striking multicolor,AOP drawstring tank top men,adjustable hem festival tank,bold print gym sleeveless,burning man camp tank,all over print cotton tank,maximalist men's activewear,rave gym crossover top,bold summer tank men,festival gym wear 2026,main character activewear,wearable art tank,dopamine dressing gym,Abs optional. Attitude mandatory.,Guys,Maximalist Motifs|Boundless Bleeds|Static Frequency|Color Riot,
9175875387619,AOP Unisex Heavyweight Cotton Lounge Pants | 310gsm All-Over Print Streetwear Bottoms,Lounge Pants,82.52,https://cdn.shopify.com/s/files/1/0788/2358/8067/files/a6130a90-il_fullxfull.7739784667_bg80.png?v=1778723379,Full-coverage maximalist AOP on heavyweight 310gsm cotton lounge pants — rich dense patterning from waistband to ankle in bold multicolor; premium streetwear lounge silhouette with wearable art credentials,310gsm AOP lounge pants,heavyweight cotton streetwear bottoms,maximalist lounge wear unisex,wearable art loungewear pants,all over print sweatpants,festival lounge pants bold,main character loungewear,dopamine dressing pajamas,eclectic maximalism bottoms,gallery day outfit pants,indie aesthetic lounge pants,bold print unisex bottoms,Couch to gallery. Same pants.,Guys+Girls,Boundless Bleeds|Maximalist Motifs|Color Riot|Hyperdensity,
9175875420387,Maximalist AOP Trucker Hat | Bold All-Over Print Snapback with Black Half-Mesh,Trucker Hat,26.88,https://cdn.shopify.com/s/files/1/0788/2358/8067/files/db961aca-il_fullxfull.7691837502_c7ba.png?v=1778723536,Bold maximalist AOP front panels on classic trucker silhouette — vivid all-over print structured front with black mesh back; full sublimation coverage on foam-front panels including brim,AOP trucker hat bold,all over print snapback trucker,maximalist festival cap,psychedelic trucker hat,bold print streetwear hat,festival headwear 2026,main character hat vibes,dopamine dressing accessory,wearable art hat unisex,alt fashion trucker cap,all over print hat,chromatic therapy headwear,Half your head is a canvas. Act accordingly.,Guys+Girls,Maximalist Motifs|Boundless Bleeds|Color Riot,Accessories
9175875453155,Garden of Eden AOP Flat Brim Cap | Botanical Print Hat,Baseball Cap,25.00,https://cdn.shopify.com/s/files/1/0788/2358/8067/files/c1eeda78-il_fullxfull.7691837490_5mpn.png?v=1778480773,"Lush botanical garden illustration wrapped across all cap panels — dense tropical leaves, flowers, fruit, and vines in saturated greens, pinks, and golds; cottagecore-meets-maximalism energy",botanical AOP flat brim cap,garden print streetwear hat,floral garden baseball cap,cottagecore maximalist hat,tropical print festival cap,botanical fashion accessory,nature print AOP cap,wearable garden hat,dopamine dressing headwear,weird girl aesthetic hat,plant lover gift hat,all over print botanical cap,Every petal earned its spot on the brim.,Guys+Girls,Quantum Bloom|Primal Prints|Maximalist Motifs|Boundless Bleeds,Accessories
9175875485923,Floral Fusion Maximalist Crewneck — 310gsm Cotton AOP Psychedelic Eye Floral Collage,Sweatshirt,85.00,https://cdn.shopify.com/s/files/1/0788/2358/8067/files/a8c3c0a2-il_fullxfull.7806883539_j9s7.jpg?v=1774790955,"Surreal psychedelic collage of oversized floral forms fused with eye motifs — large-scale blooms with irises embedded in petals, saturated neons and jewel tones creating an AI fever-dream botanical; heavyweight cotton crewneck fully saturated",psychedelic eye floral sweatshirt,surreal botanical crewneck,310gsm AOP cotton sweatshirt,floral collage streetwear,weird girl aesthetic crewneck,dopamine dressing sweater,eclectic maximalism sweatshirt,wearable art crewneck,art kid fashion sweatshirt,post-internet floral fashion,neuro-spicy style sweater,ocular floral AOP crewneck,The garden is watching you back.,Guys+Girls,Quantum Bloom|Ocular Opulence|Maximalist Motifs|Boundless Bleeds,
9175875518691,"Charismatic Camo Plush Boots for Urban Maximalists — Bold Abstract Print Men's Winter Shoes, Non-Slip Rubber Sole, Warm Tactical Statement Footwear, Wearable Art Boots",Boots,124.28,https://cdn.shopify.com/s/files/1/0788/2358/8067/files/6515dbc7-il_fullxfull.7739778775_lvof.png?v=1781178089,Abstract art aop print in vivid multicolor tones; full edge-to-edge sublimation coverage on Boots,weird girl aesthetic,art kid fashion,quiet chaos aesthetic,main character energy,all over print,AOP fashion,statement piece,alt fashion,wearable art,graphic print,festival outfit,indie aesthetic,"The streets called — they want their art back. Too bad, it's yours now.",Guys,Boundless Bleeds|Maximalist Motifs|Chromatic Overload|StreetsmART|Static Frequency|Cognitive Drift,
9175875551459,Street Syntax | All-Over Print Graffiti Turtleneck Top – Neon Maximalist Long Sleeve,Top,34.0,https://cdn.shopify.com/s/files/1/0788/2358/8067/files/a00f8af6-il_fullxfull.7739773069_t4ti.png?v=1779651865,Graffiti-style street art print in neon tones; full edge-to-edge sublimation coverage on Top,dopamine dressing,eclectic maximalism,main character energy,festival core 2026,all over print,AOP fashion,festival outfit,rave wear,streetwear,statement piece,graphic print,bold print,Carry the city on your back. Wear the walls that shaped you.,Guys+Girls,Boundless Bleeds|StreetsmART|Static Frequency|Maximalist Motifs|Transcendent Artifacts|Chromatic Overload,
9175875584227,"Cyber-Marble Liquid Glitch Henley for Cyberpunk Streetwear Collectors — Deep Swirl AOP Long Sleeve, 280gsm Polyester-Spandex, Glitchcore Fashion Statement, S–6XL",Henley Shirt,49.42,https://cdn.shopify.com/s/files/1/0788/2358/8067/files/1b7cca0d-il_fullxfull.7682040236_cms5.png?v=1778722741,Concentric swirl/spiral full-bleed print in vivid multicolor tones; full edge-to-edge sublimation coverage on Henley Shirt,dopamine dressing,wearable art movement,eclectic maximalism,chromatic therapy,all over print,AOP fashion,festival outfit,rave wear,streetwear,statement piece,graphic print,bold print,"Infinite pattern, infinite potential. Wear it.",Guys+Girls,Static Frequency|Boundless Bleeds|StreetsmART|Cognitive Drift|Maximalist Motifs|Chromatic Overload,
9175875616995,"Digital Drip AOP Beanie for Urban Explorer Self-Expressers — Abstract Camo Double-Sided Print, Foldable Cuff Winter Streetwear Knit Cap, Maximalist Cold-Weather Statement Hat",Beanie,27.98,https://cdn.shopify.com/s/files/1/0788/2358/8067/files/e4e20fe1-il_fullxfull.7676322118_o481.jpg?v=1774791012,Abstract art aop print in vivid multicolor tones; full edge-to-edge sublimation coverage on Beanie,main character energy,festival core 2026,art kid fashion,hyperpop streetwear,all over print,AOP fashion,streetwear,statement piece,graphic print,alt fashion,unique gift,indie aesthetic,The spray can is mightier than the sword. Wear the proof.,Guys+Girls,StreetsmART|Boundless Bleeds|Static Frequency|Maximalist Motifs,Accessories
9175875649763,Trippy Tags AOP Bucket Hat | Psychedelic Graffiti Print Festival Headwear for Rave & Streetwear,Bucket Hat,35.48,https://cdn.shopify.com/s/files/1/0788/2358/8067/files/869b31ed-il_fullxfull.7676321768_bkpe.png?v=1778722372,Graffiti-style street art print in vivid multicolor tones; full edge-to-edge sublimation coverage on Bucket Hat,main character energy,festival core 2026,art kid fashion,hyperpop streetwear,all over print,AOP fashion,festival outfit,streetwear,statement piece,graphic print,alt fashion,unique gift,"Tag everything, including the algorithm.",Guys+Girls,StreetsmART|Boundless Bleeds|Cognitive Drift|Maximalist Motifs|Chromatic Overload,Accessories
9175875682531,"OG Graffiti Tag AOP Crewneck Sweatshirt for Hip-Hop Streetwear Collectors — Vibrant All-Over Print Cotton Unisex Statement Top, Dense Tag Collage Neon Urban Fashion",Sweatshirt,85.0,https://cdn.shopify.com/s/files/1/0788/2358/8067/files/a6995b91-il_fullxfull.7771129012_olng.png?v=1779047571,Graffiti-style street art print in neon tones; full edge-to-edge sublimation coverage on Sweatshirt,art kid fashion,eclectic maximalism,main character energy,serotonin boost fashion,all over print,AOP fashion,festival outfit,rave wear,streetwear,statement piece,graphic print,bold print,"The streets called — they want their art back. Too bad, it's yours now.",Guys+Girls,StreetsmART|Boundless Bleeds|Chromatic Overload|Hyperdensity|Static Frequency|Transcendent Artifacts,
9175875715299,Men's Henley Shirt – Pink Black Liquid Grunge Art Long Sleeve Streetwear,Henley Shirt,49.42,https://cdn.shopify.com/s/files/1/0788/2358/8067/files/3fff6de1-il_fullxfull.7739775749_amh9.jpg?v=1774790956,Liquid marble fluid art print in black tones; full edge-to-edge sublimation coverage on Henley Shirt,dopamine dressing,wearable art movement,eclectic maximalism,chromatic therapy,all over print,AOP fashion,festival outfit,rave wear,streetwear,statement piece,graphic print,bold print,The future of fashion isn't quiet.,Guys,Static Frequency|StreetsmART|Boundless Bleeds|Cognitive Drift|Chromatic Overload|Color Riot,
9175875748067,"Made-To-Order ""Painted Curls"" Digital Tie-Dye | Four-piece Duvet Cover Set | Widened",Duvet Cover,109.0,https://cdn.shopify.com/s/files/1/0788/2358/8067/files/68b241ac-il_fullxfull.7691827060_4jew.jpg?v=1774791005,Hand-dyed spiral tie-dye pattern in vivid multicolor tones; full edge-to-edge sublimation coverage on Duvet Cover,dopamine dressing,serotonin boost fashion,wearable art movement,chromatic therapy,all over print,AOP fashion,festival outfit,rave wear,streetwear,statement piece,graphic print,bold print,Tie-dye never left. It was waiting for you.,Guys+Girls,Static Frequency|Cognitive Drift|Transcendent Artifacts|Chromatic Overload,Home & Living
9175875780835,"Maximalist Psychedelic Reversible Bucket Hat for Mind-Melting Dressers — Dyles Mavis Abstract AOP Both Sides Printed, Festival UV-Resistant Sun Hat, Main Character Headwear",Bucket Hat,35.0,https://cdn.shopify.com/s/files/1/0788/2358/8067/files/26e3be40-il_fullxfull.7799218393_whp6.png?v=1778519081,Psychedelic full-coverage print in vivid multicolor tones; full edge-to-edge sublimation coverage on Bucket Hat,main character energy,festival core 2026,art kid fashion,hyperpop streetwear,all over print,AOP fashion,festival outfit,streetwear,statement piece,graphic print,alt fashion,unique gift,Not a vibe. A seismic event.,Girls,Static Frequency|Cognitive Drift|Boundless Bleeds|Maximalist Motifs|Chromatic Overload,Accessories
9175875813603,"Color Wheel Cargo Shorts for Festival Season Maximalists — Tactical Abstract AOP, Quick-Dry Polyester-Spandex, Streetwear Pocket Shorts, Bold Summer Statement, XS–5XL",Shorts,41.0,https://cdn.shopify.com/s/files/1/0788/2358/8067/files/fb29500a-il_fullxfull.7771101774_o8zn.jpg?v=1774790945,Abstract art aop print in vivid multicolor tones; full edge-to-edge sublimation coverage on Shorts,festival core 2026,dopamine dressing,chromatic therapy,vivid aura aesthetic,all over print,AOP fashion,festival outfit,rave wear,streetwear,statement piece,graphic print,bold print,When mundane isn't in your vocabulary.,Guys,Cognitive Drift|Chromatic Overload|StreetsmART|Boundless Bleeds|Static Frequency|Maximalist Motifs,
9175875846371,"Men's Spiral Tie-Dye Henley for Psychedelic Festival Streetwear Dressers — AOP Long Sleeve Rave Statement Top, Vibrant Swirl Print Menswear, S–6XL",Henley Shirt,49.42,https://cdn.shopify.com/s/files/1/0788/2358/8067/files/5b96f81c-il_fullxfull.7691832656_bgr9.jpg?v=1774790892,Hand-dyed spiral tie-dye pattern in vivid multicolor tones; full edge-to-edge sublimation coverage on Henley Shirt,dopamine dressing,wearable art movement,eclectic maximalism,chromatic therapy,all over print,AOP fashion,festival outfit,rave wear,streetwear,statement piece,graphic print,bold print,Wear the spiral. Become the spiral.,Guys,Cognitive Drift|StreetsmART|Boundless Bleeds|Primal Prints|Static Frequency|Transcendent Artifacts,
9175875879139,Kinetic Insect Ceiling Fan Decals | Cyberpunk Steampunk Art,Wall Decor,30.0,https://cdn.shopify.com/s/files/1/0788/2358/8067/files/b8dd3cb8-il_fullxfull.7712126566_h39y.jpg?v=1774790946,All-over print in vivid multicolor tones; full edge-to-edge sublimation coverage on Wall Decor,dopamine dressing,eclectic maximalism,main character energy,festival core 2026,all over print,AOP fashion,festival outfit,rave wear,streetwear,statement piece,graphic print,bold print,Glow different. Burn brighter.,Guys+Girls,Static Frequency|Ocular Opulence|Primal Prints|Maximalist Motifs|Transcendent Artifacts|Chromatic Overload,Home & Living
9175875911907,"Glitch Camo Combat Boots for Urban Explorers — Concrete Jungle AOP Martin-Style Boots, Plush-Lined Winter Footwear, Alt Fashion, Men's Wearable Art",Boots,110.0,https://cdn.shopify.com/s/files/1/0788/2358/8067/files/a58bb898-il_fullxfull.7691833748_slhd.png?v=1778715013,All-over print in vivid multicolor tones; full edge-to-edge sublimation coverage on Boots,weird girl aesthetic,art kid fashion,quiet chaos aesthetic,main character energy,all over print,AOP fashion,statement piece,alt fashion,wearable art,graphic print,festival outfit,indie aesthetic,Your outfit IS the gallery. No admission required.,Guys,Boundless Bleeds|StreetsmART|Static Frequency|Maximalist Motifs|Primal Prints|Cognitive Drift,
9175875944675,Liquid Glitch Beanie – Maximalist Graffiti Streetwear Hat,Beanie,35.0,https://cdn.shopify.com/s/files/1/0788/2358/8067/files/liquid-glitch-beanie-maximalist-graffiti-streetwear-hat-9487129.png?v=1776796989,Graffiti-style street art print in vivid multicolor tones; full edge-to-edge sublimation coverage on Beanie,main character energy,festival core 2026,art kid fashion,hyperpop streetwear,all over print,AOP fashion,streetwear,statement piece,graphic print,alt fashion,unique gift,indie aesthetic,The spray can is mightier than the sword. Wear the proof.,Guys+Girls,Static Frequency|Boundless Bleeds|StreetsmART|Cognitive Drift|Maximalist Motifs|Chromatic Overload,Accessories
9175875977443,"Main Character Flat Brim for Streetwear Collectors — Fractal Art AOP Snapback, Psychedelic Festival Cap, Alt Fashion Headwear, Moss Teal Ochre Print, Unisex Statement Hat",Baseball Cap,30.0,https://cdn.shopify.com/s/files/1/0788/2358/8067/files/abstract-fractal-art-flat-brim-cap-maximalist-streetwear-snapback-2892890.png?v=1778286067,Psychedelic full-coverage print in vivid multicolor tones; full edge-to-edge sublimation coverage on Baseball Cap,main character energy,festival core 2026,art kid fashion,hyperpop streetwear,all over print,AOP fashion,festival outfit,rave wear,streetwear,statement piece,graphic print,bold print,Close your eyes. Open your wardrobe. Same difference.,Guys+Girls,Boundless Bleeds|Cognitive Drift|Maximalist Motifs|StreetsmART|Static Frequency,Accessories
9175876010211,"Men's Lightning AOP Henley Shirt for Maximalist Cyberpunk Streetwear Dressers — Long Sleeve Bold Print Statement Top, Festival Electric Statement Menswear",Henley Shirt,49.42,https://cdn.shopify.com/s/files/1/0788/2358/8067/files/aac6a81b-il_fullxfull.7756073683_qyno.png?v=1779047781,All-over print in vivid multicolor tones; full edge-to-edge sublimation coverage on Henley Shirt,dopamine dressing,wearable art movement,eclectic maximalism,chromatic therapy,all over print,AOP fashion,festival outfit,rave wear,streetwear,statement piece,graphic print,bold print,No streetlight? You ARE the streetlight.,Guys,Static Frequency|Boundless Bleeds|Maximalist Motifs|StreetsmART|Chromatic Overload,
9175876042979,"Geometric Glitch Art Button-Down for 90s Arcade Maximalists — AOP Glitchcore Short Sleeve Shirt, Bold Pixel Streetwear Statement, Festival Creative Professional Top",Button-Up Shirt,44.82,https://cdn.shopify.com/s/files/1/0788/2358/8067/files/e396617b-il_fullxfull.7708160114_p2gm.png?v=1779047707,Geometric vector art print in vivid multicolor tones; full edge-to-edge sublimation coverage on Button-Up Shirt,dopamine dressing,wearable art movement,eclectic maximalism,chromatic therapy,all over print,AOP fashion,festival outfit,rave wear,streetwear,statement piece,graphic print,bold print,Glow different. Burn brighter.,Guys+Girls,Static Frequency|StreetsmART|Boundless Bleeds|Maximalist Motifs|Transcendent Artifacts|Vibe-Checked Vectors,
9175876075747,"Cyber-Marble Liquid Glitch Long Sleeve Henley — Maximalist AOP Streetwear Top, 280gsm Polyester-Spandex, Glitchcore Digital Marble Print, Men's Bold Art Shirt",Henley Shirt,49.0,https://cdn.shopify.com/s/files/1/0788/2358/8067/files/8eea2b3c-il_fullxfull.7705488966_10d1.png?v=1778723878,Liquid marble fluid art print in vivid multicolor tones; full edge-to-edge sublimation coverage on Henley Shirt,dopamine dressing,wearable art movement,eclectic maximalism,chromatic therapy,all over print,AOP fashion,festival outfit,rave wear,streetwear,statement piece,graphic print,bold print,Your drip is a public service announcement.,Guys,Static Frequency|StreetsmART|Boundless Bleeds|Maximalist Motifs,
9175876108515,Trippy Abstract AOP Hoodie — Neon Pink & Obsidian 310GSM Cotton Pullover,Hoodie,85.0,https://cdn.shopify.com/s/files/1/0788/2358/8067/files/3ad0e97b-il_fullxfull.7739804345_2tig.png?v=1779104843,Abstract art aop print in neon tones; full edge-to-edge sublimation coverage on Hoodie,art kid fashion,main character energy,hyperpop streetwear,festival core 2026,all over print,AOP fashion,streetwear,graphic print,bold print,alt fashion,wearable art,festival outfit,Not a vibe. A seismic event.,Guys+Girls,Maximalist Motifs|Boundless Bleeds|Cognitive Drift|StreetsmART|Static Frequency|Chromatic Overload,
9175876141283,"Maximalist AOP Men's Stretch Henley Shirt | Ribbed Polyester Long Sleeve — Tailored Statement Top for Artists, Studio-to-Gallery Days (XS–5XL)",Henley Shirt,47.0,https://cdn.shopify.com/s/files/1/0788/2358/8067/files/4930b2e4-il_fullxfull.7755135991_qf3k.png?v=1778723314,All-over print in red tones; full edge-to-edge sublimation coverage on Henley Shirt,dopamine dressing,wearable art movement,eclectic maximalism,chromatic therapy,all over print,AOP fashion,festival outfit,rave wear,streetwear,statement piece,graphic print,bold print,When mundane isn't in your vocabulary.,Guys,Boundless Bleeds|Cognitive Drift|Maximalist Motifs,
9175876174051,Psychedelic Tie Dye Crop Top | Neon Spiral Rave Tank,Crop Top,33.0,https://cdn.shopify.com/s/files/1/0788/2358/8067/files/3a9be5a7-il_fullxfull.7691826818_3qdd.png?v=1779047856,Hand-dyed spiral tie-dye pattern in neon tones; full edge-to-edge sublimation coverage on Crop Top,weird girl aesthetic,dopamine dressing,festival core 2026,vivid aura aesthetic,all over print,AOP fashion,festival outfit,rave wear,streetwear,statement piece,graphic print,bold print,Wear the spiral. Become the spiral.,Girls,Boundless Bleeds|Cognitive Drift|Static Frequency|Chromatic Overload|Color Riot|Maximalist Motifs,
9175876206819,"Graffiti AOP Cargo Pants for Urban Explorers — Abstract Splatter Utility Trousers, Cybercore Streetwear Bottoms, Festival Rave Pants, Skater Alt Fashion, Men's Wearable Art Cargos",Cargo Pants,60.0,https://cdn.shopify.com/s/files/1/0788/2358/8067/files/60d8d327-il_fullxfull.7739783655_33cn.png?v=1778389212,Graffiti-style street art print in vivid multicolor tones; full edge-to-edge sublimation coverage on Cargo Pants,dopamine dressing,eclectic maximalism,art kid fashion,main character energy,all over print,AOP fashion,festival outfit,rave wear,streetwear,statement piece,graphic print,bold print,Carry the city on your back. Wear the walls that shaped you.,Guys,Static Frequency|Boundless Bleeds|StreetsmART|Maximalist Motifs|Transcendent Artifacts,
9175876239587,"Magnetic Sea AOP Thicken Fleece Pullover Hoodie — Dyles Mavis Bold Rainbow Spiral, Boundless Bleeds Festival Streetwear, Neon Burning Man Statement Layer",Hoodie,59.0,https://cdn.shopify.com/s/files/1/0788/2358/8067/files/magentic-sea-aop-thicken-pullover-hoodie-8197005.png?v=1777788787,"Concentric swirl/spiral full-bleed print in rainbow, neon tones; full edge-to-edge sublimation coverage on Hoodie",art kid fashion,main character energy,hyperpop streetwear,festival core 2026,all over print,AOP fashion,streetwear,graphic print,bold print,alt fashion,wearable art,festival outfit,"Infinite pattern, infinite potential. Wear it.",Guys+Girls,Boundless Bleeds|Static Frequency|Maximalist Motifs|Chromatic Overload|StreetsmART|Cognitive Drift,
9175876272355,"Maximalist AOP Unisex Lantern Pants | Carrot-Cut Tapered Trousers with Elastic Waist — Festival, Floaty Summer & Statement Streetwear Bottoms (XS–3XL)",Lantern Pants,75.0,https://cdn.shopify.com/s/files/1/0788/2358/8067/files/9e435d03-il_fullxfull.7739783827_7spr.png?v=1778723017,All-over print in red tones; full edge-to-edge sublimation coverage on Lantern Pants,dopamine dressing,eclectic maximalism,art kid fashion,main character energy,all over print,AOP fashion,festival outfit,rave wear,streetwear,statement piece,graphic print,bold print,Curated chaos for the aesthetically enlightened.,Guys+Girls,Boundless Bleeds|StreetsmART|Cognitive Drift|Maximalist Motifs|Transcendent Artifacts,
9175876305123,"Vibrant Vigilante AOP Men's Slub Cotton Dress Shirt | 125gsm Antibacterial Maximalist Button-Down for Wine Country, Gallery Nights & Main Character Energy (XS–5XL)",Button-Up Shirt,83.0,https://cdn.shopify.com/s/files/1/0788/2358/8067/files/dae97331-il_fullxfull.7724272637_6eur.png?v=1779090987,All-over print in vivid multicolor tones; full edge-to-edge sublimation coverage on Button-Up Shirt,dopamine dressing,wearable art movement,eclectic maximalism,chromatic therapy,all over print,AOP fashion,festival outfit,rave wear,streetwear,statement piece,graphic print,bold print,When mundane isn't in your vocabulary.,Guys,StreetsmART|Boundless Bleeds|Maximalist Motifs|Transcendent Artifacts|Chromatic Overload,
9175876337891,"Maximalist Heavyweight Crewneck for Art Collectors — Abstract AOP Sweatshirt, 310gsm Cotton Statement Piece, Gallery-Ready Streetwear, Wearable Fine Art, Unisex Bold Print",Sweatshirt,85.0,https://cdn.shopify.com/s/files/1/0788/2358/8067/files/abstract-all-over-print-sweatshirt-heavyweight-cotton-crewneck-4028315.png?v=1778286067,Abstract art aop print in vivid multicolor tones; full edge-to-edge sublimation coverage on Sweatshirt,art kid fashion,eclectic maximalism,main character energy,serotonin boost fashion,all over print,AOP fashion,festival outfit,rave wear,streetwear,statement piece,graphic print,bold print,Art shouldn't stay on walls. Let it walk.,Guys+Girls,Boundless Bleeds|Maximalist Motifs|StreetsmART|Static Frequency,
9175876370659,"Reversible Bucket Hat • Psychedelic Kaleidoscope, Graffiti Print",Bucket Hat,35.0,https://cdn.shopify.com/s/files/1/0788/2358/8067/files/21730859-il_fullxfull.7751805807_nrpi_3450a53f-fa76-4bde-901e-2c73be3cfb97.png?v=1779047979,Graffiti-style street art print in vivid multicolor tones; full edge-to-edge sublimation coverage on Bucket Hat,main character energy,festival core 2026,art kid fashion,hyperpop streetwear,all over print,AOP fashion,festival outfit,streetwear,statement piece,graphic print,alt fashion,unique gift,Carry the city on your back. Wear the walls that shaped you.,Guys+Girls,Boundless Bleeds|Cognitive Drift|Static Frequency|Hypnagogic|StreetsmART|Maximalist Motifs,Accessories
9175876403427,"Maximalist iPhone Case for Earthy Aesthetic Lovers — Abstract Chalk Stone AOP Cover, Shockproof Lexan Phone Armor, Gorpcore Tech Accessory, Wearable Art for Your Phone",Phone Case,28.0,https://cdn.shopify.com/s/files/1/0788/2358/8067/files/bd2c672d-il_fullxfull.7704671392_4wxz.png?v=1778424794,Abstract art aop print in vivid multicolor tones; full edge-to-edge sublimation coverage on Phone Case,post-internet fashion,dopamine dressing,neuro-spicy style,vivid aura aesthetic,AOP fashion,statement piece,graphic print,alt fashion,indie aesthetic,unique gift,maximalist fashion,bold print,Accessories: the punctuation of fashion.,Guys+Girls,StreetsmART|Boundless Bleeds|Primal Prints|Static Frequency|Cognitive Drift|Cosmic Debris,Accessories
9175876436195,"Graffiti Print Cotton Poplin Shirt for Creative Directors and Urban Stylists — Antibacterial AOP Designer Workwear, Smart-Casual Street Art Statement, Professional Rebel Menswear",Button-Up Shirt,59.58,https://cdn.shopify.com/s/files/1/0788/2358/8067/files/1c425b8e-il_fullxfull.7676323200_awiu.jpg?v=1774790831,Graffiti-style street art print in vivid multicolor tones; full edge-to-edge sublimation coverage on Button-Up Shirt,dopamine dressing,wearable art movement,eclectic maximalism,chromatic therapy,all over print,AOP fashion,festival outfit,rave wear,streetwear,statement piece,graphic print,bold print,The spray can is mightier than the sword. Wear the proof.,Guys,StreetsmART|Boundless Bleeds|Chromatic Overload,
9175876468963,Retro-Futurist Space Capsule Pet Bed - Waterproof Mid-Century Modern Cat House & Designer Puppy Lounge,Pet Bed,20.4,https://cdn.shopify.com/s/files/1/0788/2358/8067/files/731eea14-il_fullxfull.7733045501_3zp2.jpg?v=1774790952,Space/galaxy cosmic art print in vivid multicolor tones; full edge-to-edge sublimation coverage on Pet Bed,main character energy,festival core 2026,art kid fashion,hyperpop streetwear,all over print,AOP fashion,festival outfit,rave wear,streetwear,statement piece,graphic print,bold print,"Astral projection, but make it fashion.",Guys+Girls,Cosmic Debris|Astral Syntax|Avant-Kindergarden™|Vibe-Checked Vectors,Home & Living|Accessories
9175876501731,"Psychedelic Graffiti AOP Snapback for Rave Festival Street Art Collectors — Bold Weirdcore Hip-Hop Hat, Hypebeast Maximalist Cap, Statement Streetwear Headwear",Snapback Cap,33.0,https://cdn.shopify.com/s/files/1/0788/2358/8067/files/c91f2247-il_fullxfull.7724268411_eiuz.png?v=1779048875,Graffiti-style street art print in vivid multicolor tones; full edge-to-edge sublimation coverage on Snapback Cap,main character energy,festival core 2026,art kid fashion,hyperpop streetwear,all over print,AOP fashion,festival outfit,rave wear,streetwear,statement piece,graphic print,bold print,"The streets called — they want their art back. Too bad, it's yours now.",Guys+Girls,StreetsmART|Static Frequency|Boundless Bleeds|Cognitive Drift|Maximalist Motifs|Transcendent Artifacts,Accessories
9175876534499,Vibrant Abstract Splash MagSafe Case - Bold Maximalist Tough Phone Cover for Edgy Alt-Fashion Aesthetics,Phone Case,45.88,https://cdn.shopify.com/s/files/1/0788/2358/8067/files/353cc03d-il_fullxfull.7704672230_3ivv.jpg?v=1774455744,Abstract art aop print in vivid multicolor tones; full edge-to-edge sublimation coverage on Phone Case,post-internet fashion,dopamine dressing,neuro-spicy style,vivid aura aesthetic,AOP fashion,statement piece,graphic print,alt fashion,indie aesthetic,unique gift,maximalist fashion,bold print,Every outfit has a finishing move. This is it.,Guys+Girls,Static Frequency|Chromatic Overload|Maximalist Motifs|Transcendent Artifacts,Accessories
9175876567267,"Maximalist Zany-Stitch AOP Bucket Hat for Eccentric Sun-Seekers — Bold USA-Made Print, Color Pop Festival Headwear, Influencer-Worthy Summer Statement Hat",Bucket Hat,30.6,https://cdn.shopify.com/s/files/1/0788/2358/8067/files/462b2c12-il_fullxfull.7732932235_bhb4.jpg?v=1774790832,All-over print in vivid multicolor tones; full edge-to-edge sublimation coverage on Bucket Hat,main character energy,festival core 2026,art kid fashion,hyperpop streetwear,all over print,AOP fashion,festival outfit,streetwear,statement piece,graphic print,alt fashion,unique gift,Accessories: the punctuation of fashion.,Guys+Girls,StreetsmART|Boundless Bleeds|Maximalist Motifs|Chromatic Overload,Accessories
9175876600035,Velvet Ambrosia Explosive AOP Full-Zip Hoodie - Luxury Maximalist Streetwear - Heavyweight Designer Parka,Zip-Up Hoodie,81.35,https://cdn.shopify.com/s/files/1/0788/2358/8067/files/c05f7b11-il_fullxfull.7685058328_1zto.jpg?v=1774790953,All-over print in vivid multicolor tones; full edge-to-edge sublimation coverage on Zip-Up Hoodie,art kid fashion,main character energy,hyperpop streetwear,festival core 2026,all over print,AOP fashion,streetwear,graphic print,bold print,alt fashion,wearable art,festival outfit,Curated chaos for the aesthetically enlightened.,Guys+Girls,StreetsmART|Boundless Bleeds|Maximalist Motifs|Tacticolor,
9175876632803,"Electric Maximalist AOP Phone Case for Creative Visionaries — Dual-Layer Polycarbonate TPU, Fade-Resistant Bold Print, Wireless Charging Compatible, Raised Edge Screen Guard",Phone Case,42.0,https://cdn.shopify.com/s/files/1/0788/2358/8067/files/55f68b16-il_fullxfull.7724269509_mdpi.jpg?v=1774455784,All-over print in vivid multicolor tones; full edge-to-edge sublimation coverage on Phone Case,post-internet fashion,dopamine dressing,neuro-spicy style,vivid aura aesthetic,AOP fashion,statement piece,graphic print,alt fashion,indie aesthetic,unique gift,maximalist fashion,bold print,Electric wasn't built to be hidden.,Guys+Girls,Static Frequency|Cognitive Drift|Maximalist Motifs|Boundless Bleeds|Transcendent Artifacts|Chromatic Overload,Accessories
9175876665571,"Graffiti Art Crossbody Fanny Pack | Maximalist Waterproof Sling Bag for Festivals, Raves & Travel",Fanny Pack,42.0,https://cdn.shopify.com/s/files/1/0788/2358/8067/files/4bd09f77-il_fullxfull.7685103084_tt5e.jpg?v=1774790765,Graffiti-style street art print in vivid multicolor tones; full edge-to-edge sublimation coverage on Fanny Pack,festival core 2026,main character energy,dopamine dressing,chromatic therapy,all over print,AOP fashion,festival outfit,rave wear,streetwear,statement piece,graphic print,bold print,"The streets called — they want their art back. Too bad, it's yours now.",Guys+Girls,StreetsmART|Boundless Bleeds|Maximalist Motifs|Chromatic Overload,Accessories
9175876698339,"Graffiti Art AOP Snapback for Urban Streetwear Collectors — Monochrome Hip-Hop Tag Print, 90s B-Boy Breakdance Cap, Bold Skater Statement Headwear",Snapback Cap,29.0,https://cdn.shopify.com/s/files/1/0788/2358/8067/files/92ac7caa-il_fullxfull.7704680306_epuy.jpg?v=1774790771,Graffiti-style street art print in chrome tones; full edge-to-edge sublimation coverage on Snapback Cap,main character energy,festival core 2026,art kid fashion,hyperpop streetwear,all over print,AOP fashion,festival outfit,rave wear,streetwear,statement piece,graphic print,bold print,Carry the city on your back. Wear the walls that shaped you.,Guys+Girls,StreetsmART|Boundless Bleeds|Static Frequency|Transcendent Artifacts,Accessories
9175876731107,"Sacred Geometry Kaftan | Psychedelic Bohemian Goddess Robe for Meditation, Retreats & Luxury Lounging",Kaftan,72.0,https://cdn.shopify.com/s/files/1/0788/2358/8067/files/1878608f-il_fullxfull.7676323676_oco4.png?v=1778723797,Psychedelic full-coverage print in red tones; full edge-to-edge sublimation coverage on Kaftan,wearable art movement,eclectic maximalism,serotonin boost fashion,quiet chaos aesthetic,all over print,AOP fashion,festival outfit,rave wear,streetwear,statement piece,graphic print,bold print,Wear what your pineal gland dreams about.,Girls,Boundless Bleeds|Transcendent Artifacts|Cognitive Drift|Chromatic Overload,
9175876763875,Tie-Dye Cotton Midi Dress - Radial Pastel Long Sleeve Boho Gown,Dress,65.0,https://cdn.shopify.com/s/files/1/0788/2358/8067/files/74058024-il_fullxfull.7752833237_7arf.png?v=1779077818,Hand-dyed spiral tie-dye pattern in pastel tones; full edge-to-edge sublimation coverage on Dress,weird girl aesthetic,wearable art movement,dopamine dressing,chromatic therapy,all over print,AOP fashion,wearable art,festival outfit,indie aesthetic,statement piece,graphic print,alt fashion,The counterculture grew up. Still wears tie-dye.,Girls,Boundless Bleeds|Hypnagogic|StreetsmART|Cognitive Drift|Maximalist Motifs,
9175876796643,"Neon Zebra Psychedelic Joggers for Festival Shuffling and Bold Dressers — Elastic Waist Cotton Streetwear Pants, Electric Animal Print Rave Bottoms, Party Primal Prints",Joggers,65.0,https://cdn.shopify.com/s/files/1/0788/2358/8067/files/bad51ed5-il_fullxfull.7724269477_22y6.jpg?v=1774790826,Psychedelic full-coverage print in neon tones; full edge-to-edge sublimation coverage on Joggers,dopamine dressing,eclectic maximalism,art kid fashion,main character energy,all over print,AOP fashion,festival outfit,rave wear,streetwear,statement piece,graphic print,bold print,Close your eyes. Open your wardrobe. Same difference.,Girls,Static Frequency|Chromatic Overload|StreetsmART|Boundless Bleeds|Primal Prints|Cognitive Drift,
9175876829411,"Graffiti Art Portable Cooler Bag | Insulated Maximalist Festival Tote for Beach, Rave & Bold Days Out",Cooler Bag,38.0,https://cdn.shopify.com/s/files/1/0788/2358/8067/files/fef9d2a5-il_fullxfull.7685062626_508v.jpg?v=1774455833,Graffiti-style street art print in vivid multicolor tones; full edge-to-edge sublimation coverage on Cooler Bag,dopamine dressing,eclectic maximalism,main character energy,festival core 2026,all over print,AOP fashion,festival outfit,rave wear,streetwear,statement piece,graphic print,bold print,"The streets called — they want their art back. Too bad, it's yours now.",Guys+Girls,StreetsmART|Boundless Bleeds|Cognitive Drift|Maximalist Motifs|Chromatic Overload,Accessories
9175876862179,"Psychedelic Graffiti AOP Flat Brim Snapback for Streetwear and Urban Culture Collectors — Hip-Hop Skate Statement Cap, Bold All-Over Print Baseball Hat",Baseball Cap,28.0,https://cdn.shopify.com/s/files/1/0788/2358/8067/files/63421af4-il_fullxfull.7724268525_2zcu.jpg?v=1774790765,Graffiti-style street art print in vivid multicolor tones; full edge-to-edge sublimation coverage on Baseball Cap,main character energy,festival core 2026,art kid fashion,hyperpop streetwear,all over print,AOP fashion,festival outfit,rave wear,streetwear,statement piece,graphic print,bold print,Carry the city on your back. Wear the walls that shaped you.,Guys,StreetsmART|Boundless Bleeds|Cognitive Drift|Maximalist Motifs|Transcendent Artifacts,Accessories
9175876894947,Trippy Tropics Vaporwave Hawaiian Shirt - Vibrational Vector AOP Button-Up for Cyber-Vacation & Festivals,Hawaiian Shirt,109.41,https://cdn.shopify.com/s/files/1/0788/2358/8067/files/65b08a2d-il_fullxfull.7727753071_4p3j.jpg?v=1774790771,Geometric vector art print in vivid multicolor tones; full edge-to-edge sublimation coverage on Hawaiian Shirt,dopamine dressing,wearable art movement,eclectic maximalism,chromatic therapy,all over print,AOP fashion,festival outfit,rave wear,streetwear,statement piece,graphic print,bold print,Wear what your pineal gland dreams about.,Guys+Girls,Static Frequency|Boundless Bleeds|Primal Prints|Cognitive Drift|Vibe-Checked Vectors,
9175876927715,Graffiti Print AOP Bucket Hat | Maximalist All-Over Print Urban Festival Sun Hat,Bucket Hat,30.6,https://cdn.shopify.com/s/files/1/0788/2358/8067/files/cfc4b6bf-il_fullxfull.7676320894_pk1z.png?v=1778722436,Graffiti-style street art print in vivid multicolor tones; full edge-to-edge sublimation coverage on Bucket Hat,main character energy,festival core 2026,art kid fashion,hyperpop streetwear,all over print,AOP fashion,festival outfit,streetwear,statement piece,graphic print,alt fashion,unique gift,The spray can is mightier than the sword. Wear the proof.,Guys+Girls,Boundless Bleeds|StreetsmART|Cognitive Drift|Maximalist Motifs|Chromatic Overload,Accessories
9175876960483,"Maximalist Wildflower Botanical Athletic Hoodie for Fitness and Nature Lovers — High-Performance Floral AOP Sweatshirt, Spring Outdoor Gym Statement, Stylish Eco Activewear",Hoodie,69.0,https://cdn.shopify.com/s/files/1/0788/2358/8067/files/77defb62-il_fullxfull.7704586366_5kju.jpg?v=1774791005,Dense botanical/floral aop illustration in vivid multicolor tones; full edge-to-edge sublimation coverage on Hoodie,art kid fashion,main character energy,hyperpop streetwear,festival core 2026,all over print,AOP fashion,streetwear,graphic print,bold print,alt fashion,wearable art,festival outfit,Why carry flowers when you can wear them?,Guys+Girls,Primal Prints|Quantum Bloom|Boundless Bleeds|Maximalist Motifs|Chromatic Overload,
9175876993251,Trippy Goth Platform Combat Boots - Psychedelic Nightcore Alt-Fashion Footwear for Raves & Edgy Streetwear,Boots,143.0,https://cdn.shopify.com/s/files/1/0788/2358/8067/files/e6f628aa-il_fullxfull.7676321884_awbq.jpg?v=1774790764,Psychedelic full-coverage print in vivid multicolor tones; full edge-to-edge sublimation coverage on Boots,weird girl aesthetic,art kid fashion,quiet chaos aesthetic,main character energy,all over print,AOP fashion,statement piece,alt fashion,wearable art,graphic print,festival outfit,indie aesthetic,Reality is optional. Fashion is mandatory.,Guys+Girls,Boundless Bleeds|Cognitive Drift|StreetsmART|Transcendent Artifacts,
9175877026019,"Artsy Floral AOP Men's Long Sleeve Polo | 220gsm Painterly Botanical Print Polished Maximalist Workwear for Hospitality, Sommeliers & Wine Ambassadors (S–5XL)",Polo Shirt,55.0,https://cdn.shopify.com/s/files/1/0788/2358/8067/files/76c271af-il_fullxfull.7724267393_jn6h.png?v=1779205704,Dense botanical/floral aop illustration in vivid multicolor tones; full edge-to-edge sublimation coverage on Polo Shirt,dopamine dressing,wearable art movement,eclectic maximalism,chromatic therapy,all over print,AOP fashion,festival outfit,rave wear,streetwear,statement piece,graphic print,bold print,Flora is your armor. Bloom where you stand.,Guys,Primal Prints|Quantum Bloom|Boundless Bleeds|Maximalist Motifs|Transcendent Artifacts,
9175877058787,"Urban Legend Graffiti Snapback - All-Over Print Flat Brim Hat for Hypebeasts, Skaters & Streetwear Collectors",Snapback Cap,25.92,https://cdn.shopify.com/s/files/1/0788/2358/8067/files/f29daefe-il_fullxfull.7724269215_734s.jpg?v=1774790893,Graffiti-style street art print in vivid multicolor tones; full edge-to-edge sublimation coverage on Snapback Cap,main character energy,festival core 2026,art kid fashion,hyperpop streetwear,all over print,AOP fashion,festival outfit,rave wear,streetwear,statement piece,graphic print,bold print,Your outfit IS the gallery. No admission required.,Guys+Girls,StreetsmART|Boundless Bleeds|Cognitive Drift|Maximalist Motifs,Accessories
9175877091555,Vintage Crown Jewel One-Piece Swimsuit - Retro Maximalist Beachwear for Burning Man & Luxury Pool Parties,Swimsuit,55.0,https://cdn.shopify.com/s/files/1/0788/2358/8067/files/2129d46e-il_fullxfull.7676322508_55n7.jpg?v=1774455949,All-over print in vivid multicolor tones; full edge-to-edge sublimation coverage on Swimsuit,chromatic therapy,dopamine dressing,festival core 2026,vivid aura aesthetic,all over print,AOP fashion,festival outfit,rave wear,streetwear,statement piece,graphic print,bold print,Curated chaos for the aesthetically enlightened.,Girls,Boundless Bleeds|StreetsmART|Maximalist Motifs,
9175877124323,Vibrational Vector Athletic Hoodie - Psychedelic High-Visibility Activewear for Cycling & Outdoor Adventurers,Hoodie,57.0,https://cdn.shopify.com/s/files/1/0788/2358/8067/files/6f141633-il_fullxfull.7733064457_clp3.jpg?v=1774790892,Psychedelic full-coverage print in vivid multicolor tones; full edge-to-edge sublimation coverage on Hoodie,art kid fashion,main character energy,hyperpop streetwear,festival core 2026,all over print,AOP fashion,streetwear,graphic print,bold print,alt fashion,wearable art,festival outfit,Close your eyes. Open your wardrobe. Same difference.,Guys+Girls,Boundless Bleeds|Vibe-Checked Vectors|StreetsmART|Static Frequency|Cognitive Drift|Maximalist Motifs,
9175877157091,"Trippy Vibrational Neck Gaiter - Psychedelic Dust Mask for Burning Man, Snowboarding & Festival Protection",Neck Gaiter,19.0,https://cdn.shopify.com/s/files/1/0788/2358/8067/files/2d2a413b-il_fullxfull.7724268927_478p.jpg?v=1774790954,Psychedelic full-coverage print in vivid multicolor tones; full edge-to-edge sublimation coverage on Neck Gaiter,dopamine dressing,eclectic maximalism,main character energy,festival core 2026,all over print,AOP fashion,festival outfit,rave wear,streetwear,statement piece,graphic print,bold print,Reality is optional. Fashion is mandatory.,Guys+Girls,Cognitive Drift|Chromatic Overload|Color Riot,
9175877189859,"Vegas Gems ""Big Dreamer"" Snapback - High-Roller Neon Print Baseball Cap for Bold Entrepreneurs & Travelers",Snapback Cap,35.0,https://cdn.shopify.com/s/files/1/0788/2358/8067/files/180d5be1-il_fullxfull.7724266349_eqzk.jpg?v=1774455950,All-over print in neon tones; full edge-to-edge sublimation coverage on Snapback Cap,main character energy,festival core 2026,art kid fashion,hyperpop streetwear,all over print,AOP fashion,festival outfit,rave wear,streetwear,statement piece,graphic print,bold print,Glow different. Burn brighter.,Guys,Boundless Bleeds|Static Frequency|Chromatic Overload|Hypnagogic,Accessories
9175877222627,"Iridescent Chameleon Color-Shift Hoodie for Rave and Techwear Dressers — Bio-Digital AOP Holographic Print, EDM Festival Burning Man Statement, Consciousness Culture Sweatshirt",Hoodie,77.0,https://cdn.shopify.com/s/files/1/0788/2358/8067/files/caa45e7d-il_fullxfull.7676319038_hocd.jpg?v=1774790946,All-over print in iridescent tones; full edge-to-edge sublimation coverage on Hoodie,art kid fashion,main character energy,hyperpop streetwear,festival core 2026,all over print,AOP fashion,streetwear,graphic print,bold print,alt fashion,wearable art,festival outfit,Your body is the canvas. Act accordingly.,Girls,Static Frequency|Cognitive Drift|Boundless Bleeds|Primal Prints|Transcendent Artifacts,
9175877255395,Toasted Marshmallow Campfire Bucket Hat - Abstract Organic Print Outdoor Hat for Glamping & Festivals,Bucket Hat,40.0,https://cdn.shopify.com/s/files/1/0788/2358/8067/files/85906aee-il_fullxfull.7676320044_mnxs.jpg?v=1774791011,Abstract art aop print in vivid multicolor tones; full edge-to-edge sublimation coverage on Bucket Hat,main character energy,festival core 2026,art kid fashion,hyperpop streetwear,all over print,AOP fashion,festival outfit,streetwear,statement piece,graphic print,alt fashion,unique gift,Small format. Maximum impact.,Guys+Girls,Boundless Bleeds|Primal Prints|Cognitive Drift,Accessories
9175877288163,"Prismatic Dragon Scale Athletic Hoodie for Fantasy and Bold Fitness Dressers — Rainbow AOP Maximalist Activewear, Iridescent Scale Print Statement Sweatshirt",Hoodie,65.0,https://cdn.shopify.com/s/files/1/0788/2358/8067/files/9df979a8-il_fullxfull.7676320738_qmzc.png?v=1780045924,"All-over print in rainbow, iridescent tones; full edge-to-edge sublimation coverage on Hoodie",art kid fashion,main character energy,hyperpop streetwear,festival core 2026,all over print,AOP fashion,streetwear,graphic print,bold print,alt fashion,wearable art,festival outfit,When mundane isn't in your vocabulary.,Girls,Static Frequency|Chromatic Overload|Boundless Bleeds|Primal Prints|Maximalist Motifs|Transcendent Artifacts,
9175877320931,"Dark Knight Goth-Inspired Cotton Poplin Shirt for Alt-Professionals — Dyles Mavis AOP Concealed Placket Button-Down, Musician Stage Wear, Dark Academia Menswear, 115gsm",Button-Up Shirt,117.0,https://cdn.shopify.com/s/files/1/0788/2358/8067/files/c2683a79-il_fullxfull.7755808591_5313.jpg?v=1774790705,All-over print in red tones; full edge-to-edge sublimation coverage on Button-Up Shirt,dopamine dressing,wearable art movement,eclectic maximalism,chromatic therapy,all over print,AOP fashion,festival outfit,rave wear,streetwear,statement piece,graphic print,bold print,Wear what others can't explain.,Guys,StreetsmART|Boundless Bleeds|Maximalist Motifs,
9175877353699,"Artist Edition Maximalist AOP Blazer | Structured Cotton-Poplin Two-Button Jacket for Creative Directors, Gallery Openings & Boardroom Subversion (S–3XL)",Blazer,78.91,https://cdn.shopify.com/s/files/1/0788/2358/8067/files/0adb28db-il_fullxfull.7676322768_svck.png?v=1778723599,All-over print in red tones; full edge-to-edge sublimation coverage on Blazer,eclectic maximalism,art kid fashion,main character energy,wearable art movement,all over print,AOP fashion,festival outfit,rave wear,streetwear,statement piece,graphic print,bold print,This isn't clothing. It's an argument for color.,Guys+Girls,Maximalist Motifs|StreetsmART|Boundless Bleeds|Cognitive Drift|Transcendent Artifacts,
9175877452003,"Prismatic Crimson Wave Hawaiian Shirt for High-Energy Festival Dressers — Bold AOP Aloha Button-Up, Summer Beach Statement Top, Maximalist Party Shirt",Hawaiian Shirt,73.3,https://cdn.shopify.com/s/files/1/0788/2358/8067/files/d0874e3b-il_fullxfull.7724268151_aw2x.png?v=1780046508,All-over print in crimson tones; full edge-to-edge sublimation coverage on Hawaiian Shirt,dopamine dressing,wearable art movement,eclectic maximalism,chromatic therapy,all over print,AOP fashion,festival outfit,rave wear,streetwear,statement piece,graphic print,bold print,Your body is the canvas. Act accordingly.,Girls,Chromatic Overload|Boundless Bleeds|Primal Prints|Static Frequency|Maximalist Motifs,
9175877484771,StreetsmArt Collage Athletic Hoodie | Bold AOP Recycled Performance Pullover for Gym & Street,Hoodie,64.42,https://cdn.shopify.com/s/files/1/0788/2358/8067/files/a0991ff9-il_fullxfull.7771945020_4g7m.png?v=1778722948,Collage-style sticker bomb print in vivid multicolor tones; full edge-to-edge sublimation coverage on Hoodie,art kid fashion,main character energy,hyperpop streetwear,festival core 2026,all over print,AOP fashion,streetwear,graphic print,bold print,alt fashion,wearable art,festival outfit,Curated chaos for the aesthetically enlightened.,Guys+Girls,StreetsmART|Boundless Bleeds|Maximalist Motifs,
9175877517539,Kaleidoscope Geometric AOP Bucket Hat | Trippy Rainbow Rave Sun Hat for EDM Festivals & Bold Fits,Bucket Hat,25.5,https://cdn.shopify.com/s/files/1/0788/2358/8067/files/2ebb73ca-il_fullxfull.7676320134_qy1l.jpg?v=1774455770,Geometric vector art print in rainbow tones; full edge-to-edge sublimation coverage on Bucket Hat,main character energy,festival core 2026,art kid fashion,hyperpop streetwear,all over print,AOP fashion,festival outfit,streetwear,statement piece,graphic print,alt fashion,unique gift,Get lost in the swirl. Never come back.,Guys+Girls,Cognitive Drift|Chromatic Overload|Boundless Bleeds|Static Frequency|Maximalist Motifs|Transcendent Artifacts,Accessories
9175877550307,Psychedelic Paint Splatter Polo | Abstract Art Golf Shirt,Polo Shirt,103.34,https://cdn.shopify.com/s/files/1/0788/2358/8067/files/psychedelic-paint-splatter-polo-abstract-art-golf-shirt-9696320.png?v=1778120167,Psychedelic full-coverage print in vivid multicolor tones; full edge-to-edge sublimation coverage on Polo Shirt,dopamine dressing,wearable art movement,eclectic maximalism,chromatic therapy,all over print,AOP fashion,festival outfit,rave wear,streetwear,statement piece,graphic print,bold print,Reality is optional. Fashion is mandatory.,Guys+Girls,Boundless Bleeds|Cognitive Drift|Maximalist Motifs|StreetsmART|Chromatic Overload,
9175877615843,"Kaleidoscope Psychedelic Rainbow Bucket Hat for Rave and Festival Dressers — Geometric AOP Sun Hat, Dance Party Trippy Headwear, Bold Maximalist Festival Accessory",Bucket Hat,39.9,https://cdn.shopify.com/s/files/1/0788/2358/8067/files/b610b106-il_fullxfull.7676318694_tigt.jpg?v=1774455769,Psychedelic full-coverage print in rainbow tones; full edge-to-edge sublimation coverage on Bucket Hat,main character energy,festival core 2026,art kid fashion,hyperpop streetwear,all over print,AOP fashion,festival outfit,streetwear,statement piece,graphic print,alt fashion,unique gift,The universe expands. So does your wardrobe.,Girls,Cognitive Drift|Ocular Opulence|Boundless Bleeds|Maximalist Motifs|Transcendent Artifacts|Chromatic Overload,Accessories
9175877648611,"Maximalist Geometric Block Print Hoodie for Tech-Creatives — Vibrant Architectural AOP Sweatshirt, Bold Color Statement Gift for Him, Gallery Casual Layering Piece",Hoodie,59.05,https://cdn.shopify.com/s/files/1/0788/2358/8067/files/85e86c64-il_fullxfull.7724266981_l868.jpg?v=1774455770,Geometric vector art print in vivid multicolor tones; full edge-to-edge sublimation coverage on Hoodie,art kid fashion,main character energy,hyperpop streetwear,festival core 2026,all over print,AOP fashion,streetwear,graphic print,bold print,alt fashion,wearable art,festival outfit,Your body is the canvas. Act accordingly.,Guys,StreetsmART|Boundless Bleeds|Static Frequency|Maximalist Motifs|Transcendent Artifacts|Chromatic Overload,
9175877714147,"Neon Radial Burst Athletic Shorts for Rave Fitness and Yoga Dressers — Vibrant Psychedelic AOP Swim Trunks, Bold Festival Pool Party Bottoms, Gen Z Summer Swimwear",Shorts,60.0,https://cdn.shopify.com/s/files/1/0788/2358/8067/files/d5f5faaf-il_fullxfull.7724269187_re7h.png?v=1779087840,Psychedelic full-coverage print in neon tones; full edge-to-edge sublimation coverage on Shorts,festival core 2026,dopamine dressing,chromatic therapy,vivid aura aesthetic,all over print,AOP fashion,festival outfit,rave wear,streetwear,statement piece,graphic print,bold print,Not a vibe. A seismic event.,Girls,Static Frequency|Cognitive Drift|Chromatic Overload|Boundless Bleeds|Transcendent Artifacts|Color Riot,
9175877746915,Psychedelic AOP Steering Wheel Cover | Maximalist Anti-Slip Car Accessory for Bold Drivers,Car Accessory,26.0,https://cdn.shopify.com/s/files/1/0788/2358/8067/files/4511bbe0-il_fullxfull.7724267467_cfjp.jpg?v=1774455791,Psychedelic full-coverage print in vivid multicolor tones; full edge-to-edge sublimation coverage on Car Accessory,dopamine dressing,eclectic maximalism,main character energy,festival core 2026,all over print,AOP fashion,festival outfit,rave wear,streetwear,statement piece,graphic print,bold print,Close your eyes. Open your wardrobe. Same difference.,Guys+Girls,Boundless Bleeds|StreetsmART|Cognitive Drift|Maximalist Motifs|Transcendent Artifacts|Chromatic Overload,
9175877779683,"Glitched Tropical Hawaiian Shirt for Cyberpunk Summer Maximalists — Dyles Mavis Premium AOP Glitchcore Camp Shirt, Digital Distortion Tropical, Bold Festival Button-Up",Hawaiian Shirt,120.0,https://cdn.shopify.com/s/files/1/0788/2358/8067/files/793761f7-il_fullxfull.7676321190_5jn1.jpg?v=1774455791,All-over print in vivid multicolor tones; full edge-to-edge sublimation coverage on Hawaiian Shirt,dopamine dressing,wearable art movement,eclectic maximalism,chromatic therapy,all over print,AOP fashion,festival outfit,rave wear,streetwear,statement piece,graphic print,bold print,No streetlight? You ARE the streetlight.,Guys+Girls,Boundless Bleeds|Static Frequency|Chromatic Overload|StreetsmART|Primal Prints|Maximalist Motifs,
9175877812451,"Kaleidoscope Rainbow AOP Lounge Pants for Maximalist Festival Mornings — Luxury Vibrant Pajamas, Colorful Sleepwear Bottoms, Gift for Her, Chic Relaxation PJs",Pajama Pants,52.82,https://cdn.shopify.com/s/files/1/0788/2358/8067/files/97d3c633-il_fullxfull.7724266565_rh5y.jpg?v=1774455791,All-over print in rainbow tones; full edge-to-edge sublimation coverage on Pajama Pants,dopamine dressing,eclectic maximalism,art kid fashion,main character energy,all over print,AOP fashion,festival outfit,rave wear,streetwear,statement piece,graphic print,bold print,The universe expands. So does your wardrobe.,Guys+Girls,Chromatic Overload|Boundless Bleeds|Cognitive Drift|Maximalist Motifs|Transcendent Artifacts,
9175877845219,Urban Legend Kids Graffiti Hoodie | Bold AOP Street Art Pullover for Creative Children & Miniature Maximalists,Hoodie,87.4,https://cdn.shopify.com/s/files/1/0788/2358/8067/files/be2999ce-il_fullxfull.7739936905_m6rb.png?v=1778722233,Graffiti-style street art print in vivid multicolor tones; full edge-to-edge sublimation coverage on Hoodie,art kid fashion,main character energy,hyperpop streetwear,festival core 2026,all over print,AOP fashion,streetwear,graphic print,bold print,alt fashion,wearable art,festival outfit,Your outfit IS the gallery. No admission required.,Youth,Avant-Kindergarden™|StreetsmART|Boundless Bleeds|Maximalist Motifs|Chromatic Overload,
9175877877987,"Nostalgia-Core Pajama Pants for 90s Music Lovers — Mixtape AOP Lounge Bottoms, Retro Cassette Print Sleepwear, Vintage Vibes Loungewear, Gift for Music Heads, Unisex Sleep Pants",Pajama Pants,71.28,https://cdn.shopify.com/s/files/1/0788/2358/8067/files/90s-mixtape-pajama-pants-retro-music-lover-lounge-wear-8562785.png?v=1778286007,All-over print in vivid multicolor tones; full edge-to-edge sublimation coverage on Pajama Pants,dopamine dressing,eclectic maximalism,art kid fashion,main character energy,all over print,AOP fashion,festival outfit,rave wear,streetwear,statement piece,graphic print,bold print,Art shouldn't stay on walls. Let it walk.,Guys+Girls,Boundless Bleeds|StreetsmART|Static Frequency|Cognitive Drift|Transcendent Artifacts,
9175877910755,"Ocular Opulence Spiral Kaleidoscope Hoodie for Rave and Psytrance Dressers — Trippy 3D Geometric AOP Pullover, Mind-Bending Vivid Spiral Print, Festival Statement",Hoodie,99.0,https://cdn.shopify.com/s/files/1/0788/2358/8067/files/2d8871fc-il_fullxfull.7676319882_62iu.jpg?v=1774455821,Geometric vector art print in vivid multicolor tones; full edge-to-edge sublimation coverage on Hoodie,art kid fashion,main character energy,hyperpop streetwear,festival core 2026,all over print,AOP fashion,streetwear,graphic print,bold print,alt fashion,wearable art,festival outfit,Get lost in the swirl. Never come back.,Girls,Cognitive Drift|Static Frequency|Chromatic Overload|Ocular Opulence|StreetsmART|Boundless Bleeds,
9175877943523,Heavyweight Primal Print Cotton Hoodie | Bold 310GSM AOP Pullover for Streetwear Collectors & Cold Nights,Hoodie,100.0,https://cdn.shopify.com/s/files/1/0788/2358/8067/files/1642970c-il_fullxfull.7739311929_c9cr.png?v=1778722877,All-over print in vivid multicolor tones; full edge-to-edge sublimation coverage on Hoodie,art kid fashion,main character energy,hyperpop streetwear,festival core 2026,all over print,AOP fashion,streetwear,graphic print,bold print,alt fashion,wearable art,festival outfit,Art shouldn't stay on walls. Let it walk.,Guys+Girls,Boundless Bleeds|Maximalist Motifs|StreetsmART|Chromatic Overload,
9175877976291,"Digital Sunrise Psychedelic Tank for Road-Tripping Self-Expressers — Vibrational Rainbow Gradient AOP, Lightweight Quick-Dry, Beach Festival Chillcore Summer Top, Unisex",Tank Top,36.0,https://cdn.shopify.com/s/files/1/0788/2358/8067/files/0edb9e9c-il_fullxfull.7676319926_amsv.jpg?v=1774455821,Psychedelic full-coverage print in rainbow tones; full edge-to-edge sublimation coverage on Tank Top,dopamine dressing,eclectic maximalism,main character energy,festival core 2026,all over print,AOP fashion,festival outfit,rave wear,streetwear,statement piece,graphic print,bold print,Your aura called — it wants to be seen from orbit.,Guys+Girls,StreetsmART|Boundless Bleeds|Static Frequency|Cognitive Drift|Chromatic Overload,
9175878009059,Swamp Tour AOP Bucket Hat | Organic Abstract Print Outdoor Sun Hat — Made in USA,Bucket Hat,41.0,https://cdn.shopify.com/s/files/1/0788/2358/8067/files/59e4e5e7-il_fullxfull.7676318848_r2c2.jpg?v=1774790712,Abstract art aop print in vivid multicolor tones; full edge-to-edge sublimation coverage on Bucket Hat,main character energy,festival core 2026,art kid fashion,hyperpop streetwear,all over print,AOP fashion,festival outfit,streetwear,statement piece,graphic print,alt fashion,unique gift,Accessories: the punctuation of fashion.,Guys+Girls,Boundless Bleeds|Primal Prints|StreetsmART|Maximalist Motifs|Quantum Bloom|Chromatic Overload,Accessories
9175878041827,"Floral Rose Equestrian Gothic Bucket Hat for Vintage-Inspired Dressers — AOP 100% Polyester, Lush Botanical Sun Hat, Festival Streetwear Statement, Unisex 3-Size Made in USA",Bucket Hat,39.9,https://cdn.shopify.com/s/files/1/0788/2358/8067/files/77f692f5-il_fullxfull.7676318758_o16r.jpg?v=1774455822,Dense botanical/floral aop illustration in red tones; full edge-to-edge sublimation coverage on Bucket Hat,main character energy,festival core 2026,art kid fashion,hyperpop streetwear,all over print,AOP fashion,festival outfit,streetwear,statement piece,graphic print,alt fashion,unique gift,The garden escaped. You're wearing the evidence.,Girls,Primal Prints|Quantum Bloom|StreetsmART|Boundless Bleeds,Accessories
9175878074595,"Maximalist Half-Zip for Bold Creatives — Abstract AOP Stand-Up Collar Pullover, Gallery Opening Streetwear, Creative Director Uniform, Heavyweight Cotton Statement, Art-Forward Layer",Zip-Up Hoodie,125.0,https://cdn.shopify.com/s/files/1/0788/2358/8067/files/1a526b09-il_fullxfull.7676319172_2or8.png?v=1778390636,Abstract art aop print in vivid multicolor tones; full edge-to-edge sublimation coverage on Zip-Up Hoodie,art kid fashion,main character energy,hyperpop streetwear,festival core 2026,all over print,AOP fashion,streetwear,graphic print,bold print,alt fashion,wearable art,festival outfit,When mundane isn't in your vocabulary.,Guys+Girls,Boundless Bleeds|Maximalist Motifs|StreetsmART,
9175878107363,Vandals Velvet Patchwork Ankle Boots | Micro-Suede Maximalist Fashion Footwear for Bold Expression,Boots,42.91,https://cdn.shopify.com/s/files/1/0788/2358/8067/files/776b79f5-il_fullxfull.7724268067_zdtg.png?v=1778723662,All-over print in vivid multicolor tones; full edge-to-edge sublimation coverage on Boots,weird girl aesthetic,art kid fashion,quiet chaos aesthetic,main character energy,all over print,AOP fashion,statement piece,alt fashion,wearable art,graphic print,festival outfit,indie aesthetic,Art shouldn't stay on walls. Let it walk.,Guys+Girls,Boundless Bleeds|StreetsmART|Maximalist Motifs|Transcendent Artifacts|Chromatic Overload|Tacticolor,
9175878140131,Retro Boundless Swirl Hawaiian Shirt | 70s Psychedelic AOP Camp Shirt for Festival & Summer Style,Hawaiian Shirt,99.0,https://cdn.shopify.com/s/files/1/0788/2358/8067/files/c007bea1-il_fullxfull.7676321614_5sop.png?v=1778722311,Psychedelic full-coverage print in vivid multicolor tones; full edge-to-edge sublimation coverage on Hawaiian Shirt,dopamine dressing,wearable art movement,eclectic maximalism,chromatic therapy,all over print,AOP fashion,festival outfit,rave wear,streetwear,statement piece,graphic print,bold print,The universe expands. So does your wardrobe.,Guys+Girls,Boundless Bleeds|Cognitive Drift|StreetsmART|Maximalist Motifs|Transcendent Artifacts,
9175878172899,Wool You F-Caw-F | Anime Meme Graphic Tee — Chaotic Barnyard Humor T-Shirt for Internet Culture,T-Shirt,42.0,https://cdn.shopify.com/s/files/1/0788/2358/8067/files/8aca949e-il_fullxfull.7724267871_9rhl.png?v=1778723733,All-over print in vivid multicolor tones; full edge-to-edge sublimation coverage on T-Shirt,dopamine dressing,post-internet fashion,weird girl aesthetic,vivid aura aesthetic,all over print,AOP fashion,festival outfit,rave wear,streetwear,statement piece,graphic print,bold print,Curated chaos for the aesthetically enlightened.,Guys+Girls,Boundless Bleeds|Primal Prints|Chromatic Overload,
9175878205667,Rainbow Mosaic Shattered Glass Jacket - Primal Print Psychedelic Art Coat for Festival Headliners,Jacket,65.0,https://cdn.shopify.com/s/files/1/0788/2358/8067/files/3b124648-il_fullxfull.7724265133_81up.jpg?v=1774455845,"Psychedelic full-coverage print in rainbow, red tones; full edge-to-edge sublimation coverage on Jacket",main character energy,festival core 2026,art kid fashion,hyperpop streetwear,all over print,AOP fashion,festival outfit,rave wear,streetwear,statement piece,graphic print,bold print,Not a vibe. A seismic event.,Guys+Girls,Boundless Bleeds|StreetsmART|Cognitive Drift|Chromatic Overload,Accessories
9175878238435,"Digital Impasto Paint Stroke Half-Zip for Fine Artists and Curators — 310gsm 100% Cotton Premium Pullover, Stand-Up Collar Art Statement, Gallery Opening Layer, Unisex S–5XL",Half-Zip Pullover,154.2,https://cdn.shopify.com/s/files/1/0788/2358/8067/files/f8241bf2-il_fullxfull.7737619819_l3fv.jpg?v=1774790706,All-over print in vivid multicolor tones; full edge-to-edge sublimation coverage on Half-Zip Pullover,dopamine dressing,eclectic maximalism,main character energy,festival core 2026,all over print,AOP fashion,festival outfit,rave wear,streetwear,statement piece,graphic print,bold print,Not a look. A statement of existence.,Guys+Girls,Boundless Bleeds|Static Frequency|Chromatic Overload,
9175878271203,"Cyberpunk Network Splatter Hoodie for Digital Rebels — Dark Grunge AOP Techwear Pullover, Hacker Aesthetic, Festival Gaming Rave Statement, Unisex Metal Zip S–3XL",Hoodie,76.25,https://cdn.shopify.com/s/files/1/0788/2358/8067/files/1ccc5007-il_fullxfull.7676319182_nejq.jpg?v=1774790765,All-over print in vivid multicolor tones; full edge-to-edge sublimation coverage on Hoodie,art kid fashion,main character energy,hyperpop streetwear,festival core 2026,all over print,AOP fashion,streetwear,graphic print,bold print,alt fashion,wearable art,festival outfit,No streetlight? You ARE the streetlight.,Guys+Girls,Static Frequency|StreetsmART|Boundless Bleeds,
9175878303971,"Alligator Bites Neon Bucket Hat for Psychedelic Ravers — Dubstep Alt Fashion Headwear, Neon Geometric AOP, Playa-Ready Festival Hat, Mind-Bending Rave Accessory, EDM Collector Piece",Bucket Hat,29.33,https://cdn.shopify.com/s/files/1/0788/2358/8067/files/37fb63f0-il_fullxfull.7676317980_eoil.jpg?v=1774455846,Psychedelic full-coverage print in neon tones; full edge-to-edge sublimation coverage on Bucket Hat,main character energy,festival core 2026,art kid fashion,hyperpop streetwear,all over print,AOP fashion,festival outfit,streetwear,statement piece,graphic print,alt fashion,unique gift,Your aura called — it wants to be seen from orbit.,Guys+Girls,Cognitive Drift|Boundless Bleeds|Static Frequency|Transcendent Artifacts|Chromatic Overload|Vibe-Checked Vectors,Accessories
9175878369507,Zebra Cake Trails Breathable Mesh T-Shirt - StreetsmArt Liquid Monochrome Top for Nightclubs & Raves,T-Shirt,79.49,https://cdn.shopify.com/s/files/1/0788/2358/8067/files/zebra-cake-trails-breathable-mesh-t-shirt-streetsmart-liquid-monochrome-top-for-nightclubs-raves-6604094.png?v=1778286007,Liquid marble fluid art print in chrome tones; full edge-to-edge sublimation coverage on T-Shirt,dopamine dressing,post-internet fashion,weird girl aesthetic,vivid aura aesthetic,all over print,AOP fashion,festival outfit,rave wear,streetwear,statement piece,graphic print,bold print,Curated chaos for the aesthetically enlightened.,Guys+Girls,Boundless Bleeds|StreetsmART|Static Frequency|Transcendent Artifacts,
9175878402275,"Geometric Color Block Spaghetti Strap Vest for Chic Self-Expressers — Bold AOP Women's Tank, Modern Art-Pattern Sleeveless, Gallery Night Out Summer Statement Top",Tank Top,78.73,https://cdn.shopify.com/s/files/1/0788/2358/8067/files/318b48ad-il_fullxfull.7676320066_7o1r.jpg?v=1774790711,Geometric vector art print in vivid multicolor tones; full edge-to-edge sublimation coverage on Tank Top,dopamine dressing,eclectic maximalism,main character energy,festival core 2026,all over print,AOP fashion,festival outfit,rave wear,streetwear,statement piece,graphic print,bold print,Curated chaos for the aesthetically enlightened.,Girls,Boundless Bleeds|Maximalist Motifs|Transcendent Artifacts|Vibe-Checked Vectors,
9175878435043,"Artisan AOP Cotton Button-Down Shirt | 125gsm Slub Cotton Antibacterial Hawaiian for Resort, Wine Bar & Maximalist Lounging (S–5XL)",Button-Up Shirt,100.0,https://cdn.shopify.com/s/files/1/0788/2358/8067/files/1a9203f4-il_fullxfull.7676319844_840r.jpg?v=1774790831,All-over print in vivid multicolor tones; full edge-to-edge sublimation coverage on Button-Up Shirt,dopamine dressing,wearable art movement,eclectic maximalism,chromatic therapy,all over print,AOP fashion,festival outfit,rave wear,streetwear,statement piece,graphic print,bold print,When mundane isn't in your vocabulary.,Guys+Girls,Maximalist Motifs|StreetsmART|Boundless Bleeds|Transcendent Artifacts,
9175878467811,"Maximalist Abstract Slub Cotton Summer Dress for Creative Fashion Dressers — AOP Sleeveless Midi, Artistic Warm-Weather Statement, Beach Casual Elegant Art Dress",Dress,98.0,https://cdn.shopify.com/s/files/1/0788/2358/8067/files/a944c1ba-il_fullxfull.7724266181_4ka9.jpg?v=1774790764,Abstract art aop print in vivid multicolor tones; full edge-to-edge sublimation coverage on Dress,weird girl aesthetic,wearable art movement,dopamine dressing,chromatic therapy,all over print,AOP fashion,wearable art,festival outfit,indie aesthetic,statement piece,graphic print,alt fashion,Art shouldn't stay on walls. Let it walk.,Girls,Boundless Bleeds|Maximalist Motifs|Transcendent Artifacts|Vibe-Checked Vectors,
9175878500579,Vibrant Geometric Triangle Print Hoodie - Bold Maximalist Streetwear Pullover for Rave Style,Hoodie,143.0,https://cdn.shopify.com/s/files/1/0788/2358/8067/files/a241252f-il_fullxfull.7676319200_se9u.jpg?v=1774790771,Geometric vector art print in vivid multicolor tones; full edge-to-edge sublimation coverage on Hoodie,art kid fashion,main character energy,hyperpop streetwear,festival core 2026,all over print,AOP fashion,streetwear,graphic print,bold print,alt fashion,wearable art,festival outfit,This isn't clothing. It's an argument for color.,Guys+Girls,Boundless Bleeds|StreetsmART|Maximalist Motifs|Transcendent Artifacts|Chromatic Overload|Vibe-Checked Vectors,
9175878533347,"Botanical Indigo Floral AOP Tank Top | Blue-Green Sleeveless Quick-Dry Sublimation Shirt — Wearable Garden for Nature-Forward Festival, Trail & Summer Streetwear (S–3XL)",Tank Top,35.98,https://cdn.shopify.com/s/files/1/0788/2358/8067/files/94805869-il_fullxfull.7680585466_n5cr.jpg?v=1774791011,"Dense botanical/floral aop illustration in blue, green tones; full edge-to-edge sublimation coverage on Tank Top",dopamine dressing,wearable art movement,eclectic maximalism,chromatic therapy,all over print,AOP fashion,festival outfit,rave wear,streetwear,statement piece,graphic print,bold print,Every petal is a plot twist.,Guys+Girls,Primal Prints|Boundless Bleeds|Quantum Bloom|StreetsmART|Cognitive Drift,
9175878598883,Wild Fairy Dreamer Acrylic Pour Bucket Hat - Whimsical Abstract Sun Hat for Festival Fashion,Bucket Hat,39.9,https://cdn.shopify.com/s/files/1/0788/2358/8067/files/wild-fairy-dreamer-acrylic-pour-bucket-hat-whimsical-abstract-sun-hat-for-festival-fashion-2251386.png?v=1778286006,Abstract art aop print in vivid multicolor tones; full edge-to-edge sublimation coverage on Bucket Hat,main character energy,festival core 2026,art kid fashion,hyperpop streetwear,all over print,AOP fashion,festival outfit,streetwear,statement piece,graphic print,alt fashion,unique gift,Small format. Maximum impact.,Guys,Boundless Bleeds|Avant-Kindergarden™|Hypnagogic,Accessories
9175878631651,Vibrant Glitch Graphic Pullover Hoodie - Men's Abstract Art Sweatshirt for Tech-Creatives,Hoodie,43.64,https://cdn.shopify.com/s/files/1/0788/2358/8067/files/081e51b9-il_fullxfull.7724266713_s3ub.jpg?v=1774790766,Abstract art aop print in vivid multicolor tones; full edge-to-edge sublimation coverage on Hoodie,art kid fashion,main character energy,hyperpop streetwear,festival core 2026,all over print,AOP fashion,streetwear,graphic print,bold print,alt fashion,wearable art,festival outfit,Electric wasn't built to be hidden.,Guys,Boundless Bleeds|Static Frequency|StreetsmART|Cognitive Drift|Chromatic Overload,
9175878664419,"Cosmic Pop Art Bomber Jacket for Urban Streetwear Collectors — 190gsm Canvas-Feel AOP, Decorative Pocket Detail, Festival Gallery Statement Layer, Unisex Bold Outerwear",Jacket,44.57,https://cdn.shopify.com/s/files/1/0788/2358/8067/files/5d4ac06d-il_fullxfull.7724266679_oaub.jpg?v=1774790764,All-over print in vivid multicolor tones; full edge-to-edge sublimation coverage on Jacket,art kid fashion,main character energy,eclectic maximalism,quiet chaos aesthetic,all over print,AOP fashion,festival outfit,rave wear,streetwear,statement piece,graphic print,bold print,"The streets called — they want their art back. Too bad, it's yours now.",Guys+Girls,Boundless Bleeds|StreetsmART|Cosmic Debris|Maximalist Motifs|Transcendent Artifacts|Astral Syntax,
9175878697187,"Maximalist Shattered Glass AOP Hoodie for Bold Streetwear Fans — Heavyweight Primal Print Pullover, Orange Black Halloween Fall Statement, Unisex Art-First Sweatshirt",Hoodie,101.43,https://cdn.shopify.com/s/files/1/0788/2358/8067/files/a8bf951a-il_fullxfull.7724266511_o45j.jpg?v=1774790717,"All-over print in black, red tones; full edge-to-edge sublimation coverage on Hoodie",art kid fashion,main character energy,hyperpop streetwear,festival core 2026,all over print,AOP fashion,streetwear,graphic print,bold print,alt fashion,wearable art,festival outfit,This isn't clothing. It's an argument for color.,Guys+Girls,Boundless Bleeds|StreetsmART|Maximalist Motifs,Accessories
9175878729955,"Emerald Shards Luxury Button-Down for Modern Creative Professionals — 115gsm Cotton Poplin AOP, Concealed Placket Geometric Print, Gallery Formalwear, Lapel Collar Dress Shirt",Button-Up Shirt,117.6,https://cdn.shopify.com/s/files/1/0788/2358/8067/files/8327423a-il_fullxfull.7724265605_1un9.jpg?v=1774455900,Geometric vector art print in vivid multicolor tones; full edge-to-edge sublimation coverage on Button-Up Shirt,dopamine dressing,wearable art movement,eclectic maximalism,chromatic therapy,all over print,AOP fashion,festival outfit,rave wear,streetwear,statement piece,graphic print,bold print,Curated chaos for the aesthetically enlightened.,Girls,Boundless Bleeds|Transcendent Artifacts|Vibe-Checked Vectors,
9175878762723,Vibrant Sunset Gradient Silk-Like Pajama Set - Luxury Summer Loungewear for Bold Comfort,Pajama Set,93.92,https://cdn.shopify.com/s/files/1/0788/2358/8067/files/fb8d22a8-il_fullxfull.7676319010_fhee.jpg?v=1774790826,All-over print in vivid multicolor tones; full edge-to-edge sublimation coverage on Pajama Set,dopamine dressing,eclectic maximalism,main character energy,festival core 2026,all over print,AOP fashion,festival outfit,rave wear,streetwear,statement piece,graphic print,bold print,Curated chaos for the aesthetically enlightened.,Guys+Girls,Transcendent Artifacts|Chromatic Overload|Color Riot,
9175878795491,"Cosmic Dot Painting Galaxy Bucket Hat for Astronomy + Festival Lovers — AOP Space Pattern Sun Hat, Made in USA, 3-Size Fit, Wearable Art Statement Headwear, Astronomy Gift",Bucket Hat,41.86,https://cdn.shopify.com/s/files/1/0788/2358/8067/files/90bb8b82-il_fullxfull.7691992936_1yf0.jpg?v=1774455900,Space/galaxy cosmic art print in vivid multicolor tones; full edge-to-edge sublimation coverage on Bucket Hat,main character energy,festival core 2026,art kid fashion,hyperpop streetwear,all over print,AOP fashion,festival outfit,streetwear,statement piece,graphic print,alt fashion,unique gift,"Astral projection, but make it fashion.",Guys+Girls,Astral Syntax|Cosmic Debris|Boundless Bleeds|Transcendent Artifacts,Accessories
9175878828259,Trippy Rasta Splatter Ink Hoodie - Psychedelic Acrylic Pour Sweatshirt for Reggae & Festivals,Hoodie,59.0,https://cdn.shopify.com/s/files/1/0788/2358/8067/files/1460f24a-il_fullxfull.7724265303_1cn7.jpg?v=1774790892,Psychedelic full-coverage print in vivid multicolor tones; full edge-to-edge sublimation coverage on Hoodie,art kid fashion,main character energy,hyperpop streetwear,festival core 2026,all over print,AOP fashion,streetwear,graphic print,bold print,alt fashion,wearable art,festival outfit,Reality is optional. Fashion is mandatory.,Guys+Girls,Boundless Bleeds|Cognitive Drift|StreetsmART|Chromatic Overload,
9175878861027,"Geometric Prism AOP Winter Boots for Artistic Style Collectors — Warm Velvet-Lined Non-Slip Women's Footwear, Bold Pattern Statement Shoes, Wearable Art Winter Fashion",Boots,43.34,https://cdn.shopify.com/s/files/1/0788/2358/8067/files/308c1807-il_fullxfull.7724265535_p650.jpg?v=1774790952,Geometric vector art print in vivid multicolor tones; full edge-to-edge sublimation coverage on Boots,weird girl aesthetic,art kid fashion,quiet chaos aesthetic,main character energy,all over print,AOP fashion,statement piece,alt fashion,wearable art,graphic print,festival outfit,indie aesthetic,This isn't clothing. It's an argument for color.,Girls,Boundless Bleeds|Maximalist Motifs|Transcendent Artifacts|Vibe-Checked Vectors|Tacticolor,
9175878893795,Urban Crowd Faces Designer Blazer - Bold All-Over Print Cotton Suit Jacket for Creatives,Blazer,63.1,https://cdn.shopify.com/s/files/1/0788/2358/8067/files/a4204aa8-il_fullxfull.7739363581_a9bd.jpg?v=1774790717,All-over print in vivid multicolor tones; full edge-to-edge sublimation coverage on Blazer,eclectic maximalism,art kid fashion,main character energy,wearable art movement,all over print,AOP fashion,festival outfit,rave wear,streetwear,statement piece,graphic print,bold print,Your outfit IS the gallery. No admission required.,Guys+Girls,Boundless Bleeds|Chromatic Overload|Color Riot,
9175878926563,"Geometric Graffiti AOP Skater Dress for Creative Women — Vibrant Street Art Party Dress, Flared Hem Gallery Event Outfit, Bold Print Statement Festival Dress",Skater Dress,65.54,https://cdn.shopify.com/s/files/1/0788/2358/8067/files/a5eb58b5-il_fullxfull.7724264905_1vms.jpg?v=1774455901,Graffiti-style street art print in red tones; full edge-to-edge sublimation coverage on Skater Dress,weird girl aesthetic,wearable art movement,dopamine dressing,chromatic therapy,all over print,AOP fashion,wearable art,festival outfit,indie aesthetic,statement piece,graphic print,alt fashion,The spray can is mightier than the sword. Wear the proof.,Guys+Girls,StreetsmART|Boundless Bleeds|Maximalist Motifs|Transcendent Artifacts|Chromatic Overload|Vibe-Checked Vectors,
9175878959331,"Crowd Theory Illustrated Bucket Hat for Urban Maximalists — Dyles Mavis AOP Where's-Waldo Collage, Bold Yellow Festival Headwear, Made in USA, Art-Story Statement Hat",Bucket Hat,41.0,https://cdn.shopify.com/s/files/1/0788/2358/8067/files/e565336e-il_fullxfull.7676317760_i3dx.jpg?v=1774790830,Collage-style sticker bomb print in vivid multicolor tones; full edge-to-edge sublimation coverage on Bucket Hat,main character energy,festival core 2026,art kid fashion,hyperpop streetwear,all over print,AOP fashion,festival outfit,streetwear,statement piece,graphic print,alt fashion,unique gift,"Tag everything, including the algorithm.",Guys+Girls,StreetsmART|Boundless Bleeds|Maximalist Motifs|Chromatic Overload|Ocular Opulence,Accessories
9175878992099,"Crisp Burn Painted Strata Zip Hoodie for Desert Rave Dressers — Sunset Wave AOP Brushed Fleece, Burnt Amber Magenta Electric Blue, Psytrance Festival Statement Layer",Zip-Up Hoodie,100.0,https://cdn.shopify.com/s/files/1/0788/2358/8067/files/crisp-burn-painted-strata-zip-hoodie-sunset-wave-all-over-print-7302564.png?v=1778286006,"All-over print in electric blue, blue tones; full edge-to-edge sublimation coverage on Zip-Up Hoodie",art kid fashion,main character energy,hyperpop streetwear,festival core 2026,all over print,AOP fashion,streetwear,graphic print,bold print,alt fashion,wearable art,festival outfit,No streetlight? You ARE the streetlight.,Girls,Static Frequency|StreetsmART|Boundless Bleeds|Cognitive Drift|Maximalist Motifs|Chromatic Overload,
9175879024867,Vibrant Vector Splash Phone Case - Shockproof Lexan Armor for Bold Maximalist Tech Style,Phone Case,21.0,https://cdn.shopify.com/s/files/1/0788/2358/8067/files/80895f02-il_fullxfull.7676319184_ifkn.jpg?v=1774790832,Geometric vector art print in vivid multicolor tones; full edge-to-edge sublimation coverage on Phone Case,post-internet fashion,dopamine dressing,neuro-spicy style,vivid aura aesthetic,AOP fashion,statement piece,graphic print,alt fashion,indie aesthetic,unique gift,maximalist fashion,bold print,Every outfit has a finishing move. This is it.,Guys+Girls,Chromatic Overload|Color Riot|Static Frequency|Maximalist Motifs|Vibe-Checked Vectors,Accessories
9175879057635,Space Cowboy Retro Polo Shirt - Western Roses & Celestial Night Sky All-Over Print Top,Polo Shirt,103.34,https://cdn.shopify.com/s/files/1/0788/2358/8067/files/ef84362e-il_fullxfull.7724265913_hfy4.jpg?v=1774455877,Space/galaxy cosmic art print in vivid multicolor tones; full edge-to-edge sublimation coverage on Polo Shirt,dopamine dressing,wearable art movement,eclectic maximalism,chromatic therapy,all over print,AOP fashion,festival outfit,rave wear,streetwear,statement piece,graphic print,bold print,Orbit optional. Statement mandatory.,Guys+Girls,Boundless Bleeds|Cosmic Debris|Quantum Bloom|Astral Syntax,
9175879090403,"Prism Punch Tie-Dye Plus Size Leggings for Bold Fitness Dressers — Vibrant High-Waist Festival Activewear Pants, Inclusive AOP Statement Workout Tights",Leggings,80.46,https://cdn.shopify.com/s/files/1/0788/2358/8067/files/71233fb9-il_fullxfull.7739585615_2xge.jpg?v=1774455877,Hand-dyed spiral tie-dye pattern in vivid multicolor tones; full edge-to-edge sublimation coverage on Leggings,dopamine dressing,eclectic maximalism,art kid fashion,main character energy,all over print,AOP fashion,festival outfit,rave wear,streetwear,statement piece,graphic print,bold print,The counterculture grew up. Still wears tie-dye.,Girls,Cognitive Drift|Boundless Bleeds|Chromatic Overload|Color Riot,
9175879123171,Vibrant Psychedelic Swirl Winter Jacket - Fur-Lined 320 GSM Ultra-Warm Streetwear Hoodie,Jacket,64.0,https://cdn.shopify.com/s/files/1/0788/2358/8067/files/vibrant-psychedelic-swirl-winter-jacket-fur-lined-320-gsm-ultra-warm-streetwear-hoodie-6650479.png?v=1778286006,Psychedelic full-coverage print in vivid multicolor tones; full edge-to-edge sublimation coverage on Jacket,art kid fashion,main character energy,hyperpop streetwear,festival core 2026,all over print,AOP fashion,festival outfit,rave wear,streetwear,statement piece,graphic print,bold print,Get lost in the swirl. Never come back.,Guys+Girls,Boundless Bleeds|Cognitive Drift|StreetsmART|Transcendent Artifacts|Chromatic Overload,
9175879188707,Magnetic Maiden AOP Mesh Top | Ethereal Long Sleeve Women's,T-Shirt,75.0,https://cdn.shopify.com/s/files/1/0788/2358/8067/files/28254652-il_fullxfull.7676318738_c3s0.png?v=1778481205,All-over print in vivid multicolor tones; full edge-to-edge sublimation coverage on T-Shirt,dopamine dressing,post-internet fashion,weird girl aesthetic,vivid aura aesthetic,all over print,AOP fashion,festival outfit,rave wear,streetwear,statement piece,graphic print,bold print,Wear what others can't explain.,Girls,Boundless Bleeds|Maximalist Motifs|Transcendent Artifacts|Hypnagogic,
9175879221475,"Electric Abstract Artist Edition Tee for High-Saturation Dressers — Unisex AOP Polyester Festival Shirt, Vibrant Bold Statement Tee, Summer Event Statement, Regular Fit",T-Shirt,59.32,https://cdn.shopify.com/s/files/1/0788/2358/8067/files/9e1e0e71-il_fullxfull.7676318746_cyrz.jpg?v=1774455877,Abstract art aop print in vivid multicolor tones; full edge-to-edge sublimation coverage on T-Shirt,dopamine dressing,post-internet fashion,weird girl aesthetic,vivid aura aesthetic,all over print,AOP fashion,festival outfit,rave wear,streetwear,statement piece,graphic print,bold print,Glow different. Burn brighter.,Girls,Boundless Bleeds|StreetsmART|Static Frequency|Maximalist Motifs|Transcendent Artifacts|Chromatic Overload,
9175879254243,"Neon Snow Hoodie for Cold-Weather Maximalists — Psychedelic Winter AOP, Recycled Polyester Eco Hoodie, Ski Lodge Statement, Brushed Fleece Festival Layer, Unisex Chromatic Print",Hoodie,75.0,https://cdn.shopify.com/s/files/1/0788/2358/8067/files/0c257db2-il_fullxfull.7724266305_klhu.png?v=1779209313,Psychedelic full-coverage print in neon tones; full edge-to-edge sublimation coverage on Hoodie,art kid fashion,main character energy,hyperpop streetwear,festival core 2026,all over print,AOP fashion,streetwear,graphic print,bold print,alt fashion,wearable art,festival outfit,Wear what your pineal gland dreams about.,Guys+Girls,Boundless Bleeds|Static Frequency|Cognitive Drift|Chromatic Overload|StreetsmART|Maximalist Motifs,
9175879287011,"Neon StreetsmArt Graffiti AOP Athletic Joggers for Urban Streetwear Dressers — Vibrant All-Over Print Unisex Activewear, Bold Festival Statement Pants, Custom Sportswear",Joggers,69.24,https://cdn.shopify.com/s/files/1/0788/2358/8067/files/eccffb5a-il_fullxfull.7737025881_s8gk.jpg?v=1774790958,Graffiti-style street art print in neon tones; full edge-to-edge sublimation coverage on Joggers,dopamine dressing,eclectic maximalism,art kid fashion,main character energy,all over print,AOP fashion,festival outfit,rave wear,streetwear,statement piece,graphic print,bold print,The spray can is mightier than the sword. Wear the proof.,Girls,StreetsmART|Boundless Bleeds|Chromatic Overload|Static Frequency|Transcendent Artifacts,
9175879319779,"Ethereal Zebra Psychedelic Button-Up for Creative Professionals — Wave AOP Short Sleeve Maximalist Shirt, Festival Business Casual Crossover, Beach Party Gallery Statement",Button-Up Shirt,35.66,https://cdn.shopify.com/s/files/1/0788/2358/8067/files/d0054102-il_fullxfull.7724264975_f9kb.jpg?v=1774790705,Psychedelic full-coverage print in vivid multicolor tones; full edge-to-edge sublimation coverage on Button-Up Shirt,dopamine dressing,wearable art movement,eclectic maximalism,chromatic therapy,all over print,AOP fashion,festival outfit,rave wear,streetwear,statement piece,graphic print,bold print,Close your eyes. Open your wardrobe. Same difference.,Guys+Girls,Hypnagogic|Static Frequency|Cognitive Drift|Boundless Bleeds|Maximalist Motifs,
9175879352547,Urban Legend All-Over Print Cotton Long Sleeve - Heavyweight 190 GSM Designer Artist Tee,Other,98.06,https://cdn.shopify.com/s/files/1/0788/2358/8067/files/25d9b827-il_fullxfull.7724265749_dp7i.jpg?v=1774790770,All-over print in vivid multicolor tones; full edge-to-edge sublimation coverage on Other,dopamine dressing,eclectic maximalism,main character energy,festival core 2026,all over print,AOP fashion,festival outfit,rave wear,streetwear,statement piece,graphic print,bold print,"The streets called — they want their art back. Too bad, it's yours now.",Guys+Girls,Boundless Bleeds|Chromatic Overload|Color Riot,
9175879385315,Psychedelic Summer Sun Bucket Hat - Bold Rainbow Geometric Headwear for Beach & Festivals,Bucket Hat,41.86,https://cdn.shopify.com/s/files/1/0788/2358/8067/files/db48e946-il_fullxfull.7724265229_7y5u.jpg?v=1774455860,Psychedelic full-coverage print in rainbow tones; full edge-to-edge sublimation coverage on Bucket Hat,main character energy,festival core 2026,art kid fashion,hyperpop streetwear,all over print,AOP fashion,festival outfit,streetwear,statement piece,graphic print,alt fashion,unique gift,Your aura called — it wants to be seen from orbit.,Guys+Girls,Boundless Bleeds|Cognitive Drift|Transcendent Artifacts|Chromatic Overload|Vibe-Checked Vectors,Accessories
9175879483619,"Maximalist AOP Trucker Snapback for Urban Streetwear Collectors — Bold Branded Half-Mesh Cap, Adjustable Festival Street Style Headwear Statement",Snapback Cap,36.76,https://cdn.shopify.com/s/files/1/0788/2358/8067/files/8159b091-il_fullxfull.7676318100_bfrx.jpg?v=1774455861,All-over print in vivid multicolor tones; full edge-to-edge sublimation coverage on Snapback Cap,main character energy,festival core 2026,art kid fashion,hyperpop streetwear,all over print,AOP fashion,festival outfit,rave wear,streetwear,statement piece,graphic print,bold print,Your outfit IS the gallery. No admission required.,Guys+Girls,StreetsmART|Boundless Bleeds|Maximalist Motifs|Transcendent Artifacts,Accessories
9175879516387,Vibrant Abstract Satin Pajama Set - Luxury All-Over Print Loungewear for Bold Sleepwear,Pajama Set,109.0,https://cdn.shopify.com/s/files/1/0788/2358/8067/files/ec2b6d97-il_fullxfull.7724264509_mk4e.jpg?v=1774455860,Abstract art aop print in vivid multicolor tones; full edge-to-edge sublimation coverage on Pajama Set,dopamine dressing,eclectic maximalism,main character energy,festival core 2026,all over print,AOP fashion,festival outfit,rave wear,streetwear,statement piece,graphic print,bold print,Curated chaos for the aesthetically enlightened.,Guys+Girls,Boundless Bleeds|Transcendent Artifacts|Chromatic Overload,
9175879549155,Plurrrple AOP Long Sleeve Shirt Dress | XS–5XL,Shirt Dress,104.82,https://cdn.shopify.com/s/files/1/0788/2358/8067/files/b8f03c0e-il_fullxfull.7676318730_cckj.jpg?v=1774791012,All-over print in vivid multicolor tones; full edge-to-edge sublimation coverage on Shirt Dress,dopamine dressing,wearable art movement,eclectic maximalism,chromatic therapy,all over print,AOP fashion,wearable art,festival outfit,indie aesthetic,statement piece,graphic print,alt fashion,Not a look. A statement of existence.,Girls,Boundless Bleeds|Cognitive Drift|Maximalist Motifs|Transcendent Artifacts,
9175879581923,Banana Slip AOP Zip Hoodie | 250gsm Cut-and-Sewn No-Seam-Break Fleece Jacket — Artist Edition Unisex Streetwear Assembled in USA (XS–3XL),Zip-Up Hoodie,98.55,https://cdn.shopify.com/s/files/1/0788/2358/8067/files/50d446fa-il_fullxfull.7676318828_3mjp.png?v=1778479699,All-over print in vivid multicolor tones; full edge-to-edge sublimation coverage on Zip-Up Hoodie,art kid fashion,main character energy,hyperpop streetwear,festival core 2026,all over print,AOP fashion,streetwear,graphic print,bold print,alt fashion,wearable art,festival outfit,Wear what others can't explain.,Guys+Girls,Boundless Bleeds|StreetsmART|Maximalist Motifs|Color Riot,
9175879614691,"Digital Distortion AOP Hoodie for Modern Rebels — 300gsm Cotton-Poly-Spandex Unisex Pullover, Vibrant All-Over Print Streetwear, Festival Statement Sweatshirt, Bold Fit",Hoodie,75.68,https://cdn.shopify.com/s/files/1/0788/2358/8067/files/e2e8ef94-il_fullxfull.7724264611_sh1g.jpg?v=1774790645,All-over print in vivid multicolor tones; full edge-to-edge sublimation coverage on Hoodie,art kid fashion,main character energy,hyperpop streetwear,festival core 2026,all over print,AOP fashion,streetwear,graphic print,bold print,alt fashion,wearable art,festival outfit,This isn't clothing. It's an argument for color.,Guys+Girls,Boundless Bleeds|StreetsmART|Static Frequency|Transcendent Artifacts|Chromatic Overload,
9175879647459,Psychedelic Splash Waterproof Urban Jacket - Vibrant All-Over Print Windbreaker for Street Style,Jacket,44.57,https://cdn.shopify.com/s/files/1/0788/2358/8067/files/94e37b18-il_fullxfull.7676318424_3264.jpg?v=1774790584,Psychedelic full-coverage print in vivid multicolor tones; full edge-to-edge sublimation coverage on Jacket,eclectic maximalism,art kid fashion,main character energy,wearable art movement,all over print,AOP fashion,festival outfit,rave wear,streetwear,statement piece,graphic print,bold print,Your outfit IS the gallery. No admission required.,Guys+Girls,Boundless Bleeds|StreetsmART|Cognitive Drift|Transcendent Artifacts|Chromatic Overload,
9175879680227,"Geometric Retro Abstract Pajama Pants for Maximalist Loungewear Collectors — Bold AOP Polyester Sleepwear Bottoms, Dopamine Dressing PJs, Cozy Statement Lounge",Pajama Pants,63.0,https://cdn.shopify.com/s/files/1/0788/2358/8067/files/0bcbc966-il_fullxfull.7703815090_eowi.jpg?v=1774790466,Abstract art aop print in vivid multicolor tones; full edge-to-edge sublimation coverage on Pajama Pants,dopamine dressing,eclectic maximalism,art kid fashion,main character energy,all over print,AOP fashion,festival outfit,rave wear,streetwear,statement piece,graphic print,bold print,Curated chaos for the aesthetically enlightened.,Girls,Maximalist Motifs|Boundless Bleeds|Transcendent Artifacts|Chromatic Overload|Vibe-Checked Vectors,
9175879712995,Retro Geometric Abstract Women's Boots - Vibrant Fall Winter Footwear for Creative Style,Boots,41.71,https://cdn.shopify.com/s/files/1/0788/2358/8067/files/4ee1625c-il_fullxfull.7739725965_8fw7.jpg?v=1774790831,Abstract art aop print in vivid multicolor tones; full edge-to-edge sublimation coverage on Boots,weird girl aesthetic,art kid fashion,quiet chaos aesthetic,main character energy,all over print,AOP fashion,statement piece,alt fashion,wearable art,graphic print,festival outfit,indie aesthetic,When mundane isn't in your vocabulary.,Girls,Boundless Bleeds|Vibe-Checked Vectors|Transcendent Artifacts|Chromatic Overload,
9175879745763,Vandals Velvet Martin Short Boots - Designer All-Over Print Combat Boots for Edgy Streetwear,Boots,186.37,https://cdn.shopify.com/s/files/1/0788/2358/8067/files/c2d03dd5-il_fullxfull.7737823389_rcp0.jpg?v=1774790585,All-over print in vivid multicolor tones; full edge-to-edge sublimation coverage on Boots,weird girl aesthetic,art kid fashion,quiet chaos aesthetic,main character energy,all over print,AOP fashion,statement piece,alt fashion,wearable art,graphic print,festival outfit,indie aesthetic,Wear what others can't explain.,Guys+Girls,StreetsmART|Boundless Bleeds|Transcendent Artifacts|Tacticolor,
9175879778531,Urban Brushstroke Artist Zip Jacket - Vibrant All-Over Print Windbreaker for Modern Creatives,Jacket,55.76,https://cdn.shopify.com/s/files/1/0788/2358/8067/files/1566eaa5-il_fullxfull.7676318380_3k6v.jpg?v=1774791017,All-over print in vivid multicolor tones; full edge-to-edge sublimation coverage on Jacket,eclectic maximalism,art kid fashion,main character energy,wearable art movement,all over print,AOP fashion,festival outfit,rave wear,streetwear,statement piece,graphic print,bold print,Carry the city on your back. Wear the walls that shaped you.,Guys+Girls,Boundless Bleeds|Chromatic Overload|Color Riot,
9175879811299,Vibrant Wave Art Maximalist Pullover - Abstract Geometric Sweatshirt for Artistic Expression,Sweatshirts,40.0,https://cdn.shopify.com/s/files/1/0788/2358/8067/files/vibrant-wave-art-maximalist-pullover-abstract-geometric-sweatshirt-for-artistic-expression-3047926.png?v=1778286006,Abstract art aop print in vivid multicolor tones; full edge-to-edge sublimation coverage on Sweatshirts,art kid fashion,eclectic maximalism,main character energy,serotonin boost fashion,all over print,AOP fashion,festival outfit,rave wear,streetwear,statement piece,graphic print,bold print,Your body is the canvas. Act accordingly.,Guys+Girls,Boundless Bleeds|Static Frequency|Maximalist Motifs|Transcendent Artifacts|Chromatic Overload|Vibe-Checked Vectors,
9175879844067,Psychedelic Weave Urban Windbreaker - Vibrant All-Over Print Jacket for Festival Streetwear,Windbreaker,44.57,https://cdn.shopify.com/s/files/1/0788/2358/8067/files/3752eb6a-il_fullxfull.7724265053_17cc.jpg?v=1774790584,Psychedelic full-coverage print in vivid multicolor tones; full edge-to-edge sublimation coverage on Windbreaker,eclectic maximalism,art kid fashion,main character energy,wearable art movement,all over print,AOP fashion,festival outfit,rave wear,streetwear,statement piece,graphic print,bold print,The spray can is mightier than the sword. Wear the proof.,Guys+Girls,Boundless Bleeds|StreetsmART|Cognitive Drift|Chromatic Overload,
9175879876835,"Maximalist Paint Splash Leggings for Plus Size Self-Expressers — Abstract Expressionist AOP Tights, Festival Yoga Wear, Inclusive Bold Activewear, High-Waist Statement Bottoms",Leggings,80.46,https://cdn.shopify.com/s/files/1/0788/2358/8067/files/fd44450b-il_fullxfull.7748707827_qlw5.png?v=1778389096,Abstract art aop print in vivid multicolor tones; full edge-to-edge sublimation coverage on Leggings,dopamine dressing,eclectic maximalism,main character energy,festival core 2026,all over print,AOP fashion,festival outfit,rave wear,streetwear,statement piece,graphic print,bold print,When mundane isn't in your vocabulary.,Guys+Girls,Boundless Bleeds|Maximalist Motifs|Cognitive Drift|Transcendent Artifacts|Chromatic Overload,
9175879909603,True Flower Child Vector Pajama Set - Whimsical Bohemian Loungewear for Artsy Dreamers,Pajama Set,48.0,https://cdn.shopify.com/s/files/1/0788/2358/8067/files/f3c9f5af-il_fullxfull.7689842658_ljuz.png?v=1779209052,Geometric vector art print in vivid multicolor tones; full edge-to-edge sublimation coverage on Pajama Set,dopamine dressing,eclectic maximalism,main character energy,festival core 2026,all over print,AOP fashion,festival outfit,rave wear,streetwear,statement piece,graphic print,bold print,Wear the whole garden. Let the sidewalk be your runway.,Youth,Transcendent Artifacts|Quantum Bloom|Avant-Kindergarden™|Vibe-Checked Vectors|Hypnagogic,
9175879975139,Psychedelic Swirl Camp Shirt - Vibrant Maximalist Hawaiian Shirt for Summer Festivals,Hawaiian Shirt,119.0,https://cdn.shopify.com/s/files/1/0788/2358/8067/files/c1a83252-il_fullxfull.7691112958_6xp0.jpg?v=1774790466,Psychedelic full-coverage print in vivid multicolor tones; full edge-to-edge sublimation coverage on Hawaiian Shirt,dopamine dressing,wearable art movement,eclectic maximalism,chromatic therapy,all over print,AOP fashion,festival outfit,rave wear,streetwear,statement piece,graphic print,bold print,The universe expands. So does your wardrobe.,Guys+Girls,Boundless Bleeds|Cognitive Drift|Maximalist Motifs|Chromatic Overload,
9175880007907,"Glitchcore Jersey for Digital Maximalists — AI Art AOP Basketball Tank, Moisture-Wicking Festival Activewear, Neon Digital Streetwear, Rave Uniform, Odor-Resistant Statement Jersey",Tank Top,49.0,https://cdn.shopify.com/s/files/1/0788/2358/8067/files/b8c9eac9-il_fullxfull.7705279086_oh9g.png?v=1778391522,All-over print in neon tones; full edge-to-edge sublimation coverage on Tank Top,dopamine dressing,eclectic maximalism,main character energy,festival core 2026,all over print,AOP fashion,festival outfit,rave wear,streetwear,statement piece,graphic print,bold print,Your drip is a public service announcement.,Guys+Girls,Static Frequency|Boundless Bleeds|Maximalist Motifs|Chromatic Overload|StreetsmART|Cognitive Drift,
9175880040675,"Nature Calls Abstract Leaf AOP Bucket Hat for Gorpcore Outdoor Dressers — Earthy Autumn Primal Prints Sun Hat, Hiking Camping Festival Headwear, Bold Seasonal Statement",Bucket Hat,41.86,https://cdn.shopify.com/s/files/1/0788/2358/8067/files/fdd7affe-il_fullxfull.7689724844_kqtb.jpg?v=1774790526,Abstract art aop print in vivid multicolor tones; full edge-to-edge sublimation coverage on Bucket Hat,main character energy,festival core 2026,art kid fashion,hyperpop streetwear,all over print,AOP fashion,festival outfit,streetwear,statement piece,graphic print,alt fashion,unique gift,Small format. Maximum impact.,Girls,Primal Prints|StreetsmART|Boundless Bleeds|Cosmic Debris|Transcendent Artifacts|Vibe-Checked Vectors,Accessories
9175880073443,Stained Glass Geometric Sweatshirt Multicolor Abstract Art Block Pattern Unisex Pullover,Sweatshirt,101.14,https://cdn.shopify.com/s/files/1/0788/2358/8067/files/Hyperrealistic_8k_cinematic_studio_photography_sub_303784edd6_3501db3f-a339-472b-aae0-da176af4a28c.jpg?v=1774790585,Abstract art aop print in multicolor tones; full edge-to-edge sublimation coverage on Sweatshirt,art kid fashion,eclectic maximalism,main character energy,serotonin boost fashion,all over print,AOP fashion,festival outfit,rave wear,streetwear,statement piece,graphic print,bold print,When mundane isn't in your vocabulary.,Guys+Girls,Boundless Bleeds|Maximalist Motifs|Transcendent Artifacts|Chromatic Overload|Color Riot|Vibe-Checked Vectors,
9175880106211,"Maximalist Beach Towel for Art-Forward Summer Dressers — Abstract Paint Splash AOP Microfiber, Festival Pool Gear, Bold Summer Accessory, Quick-Dry Art Towel, Artistic Beach Gift",Beach Towel,39.08,https://cdn.shopify.com/s/files/1/0788/2358/8067/files/ff09513c-il_fullxfull.7724264917_3yhn.png?v=1778425008,Abstract art aop print in vivid multicolor tones; full edge-to-edge sublimation coverage on Beach Towel,weird girl aesthetic,wearable art movement,dopamine dressing,chromatic therapy,all over print,AOP fashion,festival outfit,rave wear,streetwear,statement piece,graphic print,bold print,Your walls should scream as loud as your fit.,Girls,Boundless Bleeds|Maximalist Motifs|Transcendent Artifacts|Chromatic Overload,Home & Living|Accessories
9175880138979,Rainbow Fish Primal Print Hoodie - Vibrant Aquatic Art Sweatshirt for Bold Streetwear,Hoodie,63.07,https://cdn.shopify.com/s/files/1/0788/2358/8067/files/866d1994-il_fullxfull.7738018623_3l4c.jpg?v=1774790472,All-over print in rainbow tones; full edge-to-edge sublimation coverage on Hoodie,art kid fashion,main character energy,hyperpop streetwear,festival core 2026,all over print,AOP fashion,streetwear,graphic print,bold print,alt fashion,wearable art,festival outfit,This isn't clothing. It's an argument for color.,Guys+Girls,Boundless Bleeds|Chromatic Overload|StreetsmART,
9175880171747,Vibrant Water Splash Hoodie – Psychedelic Fluid Art Pullover,Hoodie,59.99,https://cdn.shopify.com/s/files/1/0788/2358/8067/files/vibrant-water-splash-hoodie-psychedelic-fluid-art-pullover-9939922.png?v=1778286006,Psychedelic full-coverage print in vivid multicolor tones; full edge-to-edge sublimation coverage on Hoodie,art kid fashion,main character energy,hyperpop streetwear,festival core 2026,all over print,AOP fashion,streetwear,graphic print,bold print,alt fashion,wearable art,festival outfit,Wear what your pineal gland dreams about.,Guys+Girls,Boundless Bleeds|Static Frequency|Cognitive Drift|StreetsmART|Maximalist Motifs|Chromatic Overload,
9176120393955,"Graffiti Urban Street Art Reversible Bucket Hat for Hip-Hop Maximalists — Multicolor AOP Typography Print, Both Sides Printed, Festival Streetwear Statement Headwear",Bucket Hat,40.0,https://cdn.shopify.com/s/files/1/0788/2358/8067/files/Model_wearing_clothing_article_9744de8c4e.jpg?v=1774790711,Graffiti-style street art print in multicolor tones; full edge-to-edge sublimation coverage on Bucket Hat,main character energy,festival core 2026,art kid fashion,hyperpop streetwear,all over print,AOP fashion,festival outfit,streetwear,statement piece,graphic print,alt fashion,unique gift,The spray can is mightier than the sword. Wear the proof.,Guys+Girls,StreetsmART|Boundless Bleeds|Maximalist Motifs|Color Riot,Accessories
9176123769059,Wide Leg Pants Unisex Custom Print Streetwear Lounge Joggers Drawstring Comfort Fit,Pants,49.0,https://cdn.shopify.com/s/files/1/0788/2358/8067/files/all-over-print-unisex-wide-leg-pants-white-front-69b29b94c8999.jpg?v=1774790897,All-over print in vivid multicolor tones; full edge-to-edge sublimation coverage on Pants,dopamine dressing,eclectic maximalism,art kid fashion,main character energy,all over print,AOP fashion,festival outfit,rave wear,streetwear,statement piece,graphic print,bold print,Not a look. A statement of existence.,Guys+Girls,Boundless Bleeds|StreetsmART|Static Frequency|Transcendent Artifacts,
9184084590819,"Maximalist AOP Two-Button Suit | 260gsm British-Fabric Blazer + Trouser Set — Silk-Lined Statement Formalwear for Weddings, Galleries, Graduations & Boardroom Subversion (S–5XL)",Suit,62.53,https://cdn.shopify.com/s/files/1/0788/2358/8067/files/260gsm-two-button-suitall-over-printing-5000509.png?v=1778286007,All-over print in vivid multicolor tones; full edge-to-edge sublimation coverage on Suit,wearable art movement,eclectic maximalism,dopamine dressing,chromatic therapy,all over print,AOP fashion,festival outfit,rave wear,streetwear,statement piece,graphic print,bold print,Art shouldn't stay on walls. Let it walk.,Guys+Girls,Boundless Bleeds|Cognitive Drift|Maximalist Motifs|Transcendent Artifacts,
9184105824483,Graffiti Mashup AOP Bomber Jacket — White Street-Tag Collage Statement Outerwear for Urban Art Collectors,Bomber Jacket,91.0,https://cdn.shopify.com/s/files/1/0788/2358/8067/files/all-over-print-unisex-bomber-jacket-white-front-69b6dce6e221f.png?v=1779613809,Graffiti-style street art print in white tones; full edge-to-edge sublimation coverage on Bomber Jacket,art kid fashion,main character energy,eclectic maximalism,quiet chaos aesthetic,all over print,AOP fashion,festival outfit,rave wear,streetwear,statement piece,graphic print,bold print,Carry the city on your back. Wear the walls that shaped you.,Guys+Girls,StreetsmART|Boundless Bleeds|Transcendent Artifacts,
9184218874083,Lightning Complex Abstract Art Flannel Blanket – Storm Aesthetic Maximalist Bedding (60x80in),Blanket,76.33,https://cdn.shopify.com/s/files/1/0788/2358/8067/files/5694350e26907452c0c5a9b70247a7a3.jpg?v=1774455997,Abstract art aop print in vivid multicolor tones; full edge-to-edge sublimation coverage on Blanket,serotonin boost fashion,dopamine dressing,wearable art movement,quiet chaos aesthetic,all over print,AOP fashion,festival outfit,rave wear,streetwear,statement piece,graphic print,bold print,Your drip is a public service announcement.,Guys+Girls,Maximalist Motifs|Static Frequency|Cognitive Drift|Transcendent Artifacts|Hyperdensity,Home & Living
9184219070691,Lightning Complex Abstract Art Flannel Blanket 70x80 Cozy Mindful Comfort With Sustainable Warmth,Blanket,82.93,https://cdn.shopify.com/s/files/1/0788/2358/8067/files/27f42ab3812bc19263fcb4c7304e2657.jpg?v=1774455998,Abstract art aop print in vivid multicolor tones; full edge-to-edge sublimation coverage on Blanket,serotonin boost fashion,dopamine dressing,wearable art movement,quiet chaos aesthetic,all over print,AOP fashion,festival outfit,rave wear,streetwear,statement piece,graphic print,bold print,"When you walk in, the room adjusts its brightness.",Guys+Girls,Maximalist Motifs|Static Frequency|Cognitive Drift|Transcendent Artifacts|Hyperdensity,Home & Living
9184219234531,"Lightning Complex AOP Flannel Throw Blanket 30""×40"" | Psychedelic Ribbon-Wave Maximalist Couch Blanket (280gsm, Dual-Sided Print)",Throw Blanket,33.76,https://cdn.shopify.com/s/files/1/0788/2358/8067/files/d95fcf23e6f9012d11a9c3e73a75ee05.jpg?v=1774456094,Psychedelic full-coverage print in vivid multicolor tones; full edge-to-edge sublimation coverage on Throw Blanket,serotonin boost fashion,dopamine dressing,wearable art movement,quiet chaos aesthetic,all over print,AOP fashion,festival outfit,rave wear,streetwear,statement piece,graphic print,bold print,Close your eyes. Open your wardrobe. Same difference.,Guys+Girls,Static Frequency|Cognitive Drift|Boundless Bleeds|Maximalist Motifs|Transcendent Artifacts|Chromatic Overload,Home & Living
9184219300067,Chill Grommet Curtains For Work Life Balance And Eco Style,Curtain,90.73,https://cdn.shopify.com/s/files/1/0788/2358/8067/files/9d2918df86c7165b6ceec4ca9cb83f07.jpg?v=1774456094,All-over print in vivid multicolor tones; full edge-to-edge sublimation coverage on Curtain,dopamine dressing,eclectic maximalism,main character energy,festival core 2026,all over print,AOP fashion,festival outfit,rave wear,streetwear,statement piece,graphic print,bold print,Wear what others can't explain.,Guys+Girls,Transcendent Artifacts|Chromatic Overload|Color Riot,Home & Living
9184219365603,"Lightning Complex AOP Flannel Fleece Blanket 40""×50"" | Psychedelic Ribbon-Wave Maximalist Throw (250gsm)",Throw Blanket,24.95,https://cdn.shopify.com/s/files/1/0788/2358/8067/files/fceec3346e9bebd072467a029d38ab13.jpg?v=1774456095,Psychedelic full-coverage print in vivid multicolor tones; full edge-to-edge sublimation coverage on Throw Blanket,serotonin boost fashion,dopamine dressing,wearable art movement,quiet chaos aesthetic,all over print,AOP fashion,festival outfit,rave wear,streetwear,statement piece,graphic print,bold print,Your aura called — it wants to be seen from orbit.,Guys+Girls,Static Frequency|Cognitive Drift|Boundless Bleeds|Maximalist Motifs|Transcendent Artifacts|Chromatic Overload,Home & Living
9184219398371,"Lightning Complex AOP Vintage Flannel Blanket 50""×60"" | Psychedelic Ribbon-Wave Maximalist Throw (250gsm)",Throw Blanket,29.81,https://cdn.shopify.com/s/files/1/0788/2358/8067/files/c40df9cee4552bb6104448cb8479cd9c.jpg?v=1774456095,Psychedelic full-coverage print in vivid multicolor tones; full edge-to-edge sublimation coverage on Throw Blanket,serotonin boost fashion,dopamine dressing,wearable art movement,quiet chaos aesthetic,all over print,AOP fashion,festival outfit,rave wear,streetwear,statement piece,graphic print,bold print,Wear what your pineal gland dreams about.,Guys+Girls,Static Frequency|Cognitive Drift|StreetsmART|Boundless Bleeds|Maximalist Motifs|Transcendent Artifacts,Home & Living
9184467976419,Shattered Mosaic Shirt & Shorts Set — Stone & Amber Fragment AOP Matching Two-Piece Summer Fit,Shorts,41.62,https://cdn.shopify.com/s/files/1/0788/2358/8067/files/3e176ecea97b9d8ac0027668b800afb1.png?v=1778715983,All-over print in red tones; full edge-to-edge sublimation coverage on Shorts,dopamine dressing,wearable art movement,eclectic maximalism,chromatic therapy,all over print,AOP fashion,festival outfit,rave wear,streetwear,statement piece,graphic print,bold print,Art shouldn't stay on walls. Let it walk.,Guys+Girls,Boundless Bleeds|Chromatic Overload|Color Riot,Accessories
9184468140259,Maximalist AOP Plush-Lined Full-Zip Hoodie | 480gsm Scuba-Shell Heavyweight Cold-Weather Streetwear — Festival Winter Statement Layer (S–5XL),Zip-Up Hoodie,71.97,https://cdn.shopify.com/s/files/1/0788/2358/8067/files/230gsm-full-zip-up-hoodie-with-plush-liningall-over-printing-2137119.png?v=1778286007,All-over print in vivid multicolor tones; full edge-to-edge sublimation coverage on Zip-Up Hoodie,art kid fashion,main character energy,hyperpop streetwear,festival core 2026,all over print,AOP fashion,streetwear,graphic print,bold print,alt fashion,wearable art,festival outfit,When mundane isn't in your vocabulary.,Guys+Girls,Boundless Bleeds|StreetsmART|Cognitive Drift|Maximalist Motifs,
9184472826083,Shattered Mosaic Faux Linen Shirt — Stone & Amber Stained-Glass AOP Long Sleeve with Pocket,Button-Up Shirt,32.81,https://cdn.shopify.com/s/files/1/0788/2358/8067/files/8ca5f1562fcfe8d71791c26feaaba3a3.png?v=1778721747,All-over print in red tones; full edge-to-edge sublimation coverage on Button-Up Shirt,dopamine dressing,wearable art movement,eclectic maximalism,chromatic therapy,all over print,AOP fashion,festival outfit,rave wear,streetwear,statement piece,graphic print,bold print,Wear what others can't explain.,Guys+Girls,Boundless Bleeds|Chromatic Overload|Color Riot,Accessories
9184472957155,Graffiti Frame Cotton Tank Top — Teal Tank with Street Art Chest Print for Summer Sessions,Tank Top,23.26,https://cdn.shopify.com/s/files/1/0788/2358/8067/files/003bd9aa1c6bdf0d70e03531464a7c41.png?v=1778721895,Graffiti-style street art print in vivid multicolor tones; full edge-to-edge sublimation coverage on Tank Top,dopamine dressing,eclectic maximalism,main character energy,festival core 2026,all over print,AOP fashion,festival outfit,rave wear,streetwear,statement piece,graphic print,bold print,Carry the city on your back. Wear the walls that shaped you.,Guys+Girls,Boundless Bleeds|StreetsmART|Chromatic Overload,
9184473481443,Shattered Mosaic Compression Shorts — Stone & Amber Fragment AOP Base Layer for Bold Training,Compression Shorts,25.95,https://cdn.shopify.com/s/files/1/0788/2358/8067/files/72337b9146469dc3eef4fa34d7bff85d.png?v=1778721654,All-over print in red tones; full edge-to-edge sublimation coverage on Compression Shorts,festival core 2026,dopamine dressing,chromatic therapy,vivid aura aesthetic,all over print,AOP fashion,festival outfit,rave wear,streetwear,statement piece,graphic print,bold print,Your body is the canvas. Act accordingly.,Guys+Girls,Boundless Bleeds|Transcendent Artifacts|Chromatic Overload,Accessories
9184477446371,"Maximalist AOP Quick-Dry Men's Athletic Mesh Tank Top | 170gsm Moisture-Wicking Performance Vest — Gym, Court, Festival & Streetwear Crossover Statement (S–3XL)",Tank Top,20.0,https://cdn.shopify.com/s/files/1/0788/2358/8067/files/0f835c78ed272403a8366629eafc4258.png?v=1778388796,All-over print in vivid multicolor tones; full edge-to-edge sublimation coverage on Tank Top,dopamine dressing,eclectic maximalism,main character energy,festival core 2026,all over print,AOP fashion,festival outfit,rave wear,streetwear,statement piece,graphic print,bold print,Curated chaos for the aesthetically enlightened.,Guys,Boundless Bleeds|StreetsmART|Cognitive Drift|Maximalist Motifs,
9184478396643,Shattered Mosaic Hooded Trench Coat — Stone & Amber Stained-Glass AOP Short Rain Layer for Urban Rebels,Coat,55.5,https://cdn.shopify.com/s/files/1/0788/2358/8067/files/afa327ec4858ee8df2e221c08a298fc6.png?v=1778721822,All-over print in red tones; full edge-to-edge sublimation coverage on Coat,main character energy,festival core 2026,art kid fashion,hyperpop streetwear,all over print,AOP fashion,festival outfit,rave wear,streetwear,statement piece,graphic print,bold print,"Tag everything, including the algorithm.",Guys+Girls,Boundless Bleeds|Chromatic Overload|Color Riot,Accessories
9185450131683,"Bubble Bloom Abstract Art Print — Custom-Sized Museum-Grade Giclée, Multicolor Circle Pop Wall Art",Art Print,77.22,https://cdn.shopify.com/s/files/1/0788/2358/8067/files/2943713_custom-sized-art-prints_0.jpg?v=1774791010,Abstract art aop print in multicolor tones; full edge-to-edge sublimation coverage on Art Print,dopamine dressing,eclectic maximalism,main character energy,festival core 2026,all over print,AOP fashion,festival outfit,rave wear,streetwear,statement piece,graphic print,bold print,Wear the whole garden. Let the sidewalk be your runway.,Guys+Girls,Primal Prints|Transcendent Artifacts|Quantum Bloom|Color Riot,
9185451049187,"Graffiti Tag Wall Leather Wallet for Streetwear Collectors — Urban Spray-Paint AOP Bifold, Handmade to Order",Wallet,105.0,https://cdn.shopify.com/s/files/1/0788/2358/8067/files/rn-image_picker_lib_temp_ef0a37bb-2288-4078-822f-65240cff0363.jpg?v=1781511278,Graffiti-style street art print in vivid multicolor tones; full edge-to-edge sublimation coverage on Wallet,dopamine dressing,eclectic maximalism,main character energy,festival core 2026,all over print,AOP fashion,festival outfit,rave wear,streetwear,statement piece,graphic print,bold print,Carry the city on your back. Wear the walls that shaped you.,Guys+Girls,StreetsmART|Boundless Bleeds|Chromatic Overload,
9185451606243,"AOP Hazmat Suit Costume for Bold Festival and Event Dressers — All-Over Print Statement Costume, Rave Halloween Statement Suit, Maximalist Wearable Art",Costume,143.0,https://cdn.shopify.com/s/files/1/0788/2358/8067/files/2943859_0_3d.png?v=1778721454,All-over print in vivid multicolor tones; full edge-to-edge sublimation coverage on Costume,weird girl aesthetic,wearable art movement,dopamine dressing,chromatic therapy,all over print,AOP fashion,festival outfit,rave wear,streetwear,statement piece,graphic print,bold print,Your body is the canvas. Act accordingly.,Girls,Boundless Bleeds|Maximalist Motifs|Chromatic Overload,
9185452687587,"Venomous Custom Print Shirt | Silk, Linen, or Organic Cotton",Mens Short Sleeve Shirt,150.0,https://cdn.shopify.com/s/files/1/0788/2358/8067/files/venomous-custom-print-shirt-silk-linen-or-organic-cotton-9199316.png?v=1778120107,All-over print in vivid multicolor tones; full edge-to-edge sublimation coverage on Mens Short Sleeve Shirt,dopamine dressing,wearable art movement,eclectic maximalism,chromatic therapy,all over print,AOP fashion,festival outfit,rave wear,streetwear,statement piece,graphic print,bold print,Art shouldn't stay on walls. Let it walk.,Guys,Boundless Bleeds|Maximalist Motifs|Transcendent Artifacts,
9185454883043,"Color Riot Abstract Table Runner — Warm Rainbow Paint Collage Woven Twill, Maximalist Dining Decor",Table Runner,56.0,https://cdn.shopify.com/s/files/1/0788/2358/8067/files/2944703_0_3d.jpg?v=1774790944,Abstract art aop print in rainbow tones; full edge-to-edge sublimation coverage on Table Runner,dopamine dressing,eclectic maximalism,main character energy,festival core 2026,all over print,AOP fashion,festival outfit,rave wear,streetwear,statement piece,graphic print,bold print,When mundane isn't in your vocabulary.,Guys+Girls,StreetsmART|Maximalist Motifs|Transcendent Artifacts|Chromatic Overload|Color Riot,
9185455341795,"Paint Splat Confetti Leather Wallet — White Multicolor Drip-Dot AOP Bifold, Wearable Art Carry",Wallet,105.0,https://cdn.shopify.com/s/files/1/0788/2358/8067/files/2944776_0_3d.png?v=1778721589,"All-over print in multicolor, white tones; full edge-to-edge sublimation coverage on Wallet",dopamine dressing,eclectic maximalism,main character energy,festival core 2026,all over print,AOP fashion,festival outfit,rave wear,streetwear,statement piece,graphic print,bold print,Your walls should scream as loud as your fit.,Guys+Girls,Boundless Bleeds|Color Riot|Chromatic Overload,
9185455669475,"Cell Bloom AOP Boxer Shorts | Premium Handmade Microfiber Loungewear — Psychedelic Neon Cellular Print Underwear for Maximalist Comfort, Beach & Sleepwear",Boxer Shorts,75.0,https://cdn.shopify.com/s/files/1/0788/2358/8067/files/2944928_0_3d.jpg?v=1774790231,Psychedelic full-coverage print in neon tones; full edge-to-edge sublimation coverage on Boxer Shorts,festival core 2026,dopamine dressing,chromatic therapy,vivid aura aesthetic,all over print,AOP fashion,festival outfit,rave wear,streetwear,statement piece,graphic print,bold print,Flora is your armor. Bloom where you stand.,Guys+Girls,Boundless Bleeds|Cognitive Drift|Primal Prints|Static Frequency|Maximalist Motifs|Transcendent Artifacts,
9185456292067,Solar Burst Tie-Dye AOP Bolster Pillow | Premium Handmade Long Cushion — Psychedelic Flame Pattern Maximalist Couch Decor for Statement Interiors,Bolster Pillow,51.96,https://cdn.shopify.com/s/files/1/0788/2358/8067/files/2944940_0_3d.jpg?v=1774790285,Hand-dyed spiral tie-dye pattern in vivid multicolor tones; full edge-to-edge sublimation coverage on Bolster Pillow,dopamine dressing,eclectic maximalism,main character energy,festival core 2026,all over print,AOP fashion,festival outfit,rave wear,streetwear,statement piece,graphic print,bold print,Tie-dye never left. It was waiting for you.,Guys+Girls,Cognitive Drift|Transcendent Artifacts|Boundless Bleeds|Maximalist Motifs|Chromatic Overload|Color Riot,
9191710589155,Flannel Ladies Cotton Slippers,Slides,24.3,https://cdn.shopify.com/s/files/1/0788/2358/8067/files/d3176134a1515fa45ce103aebe1af434.jpg?v=1774456279,All-over print in vivid multicolor tones; full edge-to-edge sublimation coverage on Slides,dopamine dressing,eclectic maximalism,main character energy,festival core 2026,all over print,AOP fashion,festival outfit,rave wear,streetwear,statement piece,graphic print,bold print,Art shouldn't stay on walls. Let it walk.,Girls,Transcendent Artifacts|Chromatic Overload|Color Riot,
9191710720227,Paint Storm — Abstract Expressionist Brushstroke Festival Headband | Multipurpose Neck Gaiter Wrap,Headband,22.0,https://cdn.shopify.com/s/files/1/0788/2358/8067/files/a158881e7f03ae7c7f54275c1af1ba5e.jpg?v=1774456279,Abstract art aop print in vivid multicolor tones; full edge-to-edge sublimation coverage on Headband,dopamine dressing,eclectic maximalism,main character energy,festival core 2026,all over print,AOP fashion,festival outfit,rave wear,streetwear,statement piece,graphic print,bold print,When mundane isn't in your vocabulary.,Guys+Girls,StreetsmART|Boundless Bleeds|Maximalist Motifs,
9191710851299,"Paint Smear Knit Beanie — Crimson & Teal Brushstroke AOP Winter Hat, Loud Cold-Weather Accessory",Beanie,14.07,https://cdn.shopify.com/s/files/1/0788/2358/8067/files/d376f8d072e12a653a5c30b672e4818d.png?v=1778721325,All-over print in crimson tones; full edge-to-edge sublimation coverage on Beanie,main character energy,festival core 2026,art kid fashion,hyperpop streetwear,all over print,AOP fashion,streetwear,statement piece,graphic print,alt fashion,unique gift,indie aesthetic,The details make the drip.,Guys+Girls,Boundless Bleeds|Chromatic Overload|Color Riot,Accessories
9191711015139,"Painted Camo Striped Stockings — Multicolor Brush-Dab Knee Socks, Loud Sock Game",Socks,5.38,https://cdn.shopify.com/s/files/1/0788/2358/8067/files/912f2535114fc277638f0740f87aa701.jpg?v=1774456280,All-over print in multicolor tones; full edge-to-edge sublimation coverage on Socks,dopamine dressing,eclectic maximalism,main character energy,festival core 2026,all over print,AOP fashion,festival outfit,rave wear,streetwear,statement piece,graphic print,bold print,This isn't clothing. It's an argument for color.,Guys+Girls,Chromatic Overload|Color Riot|Maximalist Motifs,Accessories
9191711178979,Painted Camo Guitar Pick Necklace — Multicolor Brush-Dab Pendant for Music Heads,Necklace,8.4,https://cdn.shopify.com/s/files/1/0788/2358/8067/files/30249b4c0610dd0419772162c2aae15c.jpg?v=1774456280,All-over print in multicolor tones; full edge-to-edge sublimation coverage on Necklace,dopamine dressing,eclectic maximalism,main character energy,festival core 2026,all over print,AOP fashion,festival outfit,rave wear,streetwear,statement piece,graphic print,bold print,Your body is the canvas. Act accordingly.,Guys+Girls,Chromatic Overload|Color Riot|Maximalist Motifs,
9191711310051,Sticker for PS5 Slim Controller Console (Digital Edition),Gaming Accessory,12.83,https://cdn.shopify.com/s/files/1/0788/2358/8067/files/b81b5f3c35d47f2c06f4012a334e74d5.jpg?v=1774456126,All-over print in vivid multicolor tones; full edge-to-edge sublimation coverage on Gaming Accessory,dopamine dressing,eclectic maximalism,main character energy,festival core 2026,all over print,AOP fashion,festival outfit,rave wear,streetwear,statement piece,graphic print,bold print,Art shouldn't stay on walls. Let it walk.,Guys+Girls,Static Frequency|Chromatic Overload|Color Riot,
9191711506659,Laptop Case (1 Picture on 2 Sides),Laptop Case,11.24,https://cdn.shopify.com/s/files/1/0788/2358/8067/files/f136380cf4fa84d177c6658ccb9a6ffd.jpg?v=1774456126,All-over print in vivid multicolor tones; full edge-to-edge sublimation coverage on Laptop Case,dopamine dressing,eclectic maximalism,main character energy,festival core 2026,all over print,AOP fashion,festival outfit,rave wear,streetwear,statement piece,graphic print,bold print,You had the fit. Now complete it.,Guys+Girls,Boundless Bleeds|Static Frequency|Chromatic Overload,
9191711670499,"Maximalist Six-Way Scarf for Aesthetic Collectors — Abstract AOP Silk-Feel Square, Wearable Art Neckerchief, Festival Hair Wrap, Gift Under $15, Bold Print Bag Charm Accessory",Scarf,12.96,https://cdn.shopify.com/s/files/1/0788/2358/8067/files/abstract-print-square-scarf-sublimated-aop-silk-feel-27-6164966.png?v=1778120107,Abstract art aop print in vivid multicolor tones; full edge-to-edge sublimation coverage on Scarf,weird girl aesthetic,wearable art movement,eclectic maximalism,dopamine dressing,all over print,AOP fashion,festival outfit,rave wear,streetwear,statement piece,graphic print,bold print,The details make the drip.,Guys+Girls,Maximalist Motifs|Boundless Bleeds|Transcendent Artifacts,Accessories
9191711899875,Painters' Plume AOP Bent Brim Snapback Cap | Brushstroke Feather Print 6-Panel Curved Brim Streetwear Hat for Art-School Aesthetics & Creative Souls,Snapback Cap,20.0,https://cdn.shopify.com/s/files/1/0788/2358/8067/files/2bf70c004e55643c8d7a537547071323_d2bf52b0-f717-476b-ab66-5dfde99b205c.png?v=1778722160,All-over print in vivid multicolor tones; full edge-to-edge sublimation coverage on Snapback Cap,main character energy,festival core 2026,art kid fashion,hyperpop streetwear,all over print,AOP fashion,festival outfit,rave wear,streetwear,statement piece,graphic print,bold print,The future of fashion isn't quiet.,Guys+Girls,Boundless Bleeds|StreetsmART|Maximalist Motifs,Accessories
9191712030947,"Painted Camo Neck Gaiter — Multicolor Brush-Dab AOP Face Cover for Festival, Trail & Slope Days",Neck Gaiter,6.17,https://cdn.shopify.com/s/files/1/0788/2358/8067/files/f37f386e0d805e4dcb5ed4d803d40b68.png?v=1778722025,All-over print in multicolor tones; full edge-to-edge sublimation coverage on Neck Gaiter,dopamine dressing,eclectic maximalism,main character energy,festival core 2026,all over print,AOP fashion,festival outfit,rave wear,streetwear,statement piece,graphic print,bold print,Your body is the canvas. Act accordingly.,Guys+Girls,Boundless Bleeds|Chromatic Overload|Color Riot,
9191712391395,"Main Character AOP Adult Bucket Hat | Full-Panel Zero-Blank-Space Sublimation Print — One-Size Festival, Beach & Statement Summer Headwear",Bucket Hat,20.0,https://cdn.shopify.com/s/files/1/0788/2358/8067/files/946b1cacf70c28cbdcf4fed7c55c89dc.png?v=1778391283,Space/galaxy cosmic art print in vivid multicolor tones; full edge-to-edge sublimation coverage on Bucket Hat,main character energy,festival core 2026,art kid fashion,hyperpop streetwear,all over print,AOP fashion,festival outfit,streetwear,statement piece,graphic print,alt fashion,unique gift,Dress like you're from the next dimension.,Guys+Girls,Boundless Bleeds|StreetsmART|Cognitive Drift|Cosmic Debris|Maximalist Motifs|Chromatic Overload,Accessories
9191712555235,"Boundless Bleed AOP UV Arm Sleeves | Cooling Lycra UPF Sun Protection — Moisture-Wicking Maximalist Sleeves for Hiking, Cycling, Gardening, Golf & Outdoor Festival (S–2XL)",Arm Sleeves,13.0,https://cdn.shopify.com/s/files/1/0788/2358/8067/files/037b7fa7b9df2409b07eb9156e29cf85_1cfb5271-12a6-43d6-91ee-0d6cc56277ac.png?v=1778480082,All-over print in vivid multicolor tones; full edge-to-edge sublimation coverage on Arm Sleeves,dopamine dressing,eclectic maximalism,main character energy,festival core 2026,all over print,AOP fashion,festival outfit,rave wear,streetwear,statement piece,graphic print,bold print,Why carry flowers when you can wear them?,Guys+Girls,Boundless Bleeds|Primal Prints|Cognitive Drift|Maximalist Motifs|Transcendent Artifacts|Quantum Bloom,
9191712686307,Square Printed Scarves with Skin-friendly Imitated Silk,Scarf,5.57,https://cdn.shopify.com/s/files/1/0788/2358/8067/files/1a955533fc2cd852ebe11ca5590a0f40.png?v=1778721263,All-over print in vivid multicolor tones; full edge-to-edge sublimation coverage on Scarf,weird girl aesthetic,wearable art movement,eclectic maximalism,dopamine dressing,all over print,AOP fashion,festival outfit,rave wear,streetwear,statement piece,graphic print,bold print,The details make the drip.,Guys+Girls,Chromatic Overload|Color Riot|Maximalist Motifs,Accessories
9191712817379,Custom PS5 Controller Console Stickers (Dis Version),Gaming Accessory,13.51,https://cdn.shopify.com/s/files/1/0788/2358/8067/files/51ae9a1db30551ed039cdfdd23851a48.jpg?v=1774456439,All-over print in vivid multicolor tones; full edge-to-edge sublimation coverage on Gaming Accessory,dopamine dressing,eclectic maximalism,main character energy,festival core 2026,all over print,AOP fashion,festival outfit,rave wear,streetwear,statement piece,graphic print,bold print,The future of fashion isn't quiet.,Guys+Girls,Static Frequency|Transcendent Artifacts|Chromatic Overload,
9191712915683,PS5 Digital Edition Skin for Controller Console,Gaming Accessory,13.51,https://cdn.shopify.com/s/files/1/0788/2358/8067/files/2b8ece4db64a8219104f98153244a7b9.jpg?v=1774456439,All-over print in vivid multicolor tones; full edge-to-edge sublimation coverage on Gaming Accessory,dopamine dressing,eclectic maximalism,main character energy,festival core 2026,all over print,AOP fashion,festival outfit,rave wear,streetwear,statement piece,graphic print,bold print,Curated chaos for the aesthetically enlightened.,Guys+Girls,Static Frequency|Chromatic Overload|Color Riot,
9191713079523,Aesthetic Gamer's Nintendo Switch 24-Slot Game Card Case | Bold AOP UV-Print Protective Storage — Maximalist Switch & Switch Lite Accessory for Collectors & Aesthetic Gaming Setups,Gaming Accessory,14.07,https://cdn.shopify.com/s/files/1/0788/2358/8067/files/c57d7567610012819bccedbd98debbf1.jpg?v=1774456439,All-over print in vivid multicolor tones; full edge-to-edge sublimation coverage on Gaming Accessory,dopamine dressing,eclectic maximalism,main character energy,festival core 2026,all over print,AOP fashion,festival outfit,rave wear,streetwear,statement piece,graphic print,bold print,Curated chaos for the aesthetically enlightened.,Guys+Girls,Boundless Bleeds|Cognitive Drift|Maximalist Motifs,
9191713243363,"Aesthetic Collector AOP Faux-Leather iPad Case | Book-Style Protector with Apple Pencil Slot & Foldable Stand — Wearable Art for Tablets, Gift for Creative Professionals",Tablet Case,18.05,https://cdn.shopify.com/s/files/1/0788/2358/8067/files/07051de44a6fe76b323f0df307bd42dc.jpg?v=1774456439,All-over print in vivid multicolor tones; full edge-to-edge sublimation coverage on Tablet Case,dopamine dressing,eclectic maximalism,main character energy,festival core 2026,all over print,AOP fashion,festival outfit,rave wear,streetwear,statement piece,graphic print,bold print,You had the fit. Now complete it.,Guys+Girls,Static Frequency|Boundless Bleeds|Cognitive Drift|Maximalist Motifs,
9191713407203,"AOP Neoprene Laptop Sleeve for the Aesthetic Tech Collector — Bold Print Soft Carry Case, Waterproof Scratch-Resistant, Handle Strap, Gift for Creative Professionals, 10""–17""",Laptop Case,18.05,https://cdn.shopify.com/s/files/1/0788/2358/8067/files/0ee3f673dfb8387c972e07338628b5ae.jpg?v=1774456439,All-over print in vivid multicolor tones; full edge-to-edge sublimation coverage on Laptop Case,dopamine dressing,eclectic maximalism,main character energy,festival core 2026,all over print,AOP fashion,festival outfit,rave wear,streetwear,statement piece,graphic print,bold print,The details make the drip.,Guys+Girls,Maximalist Motifs|Boundless Bleeds|Static Frequency,
9191713538275,PU Replacement Bands for Apple iWatch,Watch Band,18.63,https://cdn.shopify.com/s/files/1/0788/2358/8067/files/52c0792ed915094850d170909a0f07b3.jpg?v=1774456194,All-over print in vivid multicolor tones; full edge-to-edge sublimation coverage on Watch Band,dopamine dressing,eclectic maximalism,main character energy,festival core 2026,all over print,AOP fashion,festival outfit,rave wear,streetwear,statement piece,graphic print,bold print,The future of fashion isn't quiet.,Guys+Girls,Static Frequency|Chromatic Overload|Color Riot,
9191713702115,iPad Folding Case with Full Coverage,Tablet Case,18.05,https://cdn.shopify.com/s/files/1/0788/2358/8067/files/0a7934700cf3bc1bf0f7b481b8c455bc.jpg?v=1774456194,All-over print in vivid multicolor tones; full edge-to-edge sublimation coverage on Tablet Case,dopamine dressing,eclectic maximalism,main character energy,festival core 2026,all over print,AOP fashion,festival outfit,rave wear,streetwear,statement piece,graphic print,bold print,Accessories: the punctuation of fashion.,Guys+Girls,Static Frequency|Chromatic Overload|Color Riot,
9191941832931,"Articles, Articles AOP Graffiti Suit Jacket | 260gsm Two-Button Blazer for Professional Rebels (S–5XL)",Blazer,80.18,https://cdn.shopify.com/s/files/1/0788/2358/8067/files/articles-articles-aop-graffiti-suit-jacket-for-the-professional-rebels-4681243.png?v=1778285947,Graffiti-style street art print in vivid multicolor tones; full edge-to-edge sublimation coverage on Blazer,eclectic maximalism,art kid fashion,main character energy,wearable art movement,all over print,AOP fashion,festival outfit,rave wear,streetwear,statement piece,graphic print,bold print,The spray can is mightier than the sword. Wear the proof.,Guys+Girls,StreetsmART|Maximalist Motifs|Boundless Bleeds|Cognitive Drift,
9193767829731,"Maximalist Long-Sleeve Shirt for Creative Directors — DNA Thread AOP Button-Up, Art-Forward Workwear, Founder Uniform, Gallery-Ready Menswear, Cotton Poplin",T-Shirt,67.0,https://cdn.shopify.com/s/files/1/0788/2358/8067/files/155733-036ff26b-0aa9-4eef-943b-d072db3c7759_7edc5da5-42ee-4708-bebc-9ad879b1c413.png?v=1778455933,All-over print in vivid multicolor tones; full edge-to-edge sublimation coverage on T-Shirt,dopamine dressing,post-internet fashion,weird girl aesthetic,vivid aura aesthetic,all over print,AOP fashion,festival outfit,rave wear,streetwear,statement piece,graphic print,bold print,When mundane isn't in your vocabulary.,Guys,Boundless Bleeds|StreetsmART|Static Frequency|Maximalist Motifs,
9193767928035,Tiger & Crane AOP Men's Hawaiian Shirt | Bold Animal Print Button-Up,Hawaiian Shirt,38.06,https://cdn.shopify.com/s/files/1/0788/2358/8067/files/155733-e0a4dafb-fbc9-4cde-bf73-0d992be4560d.png?v=1778714524,Animal motif all-over print in vivid multicolor tones; full edge-to-edge sublimation coverage on Hawaiian Shirt,dopamine dressing,wearable art movement,eclectic maximalism,chromatic therapy,all over print,AOP fashion,festival outfit,rave wear,streetwear,statement piece,graphic print,bold print,Predator energy. Prey aesthetic. Complete confusion.,Guys,Boundless Bleeds|Primal Prints|Maximalist Motifs,
9193768747235,"Maximalist Hawaiian Shirt for Art-Literate Dressers — Abstract Patchwork AOP Button-Up, Summer Festival Top, Intricate Print Menswear, Resort Statement Shirt, Wearable Art",Hawaiian Shirt,39.0,https://cdn.shopify.com/s/files/1/0788/2358/8067/files/155733-bbcc9f65-5bf5-49ab-ac01-7ccf4cf31a66_84609e4f-e00d-4c38-8e81-02da98d4c8a6.png?v=1778714396,Abstract art aop print in vivid multicolor tones; full edge-to-edge sublimation coverage on Hawaiian Shirt,dopamine dressing,wearable art movement,eclectic maximalism,chromatic therapy,all over print,AOP fashion,festival outfit,rave wear,streetwear,statement piece,graphic print,bold print,This isn't clothing. It's an argument for color.,Guys+Girls,Maximalist Motifs|Boundless Bleeds|Hyperdensity|Transcendent Artifacts,
9193769337059,Static Frequency AOP Men's Silk-Feel Shirt | Maximalist Short-Sleeve Summer Top,Shirt,35.0,https://cdn.shopify.com/s/files/1/0788/2358/8067/files/155733-9fe305b5-d643-4627-81d8-bc0739426ef5.png?v=1778714457,All-over print in vivid multicolor tones; full edge-to-edge sublimation coverage on Shirt,dopamine dressing,wearable art movement,eclectic maximalism,chromatic therapy,all over print,AOP fashion,festival outfit,rave wear,streetwear,statement piece,graphic print,bold print,Your body is the canvas. Act accordingly.,Guys,Boundless Bleeds|Static Frequency|Maximalist Motifs,
9193769992419,Fluid Abstract AOP Men's Silk-Feel Short Sleeve Shirt | Imitation Silk Loose-Cut Summer Top — Maximalist Print Resort Menswear (S–5XL),Button-Up Shirt,35.0,https://cdn.shopify.com/s/files/1/0788/2358/8067/files/155733-44e14dec-e2a5-4a36-95c5-dca47d298dd4.png?v=1778715086,Abstract art aop print in vivid multicolor tones; full edge-to-edge sublimation coverage on Button-Up Shirt,dopamine dressing,wearable art movement,eclectic maximalism,chromatic therapy,all over print,AOP fashion,festival outfit,rave wear,streetwear,statement piece,graphic print,bold print,Curated chaos for the aesthetically enlightened.,Guys,Boundless Bleeds|Maximalist Motifs|Chromatic Overload,
9193858728163,"Gatsby's Gear AOP Long Sleeve Button-Up Shirt | Art Deco Maximalist Print Slub Cotton (125gsm, XS–5XL)",Button-Up Shirt,83.0,https://cdn.shopify.com/s/files/1/0788/2358/8067/files/155733-0581a56b-fbab-47b0-be7f-1d10abe1ade8.jpg?v=1774789631,All-over print in vivid multicolor tones; full edge-to-edge sublimation coverage on Button-Up Shirt,dopamine dressing,wearable art movement,eclectic maximalism,chromatic therapy,all over print,AOP fashion,festival outfit,rave wear,streetwear,statement piece,graphic print,bold print,When mundane isn't in your vocabulary.,Guys+Girls,StreetsmART|Boundless Bleeds|Cognitive Drift|Maximalist Motifs,
9193871343843,"Agate Dreams Silk Bandana — Blue & Amber Geode Marble AOP Square Scarf, Psychedelic Accessory",Bandana,24.98,https://cdn.shopify.com/s/files/1/0788/2358/8067/files/155733-15440ac0-6837-4060-92ad-3032e0e6792c.jpg?v=1774789513,Psychedelic full-coverage print in blue tones; full edge-to-edge sublimation coverage on Bandana,festival core 2026,weird girl aesthetic,art kid fashion,vivid aura aesthetic,all over print,AOP fashion,festival outfit,rave wear,streetwear,statement piece,graphic print,bold print,Reality is optional. Fashion is mandatory.,Guys+Girls,Boundless Bleeds|Cognitive Drift|Hypnagogic,Accessories
9193872326883,Puppy Parade Silk Bandana — Playful Dog Portrait AOP Square Scarf for Pet-Obsessed Dressers,Bandana,24.98,https://cdn.shopify.com/s/files/1/0788/2358/8067/files/155733-31d1fbcc-1c7c-43ac-9758-f2b8e5ee782d.jpg?v=1774789810,All-over print in vivid multicolor tones; full edge-to-edge sublimation coverage on Bandana,weird girl aesthetic,wearable art movement,dopamine dressing,chromatic therapy,all over print,AOP fashion,festival outfit,rave wear,streetwear,statement piece,graphic print,bold print,"Born wild, dressed wilder.",Girls,Boundless Bleeds|Avant-Kindergarden™|Chromatic Overload,Accessories
9193875767523,Tortoise Race All-Over Print Silk-Feel Button-Up Shirt,Shirt,37.0,https://cdn.shopify.com/s/files/1/0788/2358/8067/files/tortoise-race-all-over-print-silk-feel-button-up-shirt-5959346.png?v=1778285948,All-over print in vivid multicolor tones; full edge-to-edge sublimation coverage on Shirt,dopamine dressing,wearable art movement,eclectic maximalism,chromatic therapy,all over print,AOP fashion,festival outfit,rave wear,streetwear,statement piece,graphic print,bold print,Curated chaos for the aesthetically enlightened.,Guys+Girls,Primal Prints|StreetsmART|Boundless Bleeds|Maximalist Motifs,
9193875800291,Salt Water Tapestry | Abstract Art All-Over Print Silk-Feel Button-Up Shirt,Shirt,37.0,https://cdn.shopify.com/s/files/1/0788/2358/8067/files/salt-water-tapestry-abstract-art-all-over-print-silk-feel-button-up-shirt-4183346.png?v=1778285948,Abstract art aop print in vivid multicolor tones; full edge-to-edge sublimation coverage on Shirt,dopamine dressing,wearable art movement,eclectic maximalism,chromatic therapy,all over print,AOP fashion,festival outfit,rave wear,streetwear,statement piece,graphic print,bold print,Curated chaos for the aesthetically enlightened.,Guys+Girls,StreetsmART|Boundless Bleeds|Maximalist Motifs,Home & Living
9193877831907,"Mystery Machine AOP Lapel Shirt for Retro Maximalists — 125gsm Slub Cotton Scooby-Doo Inspired Long Sleeve Button-Up, Nostalgia-Core Creative Menswear, XS–5XL",Button-Up Shirt,85.0,https://cdn.shopify.com/s/files/1/0788/2358/8067/files/mystery-machine-aop-lapel-shirt-125gsm-slub-cotton-retro-9012619.png?v=1778120046,All-over print in red tones; full edge-to-edge sublimation coverage on Button-Up Shirt,dopamine dressing,wearable art movement,eclectic maximalism,chromatic therapy,all over print,AOP fashion,festival outfit,rave wear,streetwear,statement piece,graphic print,bold print,When mundane isn't in your vocabulary.,Guys,Boundless Bleeds|StreetsmART|Cognitive Drift|Maximalist Motifs,
9193877897443,"Wearable Art Silk-Feel Shirt for Festival-Goers — Incoherent State of Dye AOP Short Sleeve, Fluid Abstract Print, Dyles Mavis Original, Imitation Silk Summer Statement, Unisex Top",Shirt,37.0,https://cdn.shopify.com/s/files/1/0788/2358/8067/files/abstract-print-silk-feel-shirt-all-over-print-short-sleeve-4145540.png?v=1778120046,Abstract art aop print in vivid multicolor tones; full edge-to-edge sublimation coverage on Shirt,dopamine dressing,wearable art movement,eclectic maximalism,chromatic therapy,all over print,AOP fashion,festival outfit,rave wear,streetwear,statement piece,graphic print,bold print,Art shouldn't stay on walls. Let it walk.,Guys+Girls,Boundless Bleeds|StreetsmART|Cognitive Drift|Maximalist Motifs|Transcendent Artifacts|Chromatic Overload,
9193878946019,"Silk-Feel Pajama Set for Luxury Sleepwear Collectors — AOP Long Sleeve Imitation Silk PJ Set, White Contrast Piping, Art-Forward Sleepwear, Gift for Her, Women's Statement Loungewear",Pajama Set,71.36,https://cdn.shopify.com/s/files/1/0788/2358/8067/files/155733-2fac7b9a-81cd-4c7a-8074-c6e5b1f13fee.jpg?v=1774789574,All-over print in white tones; full edge-to-edge sublimation coverage on Pajama Set,dopamine dressing,eclectic maximalism,main character energy,festival core 2026,all over print,AOP fashion,festival outfit,rave wear,streetwear,statement piece,graphic print,bold print,The future of fashion isn't quiet.,Girls,Boundless Bleeds|Maximalist Motifs|Transcendent Artifacts,
9193879077091,"Tropical Leaf Maxi Dress for Botanical Aesthetic Lovers — AOP Sleeveless Blue Toned Floral, Summer Festival Dress, Art-Forward Women's Floor-Length, Beach Vacation Statement, S–5XL",Dress,50.42,https://cdn.shopify.com/s/files/1/0788/2358/8067/files/155733-7d5717b4-5ab5-4546-a932-ac0a37d77abc.png?v=1774789745,Dense botanical/floral aop illustration in blue tones; full edge-to-edge sublimation coverage on Dress,weird girl aesthetic,wearable art movement,dopamine dressing,chromatic therapy,all over print,AOP fashion,wearable art,festival outfit,indie aesthetic,statement piece,graphic print,alt fashion,Every petal is a plot twist.,Girls,Primal Prints|Quantum Bloom|Boundless Bleeds|StreetsmART|Transcendent Artifacts,
9193881469155,"Holographic Collectors Card AOP Baseball Jersey for Streetwear Collectors — All-Over Print Statement Athletic Top, Gift for Him, Maximalist Festival Sports Jersey",Jersey,47.0,https://cdn.shopify.com/s/files/1/0788/2358/8067/files/holographic-collectors-card-baseball-jersey-all-over-print-5482867.png?v=1778285946,All-over print in vivid multicolor tones; full edge-to-edge sublimation coverage on Jersey,dopamine dressing,eclectic maximalism,main character energy,festival core 2026,all over print,AOP fashion,festival outfit,rave wear,streetwear,statement piece,graphic print,bold print,Curated chaos for the aesthetically enlightened.,Guys,Boundless Bleeds|StreetsmART|Static Frequency|Maximalist Motifs|Transcendent Artifacts,
9193881567459,Color Storm — Psychedelic Marble AOP Heavy Fleece Sweatshirt | Men's Trippy Crewneck,Sweatshirt,45.76,https://cdn.shopify.com/s/files/1/0788/2358/8067/files/155733-2dae4f2c-eb49-4808-b7a5-d2dde81e3cd2.jpg?v=1774789872,Psychedelic full-coverage print in vivid multicolor tones; full edge-to-edge sublimation coverage on Sweatshirt,art kid fashion,eclectic maximalism,main character energy,serotonin boost fashion,all over print,AOP fashion,festival outfit,rave wear,streetwear,statement piece,graphic print,bold print,Close your eyes. Open your wardrobe. Same difference.,Guys,Cognitive Drift|Boundless Bleeds|StreetsmART|Static Frequency|Maximalist Motifs|Chromatic Overload,
9193883009251,"Evergreen AOP Hawaiian Shirt for Summer's Most Intentional Dresser — 150gsm Bamboo-Texture Polyester, Auto-Matched Stitch, Full-Bleed Resort Statement, S–5XL",Hawaiian Shirt,45.0,https://cdn.shopify.com/s/files/1/0788/2358/8067/files/155733-1c98ef5c-6e91-4dfd-b2be-c9a068b15864.png?v=1778500359,All-over print in green tones; full edge-to-edge sublimation coverage on Hawaiian Shirt,dopamine dressing,wearable art movement,eclectic maximalism,chromatic therapy,all over print,AOP fashion,festival outfit,rave wear,streetwear,statement piece,graphic print,bold print,Wear what others can't explain.,Girls,Boundless Bleeds|Maximalist Motifs|StreetsmART|Color Riot|Tacticolor,
9193884680419,"Evil Intentions Dark Art Sweatshirt for Alt Streetwear Collectors — 320gsm Fur-Lined Fleece AOP, Full-Bleed Dark Maximalist Print, Genuine Cold-Weather Statement, XS–5XL",Sweatshirt,45.0,https://cdn.shopify.com/s/files/1/0788/2358/8067/files/evil-intentions-aop-sweatshirt-320gsm-fleece-lined-dark-art-5190187.png?v=1778120046,All-over print in vivid multicolor tones; full edge-to-edge sublimation coverage on Sweatshirt,art kid fashion,eclectic maximalism,main character energy,serotonin boost fashion,all over print,AOP fashion,festival outfit,rave wear,streetwear,statement piece,graphic print,bold print,This isn't clothing. It's an argument for color.,Guys+Girls,Boundless Bleeds|Maximalist Motifs|StreetsmART,
9193885008099,Skull Kid Inside AOP Sweatshirt | Fleece-Lined Streetwear by Dyles Mavis,Sweatshirt,46.0,https://cdn.shopify.com/s/files/1/0788/2358/8067/files/skull-kid-inside-aop-sweatshirt-fleece-lined-streetwear-by-dyles-mavis-6838497.png?v=1778120046,All-over print in vivid multicolor tones; full edge-to-edge sublimation coverage on Sweatshirt,art kid fashion,eclectic maximalism,main character energy,serotonin boost fashion,all over print,AOP fashion,festival outfit,rave wear,streetwear,statement piece,graphic print,bold print,Curated chaos for the aesthetically enlightened.,Guys+Girls,Boundless Bleeds|StreetsmART|Maximalist Motifs,
9193886089443,Pastel Melt Swirl Women's Hoodie — Soft Rainbow Marble AOP Pullover for Dreamy Maximalists,Hoodie,48.0,https://cdn.shopify.com/s/files/1/0788/2358/8067/files/all-over-print-womens-pullover-hoodie-2827873.png?v=1778120046,"Concentric swirl/spiral full-bleed print in rainbow, pastel tones; full edge-to-edge sublimation coverage on Hoodie",art kid fashion,main character energy,hyperpop streetwear,festival core 2026,all over print,AOP fashion,streetwear,graphic print,bold print,alt fashion,wearable art,festival outfit,Every rotation is a revolution.,Girls,Boundless Bleeds|StreetsmART|Cognitive Drift|Maximalist Motifs|Transcendent Artifacts|Chromatic Overload,
9193886417123,Spiral Tie-Dye Patch Collared Jacket — Rainbow Swirl Collage AOP Canvas-Feel Statement Outerwear,Jacket,63.46,https://cdn.shopify.com/s/files/1/0788/2358/8067/files/155733-8f8f53f1-9618-4169-b5fd-6249cfb902f9.jpg?v=1774790645,"Hand-dyed spiral tie-dye pattern in rainbow, red tones; full edge-to-edge sublimation coverage on Jacket",eclectic maximalism,art kid fashion,main character energy,wearable art movement,all over print,AOP fashion,festival outfit,rave wear,streetwear,statement piece,graphic print,bold print,Get lost in the swirl. Never come back.,Guys+Girls,Cognitive Drift|Boundless Bleeds|StreetsmART|Chromatic Overload,
9193887727843,Glacier Shard Collared Jacket — Icy Blue Abstract Patchwork AOP Outerwear for Cool-Tone Maximalists,Jacket,61.46,https://cdn.shopify.com/s/files/1/0788/2358/8067/files/155733-1c8998fe-b826-467b-81ad-edbaa464973f.jpg?v=1774789575,"Abstract art aop print in red, blue tones; full edge-to-edge sublimation coverage on Jacket",eclectic maximalism,art kid fashion,main character energy,wearable art movement,all over print,AOP fashion,festival outfit,rave wear,streetwear,statement piece,graphic print,bold print,Art shouldn't stay on walls. Let it walk.,Guys+Girls,Boundless Bleeds|Maximalist Motifs|Chromatic Overload,
9193887891683,"Cosmic Abstract Hockey Jersey for Streetwear Collectors — Full-Coverage AOP Mesh, Rink-to-Festival Statement, Bold Print Sports Jersey, Unisex Maximalist Sportswear, S–5XL",Jersey,42.0,https://cdn.shopify.com/s/files/1/0788/2358/8067/files/155733-1fa54f98-22c1-44e7-8aba-060d87cf813d.png?v=1779046988,Abstract art aop print in vivid multicolor tones; full edge-to-edge sublimation coverage on Jersey,dopamine dressing,eclectic maximalism,main character energy,festival core 2026,all over print,AOP fashion,festival outfit,rave wear,streetwear,statement piece,graphic print,bold print,The universe wanted a spokesperson. Here you are.,Guys+Girls,Boundless Bleeds|Maximalist Motifs|StreetsmART|Cognitive Drift|Cosmic Debris|Astral Syntax,
9193888874723,Organic Cellular Mutation AOP Slim Fit Long Sleeve Shirt,Button-Up Shirt,47.26,https://cdn.shopify.com/s/files/1/0788/2358/8067/files/organic-cellular-mutation-aop-slim-fit-long-sleeve-shirt-1569635.png?v=1777788609,All-over print in vivid multicolor tones; full edge-to-edge sublimation coverage on Button-Up Shirt,dopamine dressing,wearable art movement,eclectic maximalism,chromatic therapy,all over print,AOP fashion,festival outfit,rave wear,streetwear,statement piece,graphic print,bold print,Curated chaos for the aesthetically enlightened.,Guys+Girls,Boundless Bleeds|StreetsmART|Chromatic Overload,
9193889038563,Morningstar At Night AOP Hockey Jersey – Celestial Mesh Streetwear,Jersey,42.0,https://cdn.shopify.com/s/files/1/0788/2358/8067/files/morningstar-at-night-aop-hockey-jersey-celestial-mesh-streetwear-4424673.png?v=1777788666,All-over print in vivid multicolor tones; full edge-to-edge sublimation coverage on Jersey,dopamine dressing,eclectic maximalism,main character energy,festival core 2026,all over print,AOP fashion,festival outfit,rave wear,streetwear,statement piece,graphic print,bold print,Art shouldn't stay on walls. Let it walk.,Guys+Girls,Boundless Bleeds|StreetsmART|Cosmic Debris|Astral Syntax,
9193890152675,Tropical AOP Hawaiian Shirt | 150GSM Bamboo-Feel Button-Up,Hawaiian Shirt,48.56,https://cdn.shopify.com/s/files/1/0788/2358/8067/files/tropical-aop-hawaiian-shirt-150gsm-bamboo-feel-button-up-9062294.png?v=1778120046,All-over print in vivid multicolor tones; full edge-to-edge sublimation coverage on Hawaiian Shirt,dopamine dressing,wearable art movement,eclectic maximalism,chromatic therapy,all over print,AOP fashion,festival outfit,rave wear,streetwear,statement piece,graphic print,bold print,Not a look. A statement of existence.,Guys+Girls,Boundless Bleeds|StreetsmART|Primal Prints|Maximalist Motifs,
9193897099491,"Classic Graffiti AOP Hawaiian Shirt for Summer Main Characters — 125gsm Antibacterial Cotton, Bamboo Texture Roman Collar, Beach Bar Gallery Festival Menswear, XS–7XL",Hawaiian Shirt,72.62,https://cdn.shopify.com/s/files/1/0788/2358/8067/files/155733-50cf66a8-f907-4a86-9287-c67bea000da7.png?v=1778714589,Graffiti-style street art print in vivid multicolor tones; full edge-to-edge sublimation coverage on Hawaiian Shirt,dopamine dressing,wearable art movement,eclectic maximalism,chromatic therapy,all over print,AOP fashion,festival outfit,rave wear,streetwear,statement piece,graphic print,bold print,"The streets called — they want their art back. Too bad, it's yours now.",Guys,Boundless Bleeds|Maximalist Motifs|StreetsmART|Transcendent Artifacts|Tacticolor,
9193898016995,Maximalist Print Men's Hawaiian Shirt | AOP Short Sleeve Summer Button-Down,Hawaiian Shirt,72.62,https://cdn.shopify.com/s/files/1/0788/2358/8067/files/155733-a3e8ec3e-6d7f-4686-9618-fe86697ebd1b.png?v=1778715158,All-over print in vivid multicolor tones; full edge-to-edge sublimation coverage on Hawaiian Shirt,dopamine dressing,wearable art movement,eclectic maximalism,chromatic therapy,all over print,AOP fashion,festival outfit,rave wear,streetwear,statement piece,graphic print,bold print,This isn't clothing. It's an argument for color.,Guys,Boundless Bleeds|Maximalist Motifs|Chromatic Overload,
9193898737891,"Maximalist Hacci Knit Sweater for Cozy Self-Expressers — Eyeconic Drop-Shoulder AOP Pullover, Statement Loungewear, Indie Fashion, Unisex Bold Print Knitwear",Sweatshirt,48.0,https://cdn.shopify.com/s/files/1/0788/2358/8067/files/155733-3339389a-7c8d-4543-8e09-bfd4791367d1.png?v=1778479211,All-over print in vivid multicolor tones; full edge-to-edge sublimation coverage on Sweatshirt,art kid fashion,eclectic maximalism,main character energy,serotonin boost fashion,all over print,AOP fashion,festival outfit,rave wear,streetwear,statement piece,graphic print,bold print,Your body is the canvas. Act accordingly.,Guys+Girls,Boundless Bleeds|Maximalist Motifs|StreetsmART|Static Frequency|Cognitive Drift|Ocular Opulence,
9193899557091,Vivid Abstract AOP Men's Silk-Feel Shirt | Maximalist All-Over Print Summer Top,Shirt,36.78,https://cdn.shopify.com/s/files/1/0788/2358/8067/files/all-over-print-mens-imitation-silk-short-sleeved-shirt-5189065.png?v=1778120046,Abstract art aop print in vivid multicolor tones; full edge-to-edge sublimation coverage on Shirt,dopamine dressing,wearable art movement,eclectic maximalism,chromatic therapy,all over print,AOP fashion,festival outfit,rave wear,streetwear,statement piece,graphic print,bold print,Curated chaos for the aesthetically enlightened.,Guys,Boundless Bleeds|Maximalist Motifs|Chromatic Overload|Color Riot,
9193900671203,"Graffiti Mural AOP Lapel Shirt for Hip-Hop Streetwear Collectors — 125gsm Slub Cotton Long Sleeve, Full-Bleed Urban Art Workwear, Creative Director Statement Menswear",Button-Up Shirt,85.0,https://cdn.shopify.com/s/files/1/0788/2358/8067/files/graffiti-mural-aop-lapel-shirt-125gsm-slub-cotton-long-sleeve-5856155.png?v=1778120047,Graffiti-style street art print in vivid multicolor tones; full edge-to-edge sublimation coverage on Button-Up Shirt,dopamine dressing,wearable art movement,eclectic maximalism,chromatic therapy,all over print,AOP fashion,festival outfit,rave wear,streetwear,statement piece,graphic print,bold print,"Tag everything, including the algorithm.",Guys,StreetsmART|Boundless Bleeds|Static Frequency|Maximalist Motifs|Transcendent Artifacts|Chromatic Overload,
9193905291491,"Crimson Ocean Reversible Bucket Hat for Bold Mood-Switchers — Boundless Bleeds AOP Both Sides Printed, Deep Red Fluid Abstract, Festival Streetwear Headwear, One Size",Bucket Hat,35.0,https://cdn.shopify.com/s/files/1/0788/2358/8067/files/crimson-ocean-reversible-aop-bucket-hat-two-looks-one-hat-2033968.png?v=1777788608,"Abstract art aop print in crimson, red tones; full edge-to-edge sublimation coverage on Bucket Hat",main character energy,festival core 2026,art kid fashion,hyperpop streetwear,all over print,AOP fashion,festival outfit,streetwear,statement piece,graphic print,alt fashion,unique gift,The details make the drip.,Guys+Girls,Boundless Bleeds|StreetsmART|Maximalist Motifs,Accessories
9193907618019,"Maximalist Midi Dress for Gallery-Going Self-Expressers — AOP Button-Front Shirt Dress, Festival Statement Dress, Art-Forward Women's Midi, Waist-Tie Sublimation, Bold Print Women's",T-Shirt,60.92,https://cdn.shopify.com/s/files/1/0788/2358/8067/files/155733-0c0da215-670e-4b82-b247-428d49725d2f.png?v=1774789514,All-over print in vivid multicolor tones; full edge-to-edge sublimation coverage on T-Shirt,dopamine dressing,post-internet fashion,weird girl aesthetic,vivid aura aesthetic,all over print,AOP fashion,festival outfit,rave wear,streetwear,statement piece,graphic print,bold print,This isn't clothing. It's an argument for color.,Girls,Boundless Bleeds|Maximalist Motifs|StreetsmART|Transcendent Artifacts,
9199418441955,"Tag Collage AOP Knit Beanie – All-Over Print, One Size",Beanie,25.0,https://cdn.shopify.com/s/files/1/0788/2358/8067/files/tag-collage-aop-knit-beanie-all-over-print-one-size-5735997.png?v=1777788667,Collage-style sticker bomb print in vivid multicolor tones; full edge-to-edge sublimation coverage on Beanie,main character energy,post-internet fashion,quiet chaos aesthetic,hyperpop streetwear,all over print,AOP fashion,streetwear,statement piece,graphic print,alt fashion,unique gift,indie aesthetic,Accessories: the punctuation of fashion.,Guys+Girls,StreetsmART|Boundless Bleeds|Transcendent Artifacts,Accessories
9201043177699,Painted Earth Long Cardigan — Artistic Print Button-Down Duster,Cardigan,128.95,https://cdn.shopify.com/s/files/1/0788/2358/8067/files/Firefly_Gemini_Flash_Generate_a_series_of_professional_studio_shots_featuring_a_model_wearing_the_specifie_580377.png?v=1777790307,All-over print in vivid multicolor tones; full edge-to-edge sublimation coverage on Cardigan,wearable art movement,eclectic maximalism,dopamine dressing,chromatic therapy,all over print,AOP fashion,festival outfit,rave wear,streetwear,statement piece,graphic print,bold print,Art shouldn't stay on walls. Let it walk.,Guys+Girls,StreetsmART|Maximalist Motifs|Transcendent Artifacts|Chromatic Overload,
9201043374307,"Maximalist Winter Gloves for Cold-Weather Self-Expressers — Abstract AOP Polar Fleece, Festival Winter Accessory, Bold Print Handwear, Unisex Statement Gloves, Wearable Art",Gloves,66.0,https://cdn.shopify.com/s/files/1/0788/2358/8067/files/2951368_0_3d.jpg?v=1777790051,Abstract art aop print in vivid multicolor tones; full edge-to-edge sublimation coverage on Gloves,weird girl aesthetic,wearable art movement,quiet chaos aesthetic,art kid fashion,all over print,AOP fashion,festival outfit,rave wear,streetwear,statement piece,graphic print,bold print,You had the fit. Now complete it.,Guys+Girls,Boundless Bleeds|Maximalist Motifs|Cognitive Drift|StreetsmART|Chromatic Overload|Color Riot,Accessories
9201045831907,"Throw Blanket – Sandstorm All-Over Print | Premium Plush Velvet & Polar Fleece, 4 Sizes",Blanket,64.0,https://cdn.shopify.com/s/files/1/0788/2358/8067/files/throw-blanket-sandstorm-all-over-print-premium-plush-velvet-polar-fleece-4-sizes-4709298.png?v=1776616928,All-over print in vivid multicolor tones; full edge-to-edge sublimation coverage on Blanket,serotonin boost fashion,dopamine dressing,wearable art movement,quiet chaos aesthetic,all over print,AOP fashion,festival outfit,rave wear,streetwear,statement piece,graphic print,bold print,Your walls should scream as loud as your fit.,Guys+Girls,Boundless Bleeds|Maximalist Motifs|Transcendent Artifacts|Tacticolor,Home & Living
9201915592931,Organic Flow Blooming Vibrant SVG Vexel Pattern,Digital Download,1.0,https://cdn.shopify.com/s/files/1/0788/2358/8067/files/abstract_composition.svg?v=1778519834,All-over print in vivid multicolor tones; full edge-to-edge sublimation coverage on Digital Download,dopamine dressing,eclectic maximalism,main character energy,festival core 2026,all over print,AOP fashion,festival outfit,rave wear,streetwear,statement piece,graphic print,bold print,Flora is your armor. Bloom where you stand.,Guys+Girls,Vibe-Checked Vectors|StreetsmART|Primal Prints|Static Frequency|Maximalist Motifs|Transcendent Artifacts,
9214489854179,Neon Cellular Activity AOP Hoodie – Digital Acrylic Pour Streetwear,Hoodie,92.0,https://cdn.shopify.com/s/files/1/0788/2358/8067/files/neon-cellular-activity-aop-hoodie-digital-acrylic-pour-streetwear-9152008.png?v=1777788606,All-over print in neon tones; full edge-to-edge sublimation coverage on Hoodie,art kid fashion,main character energy,hyperpop streetwear,festival core 2026,all over print,AOP fashion,streetwear,graphic print,bold print,alt fashion,wearable art,festival outfit,Your drip is a public service announcement.,Guys+Girls,Static Frequency|StreetsmART|Boundless Bleeds|Cognitive Drift|Transcendent Artifacts|Chromatic Overload,
9214493819107,"Tropical Volcano Eruption Canvas Wall Art | Stylized National-Park Vector Print on FSC-Certified Stretched Matte Canvas — Mystery Island Decor, Wanderlust Home Gift for Adventure Collectors",Canvas Wall Art,30.0,https://cdn.shopify.com/s/files/1/0788/2358/8067/files/10011281012823855265_2048.jpg?v=1775470589,Geometric vector art print in vivid multicolor tones; full edge-to-edge sublimation coverage on Canvas Wall Art,dopamine dressing,eclectic maximalism,main character energy,festival core 2026,all over print,AOP fashion,festival outfit,rave wear,streetwear,statement piece,graphic print,bold print,Home is where the art is. Make it loud.,Guys+Girls,Primal Prints|Transcendent Artifacts|Vibe-Checked Vectors,
9214499487971,"Swimsuit, Vintage Crown Jewel Retro Summer Fashion, Burning Man, Mermaid Outfit, Pool Party Prints",Swimsuit,55.0,https://cdn.shopify.com/s/files/1/0788/2358/8067/files/swimsuit-vintage-crown-jewel-retro-summer-fashion-burning-man-mermaid-outfit-pool-party-prints-5427428.png?v=1777788667,All-over print in vivid multicolor tones; full edge-to-edge sublimation coverage on Swimsuit,chromatic therapy,dopamine dressing,festival core 2026,vivid aura aesthetic,all over print,AOP fashion,festival outfit,rave wear,streetwear,statement piece,graphic print,bold print,Not a look. A statement of existence.,Girls,Boundless Bleeds|StreetsmART|Cognitive Drift|Transcendent Artifacts,
9214499520739,Mind-Melting Visuals AOP Bucket Hat | Dyles Mavis Hot-Pink & Lime Psychedelic Hypno-Dot Print — Made in USA Festival Streetwear Hat (Unisex),Bucket Hat,37.0,https://cdn.shopify.com/s/files/1/0788/2358/8067/files/bucket-hat-mind-melting-visuals-collection-head-turning-design-aesthetic-rebellion-unique-bucket-hat-statement-accessory-trendy-bucket-8896640.png?v=1777788607,Psychedelic full-coverage print in vivid multicolor tones; full edge-to-edge sublimation coverage on Bucket Hat,main character energy,festival core 2026,art kid fashion,hyperpop streetwear,all over print,AOP fashion,festival outfit,streetwear,statement piece,graphic print,alt fashion,unique gift,Reality is optional. Fashion is mandatory.,Guys+Girls,Cognitive Drift|Boundless Bleeds|StreetsmART|Ocular Opulence,Accessories
9214499553507,Pointillist Prism Hawaiian Camp Shirt — Rainbow Dot-Scale Gradient AOP Button-Up for Summer Main Characters,Hawaiian Shirt,161.04,https://cdn.shopify.com/s/files/1/0788/2358/8067/files/mens-hawaiian-camp-shirt-aop-7868280.png?v=1777788609,All-over print in rainbow tones; full edge-to-edge sublimation coverage on Hawaiian Shirt,dopamine dressing,wearable art movement,eclectic maximalism,chromatic therapy,all over print,AOP fashion,festival outfit,rave wear,streetwear,statement piece,graphic print,bold print,The future of fashion isn't quiet.,Guys+Girls,Boundless Bleeds|Chromatic Overload|Color Riot,
9214499586275,"Dragon Ballistic Kimono Robe for Fierce Feminine Maximalists — Samurai-Inspired AOP Kaftan, Bold Japanese-Style Statement Robe, Gift for Her Warrior Aesthetic",Kaftan,57.7,https://cdn.shopify.com/s/files/1/0788/2358/8067/files/kimono-robe-dragon-ballistic-style-samurai-for-feminine-and-fierce-3962516.png?v=1777788608,All-over print in red tones; full edge-to-edge sublimation coverage on Kaftan,wearable art movement,eclectic maximalism,weird girl aesthetic,chromatic therapy,all over print,AOP fashion,festival outfit,rave wear,streetwear,statement piece,graphic print,bold print,Your body is the canvas. Act accordingly.,Girls,Maximalist Motifs|Boundless Bleeds|Primal Prints|Transcendent Artifacts|Avant-Kindergarden™,
9214499619043,"Vibrant AOP Long Sleeve V-Neck for Glow-Up Self-Expressers — Women's Bold Print Tee, Confidence-Led Statement Top, Everyday Maximalist Shirt, Assembled in USA, S–2XL",Shirt,50.72,https://cdn.shopify.com/s/files/1/0788/2358/8067/files/colorful-womans-long-sleeve-v-neck-style-aop-shirt-with-vibrant-colors-built-in-confidence-boosting-construction-bonus-keeps-you-glown-up-4594363.png?v=1777788609,All-over print in vivid multicolor tones; full edge-to-edge sublimation coverage on Shirt,dopamine dressing,wearable art movement,eclectic maximalism,chromatic therapy,all over print,AOP fashion,festival outfit,rave wear,streetwear,statement piece,graphic print,bold print,Curated chaos for the aesthetically enlightened.,Girls,Maximalist Motifs|Boundless Bleeds|Transcendent Artifacts|Chromatic Overload,
9214499684579,"Floral Print Athletic Hoodie for Nature-Forward Fitness Dressers — 95% Recycled Polyester AOP, Adjustable Hood, Gym-to-Street Nature Statement, Bold Eco Activewear Layer",Hoodie,53.68,https://cdn.shopify.com/s/files/1/0788/2358/8067/files/floral-print-athletic-hoodie-cozy-gym-layer-nature-inspired-sportswear-perfect-gift-for-fitness-lovers-stylish-outdoor-apparel-9785525.png?v=1777788607,Dense botanical/floral aop illustration in vivid multicolor tones; full edge-to-edge sublimation coverage on Hoodie,art kid fashion,main character energy,hyperpop streetwear,festival core 2026,all over print,AOP fashion,streetwear,graphic print,bold print,alt fashion,wearable art,festival outfit,Why carry flowers when you can wear them?,Girls,Primal Prints|Quantum Bloom|StreetsmART|Boundless Bleeds|Maximalist Motifs|Transcendent Artifacts,
9214499750115,Women’s Colorful Pajama Pants – Soft Lounge Pants with Vibrant All-Over Print Toyland Designed By dylesmavis,Pajama Pants,52.82,https://cdn.shopify.com/s/files/1/0788/2358/8067/files/womens-colorful-pajama-pants-soft-lounge-pants-with-vibrant-all-over-print-toyland-designed-by-dylesmavis-5138767.png?v=1777788609,All-over print in vivid multicolor tones; full edge-to-edge sublimation coverage on Pajama Pants,dopamine dressing,eclectic maximalism,art kid fashion,main character energy,all over print,AOP fashion,festival outfit,rave wear,streetwear,statement piece,graphic print,bold print,Art shouldn't stay on walls. Let it walk.,Guys+Girls,Boundless Bleeds|Transcendent Artifacts|Chromatic Overload,
9214499782883,Wall of Graft Titti Splatter Art Digital Graphic Hoodie,Hoodie,50.78,https://cdn.shopify.com/s/files/1/0788/2358/8067/files/wall-of-graft-titti-splatter-art-digital-graphic-hoodie-8305286.png?v=1777788608,All-over print in vivid multicolor tones; full edge-to-edge sublimation coverage on Hoodie,art kid fashion,main character energy,hyperpop streetwear,festival core 2026,all over print,AOP fashion,streetwear,graphic print,bold print,alt fashion,wearable art,festival outfit,The future of fashion isn't quiet.,Guys+Girls,StreetsmART|Boundless Bleeds|Static Frequency|Chromatic Overload|Avant-Kindergarden™,
9214499881187,Shattered Beyond Compare - AOP Unisex Graphic Hoodie for Broken Souls and Overrecyclers,Hoodie,90.87,https://cdn.shopify.com/s/files/1/0788/2358/8067/files/shattered-beyond-compare-aop-unisex-graphic-hoodie-for-broken-souls-and-overrecyclers-1053829.png?v=1777788606,All-over print in red tones; full edge-to-edge sublimation coverage on Hoodie,art kid fashion,main character energy,hyperpop streetwear,festival core 2026,all over print,AOP fashion,streetwear,graphic print,bold print,alt fashion,wearable art,festival outfit,Curated chaos for the aesthetically enlightened.,Guys+Girls,Boundless Bleeds|Transcendent Artifacts|Chromatic Overload,Accessories
9214499946723,Retro Pop Comic Collage Hoodie – Bold All-Over Print Streetwear for Art Lovers & Vintage Vibe Seekers,Hoodie,87.17,https://cdn.shopify.com/s/files/1/0788/2358/8067/files/retro-pop-comic-collage-hoodie-bold-all-over-print-streetwear-for-art-lovers-vintage-vibe-seekers-1653528.png?v=1777788606,Collage-style sticker bomb print in vivid multicolor tones; full edge-to-edge sublimation coverage on Hoodie,art kid fashion,main character energy,hyperpop streetwear,festival core 2026,all over print,AOP fashion,streetwear,graphic print,bold print,alt fashion,wearable art,festival outfit,Curated chaos for the aesthetically enlightened.,Guys+Girls,StreetsmART|Boundless Bleeds|Transcendent Artifacts,
9214499979491,Urban Cipher Graffiti All-Over Print Hawaiian Camp Shirt | Men's Streetwear Art Tee,Hawaiian Shirt,104.02,https://cdn.shopify.com/s/files/1/0788/2358/8067/files/urban-cipher-graffiti-all-over-print-hawaiian-camp-shirt-mens-streetwear-art-tee-3151909.png?v=1777788612,Graffiti-style street art print in vivid multicolor tones; full edge-to-edge sublimation coverage on Hawaiian Shirt,dopamine dressing,wearable art movement,eclectic maximalism,chromatic therapy,all over print,AOP fashion,festival outfit,rave wear,streetwear,statement piece,graphic print,bold print,"Tag everything, including the algorithm.",Guys,StreetsmART|Boundless Bleeds|Chromatic Overload,
9214500045027,"Vibrant Abstract AOP Full-Zip Hoodie – Gold Zipper, Black & White",Zip-Up Hoodie,69.78,https://cdn.shopify.com/s/files/1/0788/2358/8067/files/vibrant-abstract-aop-full-zip-hoodie-gold-zipper-black-white-5069223.png?v=1777788609,"Abstract art aop print in black, white, gold tones; full edge-to-edge sublimation coverage on Zip-Up Hoodie",art kid fashion,main character energy,hyperpop streetwear,festival core 2026,all over print,AOP fashion,streetwear,graphic print,bold print,alt fashion,wearable art,festival outfit,Art shouldn't stay on walls. Let it walk.,Guys+Girls,StreetsmART|Boundless Bleeds|Chromatic Overload,
9214500077795,Seven Tails Moon Nature's Collage AOP Hoodie – Vibrant Patchwork Streetwear,Hoodie,59.05,https://cdn.shopify.com/s/files/1/0788/2358/8067/files/seven-tails-moon-natures-collage-aop-hoodie-vibrant-patchwork-streetwear-6718540.png?v=1777788609,Collage-style sticker bomb print in vivid multicolor tones; full edge-to-edge sublimation coverage on Hoodie,art kid fashion,main character energy,hyperpop streetwear,festival core 2026,all over print,AOP fashion,streetwear,graphic print,bold print,alt fashion,wearable art,festival outfit,The future of fashion isn't quiet.,Guys+Girls,Primal Prints|StreetsmART|Boundless Bleeds|Cosmic Debris|Transcendent Artifacts|Quantum Bloom,
9214500143331,"Retro Vibes Camp Shirt for the Most Interesting Dresser at Summer — AOP 100% Polyester Sublimation Hawaiian, Button Front Linen Texture, Vacation Party Beach Festival Menswear",Hawaiian Shirt,104.02,https://cdn.shopify.com/s/files/1/0788/2358/8067/files/colorful-retro-hawaiian-camp-shirt-for-men-perfect-for-summer-parties-and-beach-days-7798425.png?v=1777788609,All-over print in vivid multicolor tones; full edge-to-edge sublimation coverage on Hawaiian Shirt,dopamine dressing,wearable art movement,eclectic maximalism,chromatic therapy,all over print,AOP fashion,festival outfit,rave wear,streetwear,statement piece,graphic print,bold print,Curated chaos for the aesthetically enlightened.,Guys+Girls,Boundless Bleeds|Primal Prints|Chromatic Overload|Tacticolor,
9214500176099,"Vibrant Men's Hawaiian Camp Shirt, Tropical Vacation Wear, Beach Party Essentials, Fun Summer Fashion, Colorful AOP Shirt",Hawaiian Shirt,122.0,https://cdn.shopify.com/s/files/1/0788/2358/8067/files/vibrant-mens-hawaiian-camp-shirt-tropical-vacation-wear-beach-party-essentials-fun-summer-fashion-colorful-aop-shirt-9412564.png?v=1777788607,All-over print in vivid multicolor tones; full edge-to-edge sublimation coverage on Hawaiian Shirt,dopamine dressing,wearable art movement,eclectic maximalism,chromatic therapy,all over print,AOP fashion,festival outfit,rave wear,streetwear,statement piece,graphic print,bold print,Curated chaos for the aesthetically enlightened.,Guys,Chromatic Overload|Boundless Bleeds|Primal Prints,
9214500208867,"Torn Poster Street Collage Skater Dress — Black, White & Orange Mixed-Media AOP Flared Party Dress",Skater Dress,55.0,https://cdn.shopify.com/s/files/1/0788/2358/8067/files/womens-skater-dress-aop-1474601.png?v=1777788609,"Collage-style sticker bomb print in black, white, red tones; full edge-to-edge sublimation coverage on Skater Dress",weird girl aesthetic,wearable art movement,dopamine dressing,chromatic therapy,all over print,AOP fashion,wearable art,festival outfit,indie aesthetic,statement piece,graphic print,alt fashion,Not a look. A statement of existence.,Girls,Boundless Bleeds|StreetsmART|Transcendent Artifacts,
9214500241635,Skater Skirt – Mermaid Gems Radiant Aqua Neon Splash Iridescent Rave Mini Skirt,Skirt,43.99,https://cdn.shopify.com/s/files/1/0788/2358/8067/files/skater-skirt-mermaid-gems-radiant-aqua-neon-splash-iridescent-rave-mini-skirt-3872592.png?v=1777788606,"All-over print in neon, iridescent tones; full edge-to-edge sublimation coverage on Skirt",dopamine dressing,eclectic maximalism,main character energy,festival core 2026,all over print,AOP fashion,festival outfit,rave wear,streetwear,statement piece,graphic print,bold print,No streetlight? You ARE the streetlight.,Girls,Static Frequency|Avant-Kindergarden™|Maximalist Motifs|Chromatic Overload|Boundless Bleeds,
9214500307171,Zip-Up Hoodie – Psychedelic Neon Splatter AOP | Abstract Fluid Art Streetwear in Neon Green & Electric Purple,Zip-Up Hoodie,43.62,https://cdn.shopify.com/s/files/1/0788/2358/8067/files/zip-up-hoodie-psychedelic-neon-splatter-aop-abstract-fluid-art-streetwear-in-neon-green-electric-purple-8478920.png?v=1777788609,"Psychedelic full-coverage print in neon, green, purple tones; full edge-to-edge sublimation coverage on Zip-Up Hoodie",art kid fashion,main character energy,hyperpop streetwear,festival core 2026,all over print,AOP fashion,streetwear,graphic print,bold print,alt fashion,wearable art,festival outfit,Your aura called — it wants to be seen from orbit.,Guys+Girls,Static Frequency|StreetsmART|Boundless Bleeds|Cognitive Drift|Maximalist Motifs|Chromatic Overload,
9214500339939,Plurrple AOP Pullover Hoodie – Bioluminescent Neural Web Streetwear,Hoodie,87.17,https://cdn.shopify.com/s/files/1/0788/2358/8067/files/plurrple-aop-pullover-hoodie-bioluminescent-neural-web-streetwear-7334636.png?v=1777788666,All-over print in vivid multicolor tones; full edge-to-edge sublimation coverage on Hoodie,art kid fashion,main character energy,hyperpop streetwear,festival core 2026,all over print,AOP fashion,streetwear,graphic print,bold print,alt fashion,wearable art,festival outfit,Curated chaos for the aesthetically enlightened.,Guys+Girls,Cognitive Drift|StreetsmART|Boundless Bleeds|Static Frequency|Cosmic Debris|Chromatic Overload,
9214500372707,Electric Kaleidoscope AOP Pullover Hoodie – Psychedelic Fractal Streetwear,Hoodie,76.04,https://cdn.shopify.com/s/files/1/0788/2358/8067/files/electric-kaleidoscope-aop-pullover-hoodie-psychedelic-fractal-streetwear-2683330.png?v=1777788622,Psychedelic full-coverage print in vivid multicolor tones; full edge-to-edge sublimation coverage on Hoodie,art kid fashion,main character energy,hyperpop streetwear,festival core 2026,all over print,AOP fashion,streetwear,graphic print,bold print,alt fashion,wearable art,festival outfit,Every rotation is a revolution.,Guys+Girls,Cognitive Drift|Static Frequency|Chromatic Overload|Boundless Bleeds|StreetsmART|Cosmic Debris,
9214500405475,"Chameleon Prism AOP Hoodie for Light-Chasing Streetwear Collectors — Iridescent Color-Shift Print, Custom Inner Hood Lining, Festival Gallery Night Rave, Unisex S–4XL",Hoodie,76.04,https://cdn.shopify.com/s/files/1/0788/2358/8067/files/chameleon-prism-aop-hoodie-iridescent-color-shift-streetwear-6700962.png?v=1777788608,All-over print in iridescent tones; full edge-to-edge sublimation coverage on Hoodie,art kid fashion,main character energy,hyperpop streetwear,festival core 2026,all over print,AOP fashion,streetwear,graphic print,bold print,alt fashion,wearable art,festival outfit,When mundane isn't in your vocabulary.,Guys+Girls,Ocular Opulence|StreetsmART|Static Frequency|Boundless Bleeds|Maximalist Motifs|Transcendent Artifacts,
9214500438243,"Camping Container Abstract AOP Tough Phone Case | UV-Protected Shock-Absorbing TPU Designer Cover — Gorpcore Maximalist Outdoor Tech Gift, Wireless Charging Compatible",Phone Case,23.6,https://cdn.shopify.com/s/files/1/0788/2358/8067/files/673964797519154064_2048.jpg?v=1775899160,Abstract art aop print in vivid multicolor tones; full edge-to-edge sublimation coverage on Phone Case,post-internet fashion,dopamine dressing,neuro-spicy style,vivid aura aesthetic,AOP fashion,statement piece,graphic print,alt fashion,indie aesthetic,unique gift,maximalist fashion,bold print,The details make the drip.,Guys+Girls,Boundless Bleeds|Primal Prints|Static Frequency|Cognitive Drift|Maximalist Motifs|Transcendent Artifacts,Accessories
9214500536547,Primary Palette Splash AOP Hoodie – Bold Abstract Art Streetwear,Hoodie,50.78,https://cdn.shopify.com/s/files/1/0788/2358/8067/files/primary-palette-splash-aop-hoodie-bold-abstract-art-streetwear-8157969.png?v=1777788608,Abstract art aop print in vivid multicolor tones; full edge-to-edge sublimation coverage on Hoodie,art kid fashion,main character energy,hyperpop streetwear,festival core 2026,all over print,AOP fashion,streetwear,graphic print,bold print,alt fashion,wearable art,festival outfit,This isn't clothing. It's an argument for color.,Guys+Girls,StreetsmART|Chromatic Overload|Boundless Bleeds|Cognitive Drift|Maximalist Motifs,
9214500569315,Psychedelic Web Unisex Tee – Vibrant Abstract Cut & Sew T-Shirt | Festival Fashion & Streetwear Vibes,T-Shirt,36.3,https://cdn.shopify.com/s/files/1/0788/2358/8067/files/psychedelic-web-unisex-tee-vibrant-abstract-cut-sew-t-shirt-festival-fashion-streetwear-vibes-8889191.png?v=1777788609,Psychedelic full-coverage print in vivid multicolor tones; full edge-to-edge sublimation coverage on T-Shirt,dopamine dressing,post-internet fashion,weird girl aesthetic,vivid aura aesthetic,all over print,AOP fashion,festival outfit,rave wear,streetwear,statement piece,graphic print,bold print,Wear what your pineal gland dreams about.,Guys+Girls,Boundless Bleeds|StreetsmART|Cognitive Drift|Chromatic Overload,
9214500634851,"Garment-Dyed Art Tee for the Chronically Self-Expressive — Abstract Geometric AOP T-Shirt, Ring-Spun Cotton Statement, Wearable Art Streetwear, Unisex Festival Tee, Bold Print",T-Shirt,24.82,https://cdn.shopify.com/s/files/1/0788/2358/8067/files/abstract-geometric-art-t-shirt-garment-dyed-unisex-tee-5000780.png?v=1778120046,Abstract art aop print in vivid multicolor tones; full edge-to-edge sublimation coverage on T-Shirt,dopamine dressing,post-internet fashion,weird girl aesthetic,vivid aura aesthetic,all over print,AOP fashion,festival outfit,rave wear,streetwear,statement piece,graphic print,bold print,Curated chaos for the aesthetically enlightened.,Guys+Girls,Boundless Bleeds|Maximalist Motifs|StreetsmART|Transcendent Artifacts|Vibe-Checked Vectors,
9219066822883,Joggers – TACTICIAN Slim Fit Designer Tracksuit Bottoms | Premium Poly-Elastane Streetwear Joggers 2XS–2XL,Joggers,152.0,https://cdn.shopify.com/s/files/1/0788/2358/8067/files/2965286_0_3d_7d8c0d21-0241-4f9f-9822-043eee1096cd.png?v=1776080527,All-over print in vivid multicolor tones; full edge-to-edge sublimation coverage on Joggers,hyperpop streetwear,dopamine dressing,eclectic maximalism,serotonin boost fashion,all over print,AOP fashion,festival outfit,rave wear,streetwear,statement piece,graphic print,bold print,Not a look. A statement of existence.,Guys+Girls,Boundless Bleeds|StreetsmART|Transcendent Artifacts,
9222936494307,Neon Cosmic Zigzag - Intense Psychedelic Vector,Digital Download,1.99,https://cdn.shopify.com/s/files/1/0788/2358/8067/files/zigzagg.svg?v=1775844914,Psychedelic full-coverage print in neon tones; full edge-to-edge sublimation coverage on Digital Download,dopamine dressing,eclectic maximalism,main character energy,festival core 2026,all over print,AOP fashion,festival outfit,rave wear,streetwear,statement piece,graphic print,bold print,Reality is optional. Fashion is mandatory.,Guys+Girls,Static Frequency|Cognitive Drift|Cosmic Debris|Chromatic Overload|Astral Syntax|Vibe-Checked Vectors,
9225499803875,Tiger Stripe Sun Hoodie with Face Cover — Burnt Orange AOP UPF Performance Pullover with Thumb-Hole Sleeves,Hoodie,37.0,https://cdn.shopify.com/s/files/1/0788/2358/8067/files/tiger-hooded-sun-protection-7130360.png?v=1776796692,All-over print in vivid multicolor tones; full edge-to-edge sublimation coverage on Hoodie,art kid fashion,main character energy,hyperpop streetwear,festival core 2026,all over print,AOP fashion,streetwear,graphic print,bold print,alt fashion,wearable art,festival outfit,"Born wild, dressed wilder.",Guys+Girls,Boundless Bleeds|Primal Prints|StreetsmART,
9225531359459,"Plush Medley AOP Graphic Jersey for Abstract Ravewear Collectors — All-Over Print Men's Statement Athletic Top, Festival Streetwear Wearable Art Jersey",Jersey,39.0,https://cdn.shopify.com/s/files/1/0788/2358/8067/files/plush-medley-aop-graphic-jersey-abstract-ravewear-7262449.png?v=1777788610,Abstract art aop print in vivid multicolor tones; full edge-to-edge sublimation coverage on Jersey,dopamine dressing,eclectic maximalism,main character energy,festival core 2026,all over print,AOP fashion,festival outfit,rave wear,streetwear,statement piece,graphic print,bold print,Your body is the canvas. Act accordingly.,Guys,Boundless Bleeds|StreetsmART|Maximalist Motifs,
9225533194467,"Caribbean Bandits Fleece-Lined Bathrobe for Bold Loungewear Collectors — 320gsm AOP Plush Interior Belt Robe, Comfort Meets Statement, Wearable Art Loungewear, M–5XL",Bathrobe,57.0,https://cdn.shopify.com/s/files/1/0788/2358/8067/files/caribbean-bandits-aop-fleece-lined-bathrobe-with-belt-2137794.png?v=1777788606,All-over print in vivid multicolor tones; full edge-to-edge sublimation coverage on Bathrobe,dopamine dressing,eclectic maximalism,main character energy,festival core 2026,all over print,AOP fashion,festival outfit,rave wear,streetwear,statement piece,graphic print,bold print,Curated chaos for the aesthetically enlightened.,Guys+Girls,Boundless Bleeds|StreetsmART|Maximalist Motifs|Transcendent Artifacts,
9225533522147,Bone Splatter Camo Fleece-Lined Hoodie for Grunge Streetwear Heads — Muted Sage AOP Winter Pullover,Hoodie,48.0,https://cdn.shopify.com/s/files/1/0788/2358/8067/files/hoodie-3348185.png?v=1776796692,All-over print in vivid multicolor tones; full edge-to-edge sublimation coverage on Hoodie,art kid fashion,main character energy,hyperpop streetwear,festival core 2026,all over print,AOP fashion,streetwear,graphic print,bold print,alt fashion,wearable art,festival outfit,Not a look. A statement of existence.,Guys+Girls,Boundless Bleeds|StreetsmART|Chromatic Overload,
9225544925411,Plush Collage AOP Fleece Half-Zip Hoodie with Arm Pockets,Hoodie,55.0,https://cdn.shopify.com/s/files/1/0788/2358/8067/files/plush-collage-aop-fleece-half-zip-hoodie-with-arm-pockets-6857379.png?v=1777788608,Collage-style sticker bomb print in vivid multicolor tones; full edge-to-edge sublimation coverage on Hoodie,art kid fashion,main character energy,hyperpop streetwear,festival core 2026,all over print,AOP fashion,streetwear,graphic print,bold print,alt fashion,wearable art,festival outfit,Wear what others can't explain.,Guys+Girls,StreetsmART|Maximalist Motifs|Boundless Bleeds|Primal Prints|Quantum Bloom,
9225686352099,Tactical Canvas Unisex Hoodie With Sun-Protective Face Covering Pullover,Hoodie,30.0,https://cdn.shopify.com/s/files/1/0788/2358/8067/files/tactical-canvas-unisex-hoodie-with-sun-protective-face-covering-pullover-8143115.png?v=1777788606,All-over print in vivid multicolor tones; full edge-to-edge sublimation coverage on Hoodie,art kid fashion,main character energy,hyperpop streetwear,festival core 2026,all over print,AOP fashion,streetwear,graphic print,bold print,alt fashion,wearable art,festival outfit,The future of fashion isn't quiet.,Guys+Girls,Boundless Bleeds|StreetsmART|Chromatic Overload,
9225766437091,Urban Woodland Camo Fleece-Lined Hoodie — Mossy Green AOP Tactical Streetwear Pullover for Cold-Weather Explorers,Hoodie,47.46,https://cdn.shopify.com/s/files/1/0788/2358/8067/files/all-over-print-mens-thicken-pullover-hoodie-4034991.jpg?v=1776768482,All-over print in green tones; full edge-to-edge sublimation coverage on Hoodie,art kid fashion,main character energy,hyperpop streetwear,festival core 2026,all over print,AOP fashion,streetwear,graphic print,bold print,alt fashion,wearable art,festival outfit,Your outfit IS the gallery. No admission required.,Guys+Girls,Boundless Bleeds|StreetsmART|Chromatic Overload,
9225772335331,"Tactical Brushstroke Camo 3-Piece Bedding Set — Orange & Teal AOP Duvet Cover + Pillowcases, Dopamine Decor",Suit,87.78,https://cdn.shopify.com/s/files/1/0788/2358/8067/files/double-sided-printing-three-piece-suitdouble-sided-printing-6052106.jpg?v=1776768843,All-over print in vivid multicolor tones; full edge-to-edge sublimation coverage on Suit,dopamine dressing,serotonin boost fashion,wearable art movement,chromatic therapy,all over print,AOP fashion,festival outfit,rave wear,streetwear,statement piece,graphic print,bold print,Art shouldn't stay on walls. Let it walk.,Guys+Girls,Boundless Bleeds|Chromatic Overload|Color Riot,Home & Living
9225774301411,"Emoji Expose Collared Shirt for Internet Culture Streetwear Dressers — All-Over Emoji AOP 125gsm Slub Cotton, Lapel Collar Chest Pocket, Bold Irreverent Menswear, XS–5XL",Shirt,77.0,https://cdn.shopify.com/s/files/1/0788/2358/8067/files/emoji-expose-collared-shirt-all-over-print-100-cotton-maximalist-streetwear-lapel-4405828.png?v=1776796693,All-over print in red tones; full edge-to-edge sublimation coverage on Shirt,dopamine dressing,wearable art movement,eclectic maximalism,chromatic therapy,all over print,AOP fashion,festival outfit,rave wear,streetwear,statement piece,graphic print,bold print,When mundane isn't in your vocabulary.,Guys+Girls,Boundless Bleeds|StreetsmART|Maximalist Motifs,
9225774465251,Retro Bloom Doodle Half-Zip Collar Sweatshirt — Dense 70s Floral AOP Statement Top for Maximalist Dressers,Sweatshirt,51.98,https://cdn.shopify.com/s/files/1/0788/2358/8067/files/stand-up-collar-shirt-5488341.png?v=1776796691,Dense botanical/floral aop illustration in vivid multicolor tones; full edge-to-edge sublimation coverage on Sweatshirt,art kid fashion,eclectic maximalism,main character energy,serotonin boost fashion,all over print,AOP fashion,festival outfit,rave wear,streetwear,statement piece,graphic print,bold print,Wear the whole garden. Let the sidewalk be your runway.,Girls,Boundless Bleeds|Primal Prints|Quantum Bloom|StreetsmART|Maximalist Motifs|Transcendent Artifacts,
9225790423267,Melted Candy All-Over-Print Unisex Sweatshirt | 100% Cotton 310GSM,Sweatshirt,50.0,https://cdn.shopify.com/s/files/1/0788/2358/8067/files/melted-candy-all-over-print-unisex-sweatshirt-100-cotton-310gsm-4000233.jpg?v=1776796694,All-over print in vivid multicolor tones; full edge-to-edge sublimation coverage on Sweatshirt,art kid fashion,eclectic maximalism,main character energy,serotonin boost fashion,all over print,AOP fashion,festival outfit,rave wear,streetwear,statement piece,graphic print,bold print,The future of fashion isn't quiet.,Guys+Girls,StreetsmART|Boundless Bleeds|Static Frequency|Cognitive Drift|Maximalist Motifs|Chromatic Overload,
9231500476643,Splatter Art Hoodie - All-Over Print 100% Cotton 310GSM | Unisex Paint Explosion Streetwear,Hoodie,82.76,https://cdn.shopify.com/s/files/1/0788/2358/8067/files/splatter-art-hoodie-all-over-print-100-cotton-310gsm-unisex-paint-explosion-streetwear-9423715.png?v=1776796688,All-over print in vivid multicolor tones; full edge-to-edge sublimation coverage on Hoodie,art kid fashion,main character energy,hyperpop streetwear,festival core 2026,all over print,AOP fashion,streetwear,graphic print,bold print,alt fashion,wearable art,festival outfit,Curated chaos for the aesthetically enlightened.,Guys+Girls,Boundless Bleeds|StreetsmART|Cognitive Drift|Chromatic Overload,
9231500542179,Spider Web Rave Hoodie - 100% Pure Cotton Night Owls Gear - Unisex,Hoodie,83.0,https://cdn.shopify.com/s/files/1/0788/2358/8067/files/spider-web-rave-hoodie-100-pure-cotton-night-owls-gear-unisex-8223220.png?v=1776796691,All-over print in vivid multicolor tones; full edge-to-edge sublimation coverage on Hoodie,art kid fashion,main character energy,hyperpop streetwear,festival core 2026,all over print,AOP fashion,streetwear,graphic print,bold print,alt fashion,wearable art,festival outfit,Art shouldn't stay on walls. Let it walk.,Guys+Girls,Boundless Bleeds|StreetsmART|Maximalist Motifs,
9231536554211,Boundless Bleeds AOP Blackout Curtains with Hooks | 265gsm UV-Resistant Insulated Window Panels — Maximalist Art-Forward Light-Blocking Home Decor,Window Curtain,39.44,https://cdn.shopify.com/s/files/1/0788/2358/8067/files/blackout-curtains-with-hooks-265gsm-6467426.jpg?v=1776534074,All-over print in black tones; full edge-to-edge sublimation coverage on Window Curtain,dopamine dressing,eclectic maximalism,main character energy,festival core 2026,all over print,AOP fashion,festival outfit,rave wear,streetwear,statement piece,graphic print,bold print,When mundane isn't in your vocabulary.,Guys+Girls,Boundless Bleeds|Cognitive Drift|Maximalist Motifs|Transcendent Artifacts,Home & Living
9231538323683,Reptard Enraged | AOP Unisex Pullover Hoodie | Premium Comfort 100% Cotton,Hoodie,75.0,https://cdn.shopify.com/s/files/1/0788/2358/8067/files/reptard-enraged-aop-unisex-pullover-hoodie-premium-comfort-100-cotton-7974953.png?v=1776796692,All-over print in vivid multicolor tones; full edge-to-edge sublimation coverage on Hoodie,art kid fashion,main character energy,hyperpop streetwear,festival core 2026,all over print,AOP fashion,streetwear,graphic print,bold print,alt fashion,wearable art,festival outfit,Wear what others can't explain.,Guys+Girls,Boundless Bleeds|Transcendent Artifacts|Chromatic Overload,
9231538847971,"Tangerine Doodle Confetti Hoodie — Warm Pop Scribble AOP 310gsm Cotton Pullover, Dopamine Dressing Core",Hoodie,89.0,https://cdn.shopify.com/s/files/1/0788/2358/8067/files/all-over-print-unisex-pullover-hoodie-310gsm-cotton-1209003.png?v=1776796692,All-over print in vivid multicolor tones; full edge-to-edge sublimation coverage on Hoodie,art kid fashion,main character energy,hyperpop streetwear,festival core 2026,all over print,AOP fashion,streetwear,graphic print,bold print,alt fashion,wearable art,festival outfit,The future of fashion isn't quiet.,Girls,Boundless Bleeds|StreetsmART|Chromatic Overload,
9231539306723,"Agent Orange Geometric Hoodie for Bold Streetwear Collectors — 310gsm Cotton AOP Pullover, High-Voltage Geometry, Heavyweight Art-First Hoodie, Festival Statement, Unisex XS–6XL",Hoodie,87.0,https://cdn.shopify.com/s/files/1/0788/2358/8067/files/all-over-print-unisex-pullover-hoodie-310gsm-cotton-2533700.png?v=1776796691,Geometric vector art print in vivid multicolor tones; full edge-to-edge sublimation coverage on Hoodie,art kid fashion,main character energy,hyperpop streetwear,festival core 2026,all over print,AOP fashion,streetwear,graphic print,bold print,alt fashion,wearable art,festival outfit,Your body is the canvas. Act accordingly.,Guys+Girls,Boundless Bleeds|StreetsmART|Maximalist Motifs|Transcendent Artifacts|Vibe-Checked Vectors,
9231541502179,Sticker Riot AOP Pullover Hoodie — Dense Street Collage 310gsm Cotton Heavyweight for Maximalist Heads,Hoodie,102.54,https://cdn.shopify.com/s/files/1/0788/2358/8067/files/all-over-print-unisex-pullover-hoodie-310gsm-cotton-2533700.png?v=1776796691,Collage-style sticker bomb print in vivid multicolor tones; full edge-to-edge sublimation coverage on Hoodie,art kid fashion,main character energy,hyperpop streetwear,festival core 2026,all over print,AOP fashion,streetwear,graphic print,bold print,alt fashion,wearable art,festival outfit,Curated chaos for the aesthetically enlightened.,Guys+Girls,Boundless Bleeds|StreetsmART|Maximalist Motifs|Color Riot|Hyperdensity,
9231541666019,"Dreadful Thorns Botanical Dark Hoodie for Nature Noir Dressers — 310gsm 100% Cotton AOP Unisex, Razor Thorn Print Full-Bleed, Gothic Streetwear Statement, Kangaroo Pocket XS–6XL",Hoodie,59.0,https://cdn.shopify.com/s/files/1/0788/2358/8067/files/all-over-print-unisex-pullover-hoodie-310gsm-cotton-5062760.jpg?v=1776731448,Dense botanical/floral aop illustration in vivid multicolor tones; full edge-to-edge sublimation coverage on Hoodie,art kid fashion,main character energy,hyperpop streetwear,festival core 2026,all over print,AOP fashion,streetwear,graphic print,bold print,alt fashion,wearable art,festival outfit,Why carry flowers when you can wear them?,Girls,Primal Prints|Boundless Bleeds|Quantum Bloom|StreetsmART|Maximalist Motifs,
9231542223075,"Pawsitive Vibrations Dog Print Sweatshirt for Dog Moms — AOP Off-Shoulder Oversized, Scuba Knit Dog Lover Fashion, Festival-Ready Pet Print, Bold Women's Statement Sweatshirt 2XS–4XL",Sweatshirt,40.98,https://cdn.shopify.com/s/files/1/0788/2358/8067/files/all-over-print-womens-oversized-off-shoulder-sweatshirt-pawsitive-vibrations-dog-print-2992039.png?v=1776796692,All-over print in vivid multicolor tones; full edge-to-edge sublimation coverage on Sweatshirt,art kid fashion,eclectic maximalism,main character energy,serotonin boost fashion,all over print,AOP fashion,festival outfit,rave wear,streetwear,statement piece,graphic print,bold print,Predator energy. Prey aesthetic. Complete confusion.,Girls,StreetsmART|Boundless Bleeds|Primal Prints|Cognitive Drift|Maximalist Motifs|Transcendent Artifacts,
9231542714595,"Positive Vibrations Half-Zip for Psychedelic Dressers — Fluid Abstract AOP Pullover, 260gsm Premium Polyester, Festival Statement Layer, Bold Frequency Streetwear, Unisex White Base",Half-Zip Pullover,45.0,https://cdn.shopify.com/s/files/1/0788/2358/8067/files/all-over-print-mens-half-zip-pullover-shirt-positive-vibrations-psychedelic-white-3218381.png?v=1776720747,Psychedelic full-coverage print in white tones; full edge-to-edge sublimation coverage on Half-Zip Pullover,weird girl aesthetic,wearable art movement,dopamine dressing,chromatic therapy,all over print,AOP fashion,festival outfit,rave wear,streetwear,statement piece,graphic print,bold print,Your aura called — it wants to be seen from orbit.,Girls,Boundless Bleeds|Maximalist Motifs|StreetsmART|Static Frequency|Cognitive Drift|Transcendent Artifacts,
9231543173347,"Dreadful Thorns Half-Zip Pullover for Bold Graphic Streetwear Collectors — Full-Bleed AOP 260gsm Lightweight Polyester, Adjustable Collar, Street-to-Session Statement, S–5XL",Half-Zip Pullover,41.0,https://cdn.shopify.com/s/files/1/0788/2358/8067/files/dreadful-thorns-all-over-print-half-zip-pullover-shirt-bold-graphic-streetwear-mens-s-5xl-3526356.png?v=1776796691,All-over print in vivid multicolor tones; full edge-to-edge sublimation coverage on Half-Zip Pullover,dopamine dressing,eclectic maximalism,main character energy,festival core 2026,all over print,AOP fashion,festival outfit,rave wear,streetwear,statement piece,graphic print,bold print,Your body is the canvas. Act accordingly.,Guys+Girls,Boundless Bleeds|Primal Prints|Maximalist Motifs|StreetsmART|Quantum Bloom,
9231810035939,"Maximalist AOP Men's Hawaiian Shirt | 115gsm Cotton Poplin Button-Up with Roman Collar — Lightweight Summer Statement for Beach, Gallery & Wine Country (S–5XL)",Hawaiian Shirt,55.0,https://cdn.shopify.com/s/files/1/0788/2358/8067/files/all-over-print-mens-hawaiian-shirt-with-button-closure-115gsm-cotton-poplin-9988579.png?v=1776796692,All-over print in vivid multicolor tones; full edge-to-edge sublimation coverage on Hawaiian Shirt,dopamine dressing,wearable art movement,eclectic maximalism,chromatic therapy,all over print,AOP fashion,festival outfit,rave wear,streetwear,statement piece,graphic print,bold print,Curated chaos for the aesthetically enlightened.,Guys,Boundless Bleeds|Cognitive Drift|Maximalist Motifs|Transcendent Artifacts,
9231810363619,Retro Doodle Pop Pinstripe Baseball Jersey — Pastel Graffiti Shape AOP Short Sleeve for Playful Streetwear,Jersey,40.0,https://cdn.shopify.com/s/files/1/0788/2358/8067/files/all-over-print-mens-short-sleeve-baseball-jersey-with-pinstripes-2265215.png?v=1776796692,Graffiti-style street art print in pastel tones; full edge-to-edge sublimation coverage on Jersey,dopamine dressing,eclectic maximalism,main character energy,festival core 2026,all over print,AOP fashion,festival outfit,rave wear,streetwear,statement piece,graphic print,bold print,"Tag everything, including the algorithm.",Guys+Girls,Boundless Bleeds|StreetsmART|Avant-Kindergarden™,
9231810658531,Paper Trail Collage Sleeveless Maxi Dress — Cream Geometric Strip AOP Summer Statement Dress,Dress,50.06,https://cdn.shopify.com/s/files/1/0788/2358/8067/files/all-over-print-womens-sleeveless-maxi-dress-7068810.png?v=1776796693,Geometric vector art print in vivid multicolor tones; full edge-to-edge sublimation coverage on Dress,weird girl aesthetic,wearable art movement,dopamine dressing,chromatic therapy,all over print,AOP fashion,wearable art,festival outfit,indie aesthetic,statement piece,graphic print,alt fashion,Wear what others can't explain.,Girls,Boundless Bleeds|StreetsmART|Transcendent Artifacts|Vibe-Checked Vectors,
9231810953443,"Graffiti Foldable Wallet for Streetwear Collectors — Sign Here AOP Bifold, Street Art Carry, Urban Statement Accessory, Skater Wallet, Wearable Art",Wallet,75.0,https://cdn.shopify.com/s/files/1/0788/2358/8067/files/sign-here-graffiti-tag-foldable-wallet-premium-streetsmart-accessory-1909733.png?v=1776796690,Graffiti-style street art print in vivid multicolor tones; full edge-to-edge sublimation coverage on Wallet,dopamine dressing,eclectic maximalism,main character energy,festival core 2026,all over print,AOP fashion,festival outfit,rave wear,streetwear,statement piece,graphic print,bold print,Carry the city on your back. Wear the walls that shaped you.,Guys+Girls,StreetsmART|Maximalist Motifs|Boundless Bleeds|Cognitive Drift,
9231810986211,Vibrant Carnival Map Foldable Wallet | All-Over Print | Bold Festival Accessories,Wallet,75.0,https://cdn.shopify.com/s/files/1/0788/2358/8067/files/foldable-wallet-7230757.jpg?v=1776725131,All-over print in vivid multicolor tones; full edge-to-edge sublimation coverage on Wallet,dopamine dressing,eclectic maximalism,main character energy,festival core 2026,all over print,AOP fashion,festival outfit,rave wear,streetwear,statement piece,graphic print,bold print,Make your space as bold as your personality.,Guys+Girls,StreetsmART|Boundless Bleeds|Maximalist Motifs|Chromatic Overload,
9231811051747,Light In The Dark Foldable Wallet | Gemstone Print | Dark Luxury Accessories,Wallet,75.0,https://cdn.shopify.com/s/files/1/0788/2358/8067/files/foldable-wallet-8037991.jpg?v=1776724831,All-over print in vivid multicolor tones; full edge-to-edge sublimation coverage on Wallet,dopamine dressing,eclectic maximalism,main character energy,festival core 2026,all over print,AOP fashion,festival outfit,rave wear,streetwear,statement piece,graphic print,bold print,Home is where the art is. Make it loud.,Guys+Girls,Maximalist Motifs|StreetsmART|Boundless Bleeds|Ocular Opulence,
9231811117283,Sticker Bomb Graffiti Foldable Wallet — Street Art Collage Multi-Card Carry for Urban Collectors,Wallet,75.0,https://cdn.shopify.com/s/files/1/0788/2358/8067/files/foldable-wallet-1880555.png?v=1776796691,Graffiti-style street art print in vivid multicolor tones; full edge-to-edge sublimation coverage on Wallet,dopamine dressing,eclectic maximalism,main character energy,festival core 2026,all over print,AOP fashion,festival outfit,rave wear,streetwear,statement piece,graphic print,bold print,"Tag everything, including the algorithm.",Guys+Girls,StreetsmART|Transcendent Artifacts|Chromatic Overload,
9231811870947,Teal Patchwork Collage Maxi Dress — Dark Aqua Abstract AOP Milk-Silk Plus Size Statement Dress,Dress,53.0,https://cdn.shopify.com/s/files/1/0788/2358/8067/files/all-over-print-womens-maxi-dressplus-size-3770298.png?v=1776713887,Abstract art aop print in vivid multicolor tones; full edge-to-edge sublimation coverage on Dress,weird girl aesthetic,wearable art movement,dopamine dressing,chromatic therapy,all over print,AOP fashion,wearable art,festival outfit,indie aesthetic,statement piece,graphic print,alt fashion,Art shouldn't stay on walls. Let it walk.,Girls,Boundless Bleeds|StreetsmART|Transcendent Artifacts,
9231811903715,Sage Splatter Dot Maxi Dress — Cream Painterly AOP Milk-Silk Plus Size Dress for Soft Maximalists,Dress,53.0,https://cdn.shopify.com/s/files/1/0788/2358/8067/files/all-over-print-womens-maxi-dressplus-size-7201773.png?v=1776713887,All-over print in vivid multicolor tones; full edge-to-edge sublimation coverage on Dress,weird girl aesthetic,wearable art movement,dopamine dressing,chromatic therapy,all over print,AOP fashion,wearable art,festival outfit,indie aesthetic,statement piece,graphic print,alt fashion,This isn't clothing. It's an argument for color.,Girls,Boundless Bleeds|Maximalist Motifs|Transcendent Artifacts,
9231812034787,"Maximalist AOP Heavy Fleece Men's Sweatshirt | 480gsm Fur-Lined Pullover — Cold-Weather Statement Streetwear for Festival, Gallery & Studio Layering (S–5XL)",Sweatshirt,39.0,https://cdn.shopify.com/s/files/1/0788/2358/8067/files/all-over-print-mens-heavy-fleece-sweatshirt-1268350.png?v=1776713887,All-over print in vivid multicolor tones; full edge-to-edge sublimation coverage on Sweatshirt,art kid fashion,eclectic maximalism,main character energy,serotonin boost fashion,all over print,AOP fashion,festival outfit,rave wear,streetwear,statement piece,graphic print,bold print,Your body is the canvas. Act accordingly.,Guys,Boundless Bleeds|StreetsmART|Cognitive Drift|Maximalist Motifs,
9231812165859,"Indie Sleaze Collage AOP Flat Brim Cap | All-Over Print Snapback Streetwear Hat for Y2K Revival, Alt-Fashion & Festival Crowd",Snapback Cap,25.0,https://cdn.shopify.com/s/files/1/0788/2358/8067/files/baseball-cap-with-flat-brim-1539132.jpg?v=1776713151,Collage-style sticker bomb print in vivid multicolor tones; full edge-to-edge sublimation coverage on Snapback Cap,main character energy,festival core 2026,art kid fashion,hyperpop streetwear,all over print,AOP fashion,festival outfit,rave wear,streetwear,statement piece,graphic print,bold print,Art shouldn't stay on walls. Let it walk.,Guys+Girls,StreetsmART|Boundless Bleeds|Static Frequency|Cognitive Drift|Maximalist Motifs|Transcendent Artifacts,Accessories
9231812231395,"Gem Pebble Mosaic Foldable Wallet — Painted Stone Cluster AOP Multi-Card Carry, Pocket-Size Wearable Art",Wallet,75.0,https://cdn.shopify.com/s/files/1/0788/2358/8067/files/foldable-wallet-8672704.jpg?v=1776713244,All-over print in vivid multicolor tones; full edge-to-edge sublimation coverage on Wallet,dopamine dressing,eclectic maximalism,main character energy,festival core 2026,all over print,AOP fashion,festival outfit,rave wear,streetwear,statement piece,graphic print,bold print,"Interior design, exterior attitude.",Guys+Girls,Boundless Bleeds|Chromatic Overload|Color Riot,
9231812264163,"Vibrant Prism x High Waistline Sleeveless Maxi Dress,",Dress,42.7,https://cdn.shopify.com/s/files/1/0788/2358/8067/files/vibrant-prism-x-high-waistline-sleeveless-maxi-dress-3650710.png?v=1776713888,All-over print in vivid multicolor tones; full edge-to-edge sublimation coverage on Dress,weird girl aesthetic,wearable art movement,dopamine dressing,chromatic therapy,all over print,AOP fashion,wearable art,festival outfit,indie aesthetic,statement piece,graphic print,alt fashion,Wear what others can't explain.,Girls,Boundless Bleeds|Transcendent Artifacts|Chromatic Overload|Vibe-Checked Vectors,
9231812395235,Bronze & Navy Tortoise Shell AOP Fleece Sweatshirt | 320gsm Fur-Lined Pullover — Organic Geometry Amber Brown Cold-Weather Wearable Art (XS–5XL),Sweatshirt,38.0,https://cdn.shopify.com/s/files/1/0788/2358/8067/files/adams-tortoise-shell-all-over-print-mens-heavy-fleece-sweatshirt-9128271.png?v=1776713888,All-over print in vivid multicolor tones; full edge-to-edge sublimation coverage on Sweatshirt,art kid fashion,eclectic maximalism,main character energy,serotonin boost fashion,all over print,AOP fashion,festival outfit,rave wear,streetwear,statement piece,graphic print,bold print,The future of fashion isn't quiet.,Guys+Girls,Boundless Bleeds|Primal Prints|Maximalist Motifs|Transcendent Artifacts,
9235943981283,Radial Kaleidoscope AOP Hawaiian Shirt – Green & Purple Trippy Print,Hawaiian Shirt,50.0,https://cdn.shopify.com/s/files/1/0788/2358/8067/files/radial-kaleidoscope-aop-hawaiian-shirt-green-purple-trippy-print-9640261.png?v=1777788609,"All-over print in green, purple tones; full edge-to-edge sublimation coverage on Hawaiian Shirt",dopamine dressing,wearable art movement,eclectic maximalism,chromatic therapy,all over print,AOP fashion,festival outfit,rave wear,streetwear,statement piece,graphic print,bold print,"Infinite pattern, infinite potential. Wear it.",Guys+Girls,Boundless Bleeds|Cognitive Drift|Chromatic Overload,
9236004536547,Graffiti Chaos Hoodie — Neon Street Art All-Over Print,Hoodie,57.0,https://cdn.shopify.com/s/files/1/0788/2358/8067/files/graffiti-chaos-hoodie-neon-street-art-all-over-print-warmup-hoodie-8646151.jpg?v=1777751056,Graffiti-style street art print in neon tones; full edge-to-edge sublimation coverage on Hoodie,art kid fashion,main character energy,hyperpop streetwear,festival core 2026,all over print,AOP fashion,streetwear,graphic print,bold print,alt fashion,wearable art,festival outfit,The spray can is mightier than the sword. Wear the proof.,Guys+Girls,Boundless Bleeds|StreetsmART|Static Frequency|Chromatic Overload,
9236013875427,"Neon Biomorphic Cow Print AOP Hoodie for Psychedelic Fashion Collectors — Bold Unisex Fractal Cosmic Pattern Pullover, Rave Festival Statement Streetwear",Hoodie,55.0,https://cdn.shopify.com/s/files/1/0788/2358/8067/files/neon-biomorphic-cow-print-psychedelic-all-over-print-unisex-hoodie-6453129.png?v=1777788609,Psychedelic full-coverage print in neon tones; full edge-to-edge sublimation coverage on Hoodie,art kid fashion,main character energy,hyperpop streetwear,festival core 2026,all over print,AOP fashion,streetwear,graphic print,bold print,alt fashion,wearable art,festival outfit,Close your eyes. Open your wardrobe. Same difference.,Guys+Girls,Boundless Bleeds|Cognitive Drift|Transcendent Artifacts|Chromatic Overload|StreetsmART|Static Frequency,
9237687173347,Melted Neon Crayons All-Over Print Athletic Joggers,Joggers,90.4,https://cdn.shopify.com/s/files/1/0788/2358/8067/files/melted-neon-crayons-all-over-print-athletic-joggers-3804614.png?v=1777788609,All-over print in neon tones; full edge-to-edge sublimation coverage on Joggers,hyperpop streetwear,dopamine dressing,eclectic maximalism,serotonin boost fashion,all over print,AOP fashion,festival outfit,rave wear,streetwear,statement piece,graphic print,bold print,No streetlight? You ARE the streetlight.,Guys+Girls,Boundless Bleeds|StreetsmART|Static Frequency|Maximalist Motifs|Transcendent Artifacts|Chromatic Overload,
9252387127523,Flow Bish — Digital SVG Artwork by Dylesmavis,Digital Download,1.99,https://cdn.shopify.com/s/files/1/0788/2358/8067/files/Flow_Bish.svg?v=1777629162,All-over print in vivid multicolor tones; full edge-to-edge sublimation coverage on Digital Download,dopamine dressing,eclectic maximalism,main character energy,festival core 2026,all over print,AOP fashion,festival outfit,rave wear,streetwear,statement piece,graphic print,bold print,The future of fashion isn't quiet.,Guys+Girls,Boundless Bleeds|Maximalist Motifs|Vibe-Checked Vectors|StreetsmART|Static Frequency,
9254414745827,Starry Night Hoodie — All-Over Print Cotton Pullover,Pullover Hoodie,80.0,https://cdn.shopify.com/s/files/1/0788/2358/8067/files/starry-night-hoodie-all-over-print-cotton-pullover-4552961.png?v=1778120046,All-over print in vivid multicolor tones; full edge-to-edge sublimation coverage on Pullover Hoodie,art kid fashion,main character energy,hyperpop streetwear,festival core 2026,all over print,AOP fashion,streetwear,graphic print,bold print,alt fashion,wearable art,festival outfit,Curated chaos for the aesthetically enlightened.,Guys+Girls,Boundless Bleeds|StreetsmART|Cosmic Debris,
9257415442659,Fluidic Nebula — 2097-Path Neon Collision SVG | Cosmic Fluid Wave AOP Digital Download,Digital Download,1.99,https://cdn.shopify.com/s/files/1/0788/2358/8067/files/fluidic-nebula-2097-path-neon-collision-svg-cosmic-fluid-wave-aop-digital-download-2823706.png?v=1778202906,All-over print in neon tones; full edge-to-edge sublimation coverage on Digital Download,dopamine dressing,eclectic maximalism,main character energy,festival core 2026,all over print,AOP fashion,festival outfit,rave wear,streetwear,statement piece,graphic print,bold print,"When you walk in, the room adjusts its brightness.",Guys+Girls,Astral Syntax|Boundless Bleeds|Static Frequency|Cosmic Debris|Vibe-Checked Vectors|Cognitive Drift,
9257437888739,Carnival Labyrinth — 936-Path Earthy Confetti Collision SVG | Warm Festival AOP Digital Download,Digital Download,0.99,https://cdn.shopify.com/s/files/1/0788/2358/8067/files/carnival-labyrinth-936-path-earthy-confetti-collision-svg-warm-festival-aop-digital-download-9474738.png?v=1778202907,All-over print in vivid multicolor tones; full edge-to-edge sublimation coverage on Digital Download,dopamine dressing,eclectic maximalism,main character energy,festival core 2026,all over print,AOP fashion,festival outfit,rave wear,streetwear,statement piece,graphic print,bold print,Not a look. A statement of existence.,Guys+Girls,Boundless Bleeds|Vibe-Checked Vectors|Static Frequency|Maximalist Motifs,
9259957747939,"Aerosol Alchemists Long Sleeve for Urban Graffiti Heads — Neon Spray Can Creature AOP, 190g Heavyweight Cotton Streetwear, Festival Art Tee, Psychedelic Graffiti Statement, Unisex",Long-Sleeved T-Shirt,25.0,https://cdn.shopify.com/s/files/1/0788/2358/8067/files/20260510180010-3B8A2D54ComfyUI_00001_ievip_1778407175_729bf5aa-ca47-409a-b142-7d45f146fff9.png?v=1778500258,Graffiti-style street art print in neon tones; full edge-to-edge sublimation coverage on Long-Sleeved T-Shirt,dopamine dressing,post-internet fashion,weird girl aesthetic,vivid aura aesthetic,all over print,AOP fashion,festival outfit,rave wear,streetwear,statement piece,graphic print,bold print,"The streets called — they want their art back. Too bad, it's yours now.",Guys+Girls,StreetsmART|Boundless Bleeds|Primal Prints|Static Frequency|Cognitive Drift|Maximalist Motifs,
9259959517411,"Graffiti AOP Heavyweight Jumpsuit for Everything Mashup Maximalists — 310gsm Bold Street Art All-Over Print, Skull Festival Streetwear, Unisex Statement One-Piece",All Over Prints,50.0,https://cdn.shopify.com/s/files/1/0788/2358/8067/files/155733-b8866c93-5245-41d8-8571-4d0fc773aa96.png?v=1778477911,Graffiti-style street art print in vivid multicolor tones; full edge-to-edge sublimation coverage on All Over Prints,dopamine dressing,eclectic maximalism,main character energy,festival core 2026,all over print,AOP fashion,festival outfit,rave wear,streetwear,statement piece,graphic print,bold print,Carry the city on your back. Wear the walls that shaped you.,Girls,Boundless Bleeds|StreetsmART|Maximalist Motifs|Color Riot,
9259966005475,"San Francisco Street Soul AOP Jumpsuit | Full-Body City Signage Print Unisex One-Piece (310gsm, XS–5XL)",Jumpsuit,55.0,https://cdn.shopify.com/s/files/1/0788/2358/8067/files/155733-ccbe7a9f-5da3-4271-ae3d-49b243bed73b.png?v=1778425746,All-over print in vivid multicolor tones; full edge-to-edge sublimation coverage on Jumpsuit,dopamine dressing,eclectic maximalism,main character energy,festival core 2026,all over print,AOP fashion,festival outfit,rave wear,streetwear,statement piece,graphic print,bold print,Curated chaos for the aesthetically enlightened.,Girls,StreetsmART|Boundless Bleeds|Maximalist Motifs|Cognitive Drift,
9259981504739,"Maximalist Zip-Up Hoodie for Nostalgia-Core Dressers — Toybox Entropy AOP Micro Fleece, Festival Streetwear, Geometric Print Statement, Unisex Hyper-Vibrant",Zip-Up Hoodie,53.68,https://cdn.shopify.com/s/files/1/0788/2358/8067/files/155733-865f403e-c462-48c1-9b2b-5305af6a23e6.png?v=1778424127,Geometric vector art print in vivid multicolor tones; full edge-to-edge sublimation coverage on Zip-Up Hoodie,art kid fashion,main character energy,hyperpop streetwear,festival core 2026,all over print,AOP fashion,streetwear,graphic print,bold print,alt fashion,wearable art,festival outfit,Curated chaos for the aesthetically enlightened.,Girls,Boundless Bleeds|Maximalist Motifs|StreetsmART|Static Frequency|Cognitive Drift|Transcendent Artifacts,
9259991728355,"Boundless Bleeds AOP Paint Splatter Long Sleeve Tee | Full-Body Expressionist Print Cotton Crew (190gsm, XS–5XL)",Long-Sleeved T-Shirt,30.0,https://cdn.shopify.com/s/files/1/0788/2358/8067/files/155733-1e66b431-b26d-47ff-98ca-a87ca32a9a92.png?v=1778424996,All-over print in vivid multicolor tones; full edge-to-edge sublimation coverage on Long-Sleeved T-Shirt,dopamine dressing,post-internet fashion,weird girl aesthetic,vivid aura aesthetic,all over print,AOP fashion,festival outfit,rave wear,streetwear,statement piece,graphic print,bold print,Not a look. A statement of existence.,Guys+Girls,Boundless Bleeds|StreetsmART|Cognitive Drift|Chromatic Overload|Color Riot,
9260235161827,"Psychedelic Eye AOP Zip-Up Hoodie for Weirdcore and Indie Sleaze Dressers — Maximalist Retro 70s Dopamine Dressing Festival Jacket, Abstract Art Statement Streetwear",All Over Prints,82.18,https://cdn.shopify.com/s/files/1/0788/2358/8067/files/15694248414881885704_2048.png?v=1780045456,Psychedelic full-coverage print in vivid multicolor tones; full edge-to-edge sublimation coverage on All Over Prints,art kid fashion,main character energy,hyperpop streetwear,festival core 2026,all over print,AOP fashion,festival outfit,rave wear,streetwear,statement piece,graphic print,bold print,Reality is optional. Fashion is mandatory.,Girls,Boundless Bleeds|Ocular Opulence|StreetsmART|Cognitive Drift|Maximalist Motifs|Hypnagogic,
9260235260131,Psychedelic Zebra Stripe Swirl Hoodie | Hypnotic Primary Color Design,All Over Prints,106.86,https://cdn.shopify.com/s/files/1/0788/2358/8067/files/11516134591303338849_2048_2efb0944-8429-4ea3-97c8-b9de1f88fea8.png?v=1778738457,Psychedelic full-coverage print in vivid multicolor tones; full edge-to-edge sublimation coverage on All Over Prints,art kid fashion,main character energy,hyperpop streetwear,festival core 2026,all over print,AOP fashion,festival outfit,rave wear,streetwear,statement piece,graphic print,bold print,The universe expands. So does your wardrobe.,Guys+Girls,Cognitive Drift|Boundless Bleeds|Chromatic Overload|Primal Prints|Transcendent Artifacts|Ocular Opulence,
9260235292899,Strawberry Wheels AOP Button-Up Shirt | Digital Tie-Dye Workwear,All Over Prints,120.0,https://cdn.shopify.com/s/files/1/0788/2358/8067/files/17727052454635658366_2048.png?v=1778476392,Hand-dyed spiral tie-dye pattern in vivid multicolor tones; full edge-to-edge sublimation coverage on All Over Prints,dopamine dressing,wearable art movement,eclectic maximalism,chromatic therapy,all over print,AOP fashion,festival outfit,rave wear,streetwear,statement piece,graphic print,bold print,Tie-dye never left. It was waiting for you.,Guys+Girls,Boundless Bleeds|StreetsmART|Static Frequency|Cognitive Drift|Maximalist Motifs|Color Riot,
9260235358435,Mermaid Scale One-Piece Swimsuit — Iridescent AOP One Piece,All Over Prints,36.0,https://cdn.shopify.com/s/files/1/0788/2358/8067/files/3017790805743290275_2048.png?v=1778474583,All-over print in iridescent tones; full edge-to-edge sublimation coverage on All Over Prints,chromatic therapy,dopamine dressing,festival core 2026,vivid aura aesthetic,all over print,AOP fashion,festival outfit,rave wear,streetwear,statement piece,graphic print,bold print,Art shouldn't stay on walls. Let it walk.,Girls,Boundless Bleeds|Static Frequency|Maximalist Motifs,
9260235620579,Aviary AOP Women's Hoodie Dress | Bird & Botanical Print Wearable Field Guide — Cottagecore Statement Dress with Kangaroo Pocket (S–2XL),Hoodie Dress,57.98,https://cdn.shopify.com/s/files/1/0788/2358/8067/files/10462188145113218526_2048.png?v=1778476745,Dense botanical/floral aop illustration in vivid multicolor tones; full edge-to-edge sublimation coverage on Hoodie Dress,art kid fashion,main character energy,hyperpop streetwear,festival core 2026,all over print,AOP fashion,streetwear,graphic print,bold print,alt fashion,wearable art,festival outfit,Why carry flowers when you can wear them?,Girls,Primal Prints|StreetsmART|Boundless Bleeds|Maximalist Motifs|Transcendent Artifacts|Quantum Bloom,
9260393070819,Everyday Maximalist AOP Crewneck Sweatshirt | 280gsm Heavyweight Unisex Pullover — Bold Print Studio-to-Street Statement Streetwear (S–5XL),Sweatshirt,35.0,https://cdn.shopify.com/s/files/1/0788/2358/8067/files/5f45ac5a9136057011058bda47fe895b.png?v=1778714757,All-over print in vivid multicolor tones; full edge-to-edge sublimation coverage on Sweatshirt,art kid fashion,eclectic maximalism,main character energy,serotonin boost fashion,all over print,AOP fashion,festival outfit,rave wear,streetwear,statement piece,graphic print,bold print,Art shouldn't stay on walls. Let it walk.,Guys+Girls,Boundless Bleeds|Maximalist Motifs|StreetsmART|Cognitive Drift,
9260393103587,"Maximalist Slip-On Shoes for Art-First Dressers — Multipass AOP Canvas Sneakers, Wearable Art Footwear, Unisex Statement Shoes, Streetwear Slip-Ons",Slip-On Shoes,50.0,https://cdn.shopify.com/s/files/1/0788/2358/8067/files/54a7c78d90e440a1c1cb74c47ed5bec0.png?v=1778521632,All-over print in vivid multicolor tones; full edge-to-edge sublimation coverage on Slip-On Shoes,weird girl aesthetic,wearable art movement,dopamine dressing,chromatic therapy,all over print,AOP fashion,festival outfit,rave wear,streetwear,statement piece,graphic print,bold print,This isn't clothing. It's an argument for color.,Girls,StreetsmART|Boundless Bleeds|Maximalist Motifs|Static Frequency|Cognitive Drift|Hyperdensity,
9260393136355,"Maximalist AOP Beanie for Streetwear Collectors — Bold Print Knit Hat, Festival Winter Wear, Cold-Weather Statement Piece, Dopamine Dressing, Unisex Art Hat",Beanie,20.0,https://cdn.shopify.com/s/files/1/0788/2358/8067/files/26546d8d1b069bc03872817deefac652.png?v=1778628820,All-over print in vivid multicolor tones; full edge-to-edge sublimation coverage on Beanie,main character energy,festival core 2026,art kid fashion,hyperpop streetwear,all over print,AOP fashion,streetwear,statement piece,graphic print,alt fashion,unique gift,indie aesthetic,Accessories: the punctuation of fashion.,Girls,Boundless Bleeds|Maximalist Motifs|Cognitive Drift|StreetsmART|Static Frequency|Avant-Kindergarden™,Accessories
9260393169123,"Maximalist AOP Snapback for Wanderlust Dressers — Ticket To Somewhere Bent Brim Cap, Festival Travel Hat, Streetwear Statement, Outdoor Adventure Cap, Unisex Bold Print",Baseball Cap,25.0,https://cdn.shopify.com/s/files/1/0788/2358/8067/files/f24770d9eb38ac476ba4f15da8a4ba78.png?v=1778483743,All-over print in vivid multicolor tones; full edge-to-edge sublimation coverage on Baseball Cap,main character energy,festival core 2026,art kid fashion,hyperpop streetwear,all over print,AOP fashion,festival outfit,rave wear,streetwear,statement piece,graphic print,bold print,Curated chaos for the aesthetically enlightened.,Guys+Girls,Boundless Bleeds|Maximalist Motifs|StreetsmART|Static Frequency|Cognitive Drift|Transcendent Artifacts,Accessories
9260393201891,"Queer Statement Bodysuit for Bold Dressers — Ticket Down South AOP Underwear, Festival Base Layer, LGBT Intimate Wear, Submissive Play Wear, Mens One-Piece",Underwear,19.0,https://cdn.shopify.com/s/files/1/0788/2358/8067/files/undz.jpg?v=1778520091,All-over print in vivid multicolor tones; full edge-to-edge sublimation coverage on Underwear,weird girl aesthetic,wearable art movement,dopamine dressing,chromatic therapy,all over print,AOP fashion,festival outfit,rave wear,streetwear,statement piece,graphic print,bold print,When mundane isn't in your vocabulary.,Guys,Boundless Bleeds|Maximalist Motifs|StreetsmART|Static Frequency,
9260393234659,"Maximalist AOP High-Waist Midi Dress | 180gsm Milk-Fiber Stretch with Flared Hem — Bold Statement Dress for Gallery Openings, Rooftops, Weddings & Self-Expression (S–5XL)",Midi Dress,27.0,https://cdn.shopify.com/s/files/1/0788/2358/8067/files/548de289688192ea11ed9f3d42f69c6c.png?v=1778715320,All-over print in red tones; full edge-to-edge sublimation coverage on Midi Dress,weird girl aesthetic,wearable art movement,dopamine dressing,chromatic therapy,all over print,AOP fashion,wearable art,festival outfit,indie aesthetic,statement piece,graphic print,alt fashion,Art shouldn't stay on walls. Let it walk.,Girls,Boundless Bleeds|Cognitive Drift|Maximalist Motifs|Transcendent Artifacts|Chromatic Overload|Color Riot,
9260393267427,"Maximalist Lounge Shorts for WFH Self-Expressers — Ticket Nation AOP Sleep Shorts, Aesthetic Pajama Wear, Inclusive Plus Size Loungewear, Statement Sleepwear, Women's Bold Print",Shorts,19.0,https://cdn.shopify.com/s/files/1/0788/2358/8067/files/0bb8ad7295a39adc26bc1e6c4861bdcb.png?v=1778520963,All-over print in vivid multicolor tones; full edge-to-edge sublimation coverage on Shorts,festival core 2026,dopamine dressing,chromatic therapy,vivid aura aesthetic,all over print,AOP fashion,festival outfit,rave wear,streetwear,statement piece,graphic print,bold print,This isn't clothing. It's an argument for color.,Girls,Boundless Bleeds|Maximalist Motifs|StreetsmART|Static Frequency|Cognitive Drift|Transcendent Artifacts,
9260393300195,"Maximalist AOP Women's Halter Tie Vest | 180gsm Milk-Silk Adjustable Crop Top — Bold Print Festival, Beach & Rooftop Statement Top (S–3XL)",Crop Top,13.0,https://cdn.shopify.com/s/files/1/0788/2358/8067/files/6f226fe98336ce2097d94a1cbccd0f60.png?v=1778738352,All-over print in vivid multicolor tones; full edge-to-edge sublimation coverage on Crop Top,weird girl aesthetic,dopamine dressing,festival core 2026,vivid aura aesthetic,all over print,AOP fashion,festival outfit,rave wear,streetwear,statement piece,graphic print,bold print,Your body is the canvas. Act accordingly.,Girls,Boundless Bleeds|Maximalist Motifs|Cognitive Drift|Transcendent Artifacts|Chromatic Overload|Color Riot,
9260692570339,Neon Circuit Meltdown SVG – All-Over Print Sublimation Digital Download | Cyberpunk Lava Explosion Vector Art,Digital Download,1.99,https://cdn.shopify.com/s/files/1/0788/2358/8067/files/neoncircuitmeltdown.svg?v=1778515783,Geometric vector art print in neon tones; full edge-to-edge sublimation coverage on Digital Download,dopamine dressing,eclectic maximalism,main character energy,festival core 2026,all over print,AOP fashion,festival outfit,rave wear,streetwear,statement piece,graphic print,bold print,"When you walk in, the room adjusts its brightness.",Guys+Girls,Static Frequency|Boundless Bleeds|Vibe-Checked Vectors|Cognitive Drift|Transcendent Artifacts|Chromatic Overload,
9260706824419,Chromatic Lava Circuit Eruption SVG – All-Over Print Sublimation Digital Download | Psychedelic Neon Explosion Vector Art,Digital Download,1.99,https://cdn.shopify.com/s/files/1/0788/2358/8067/files/chromatic_lava_circuit_eruption_thumb_ac09422f-23d0-490c-90bb-2dc2f2f870c0.png?v=1778518098,Psychedelic full-coverage print in neon tones; full edge-to-edge sublimation coverage on Digital Download,dopamine dressing,eclectic maximalism,main character energy,festival core 2026,all over print,AOP fashion,festival outfit,rave wear,streetwear,statement piece,graphic print,bold print,Close your eyes. Open your wardrobe. Same difference.,Guys+Girls,Static Frequency|Boundless Bleeds|Chromatic Overload|Vibe-Checked Vectors|Cognitive Drift|Transcendent Artifacts,
9260708790499,"Biomorphic Cell Mosaic SVG | Seamless All-Over Print Sublimation Digital Download — Organic Cellular Vector Pattern for POD, Apparel, Wall Art & Sublimation Designers",Digital Download,1.99,https://cdn.shopify.com/s/files/1/0788/2358/8067/files/thumb1.png?v=1778518495,Geometric vector art print in vivid multicolor tones; full edge-to-edge sublimation coverage on Digital Download,dopamine dressing,eclectic maximalism,main character energy,festival core 2026,all over print,AOP fashion,festival outfit,rave wear,streetwear,statement piece,graphic print,bold print,Wear what others can't explain.,Guys+Girls,Boundless Bleeds|Vibe-Checked Vectors|StreetsmART|Static Frequency|Transcendent Artifacts,
9260708856035,Pastel Acrylic Pour Swirl SVG – All-Over Print Sublimation Digital Download | Fluid Art Vector Design,Digital Download,1.99,https://cdn.shopify.com/s/files/1/0788/2358/8067/files/thumb2.png?v=1778518499,Geometric vector art print in pastel tones; full edge-to-edge sublimation coverage on Digital Download,dopamine dressing,eclectic maximalism,main character energy,festival core 2026,all over print,AOP fashion,festival outfit,rave wear,streetwear,statement piece,graphic print,bold print,The universe expands. So does your wardrobe.,Guys+Girls,Boundless Bleeds|Cognitive Drift|Vibe-Checked Vectors|StreetsmART|Static Frequency|Transcendent Artifacts,
9260708954339,Heirloom Botanical Pattern SVG – All-Over Print Sublimation Digital Download | Vintage Floral Vector Art,Digital Download,1.99,https://cdn.shopify.com/s/files/1/0788/2358/8067/files/thumb3.png?v=1778518503,Dense botanical/floral aop illustration in vivid multicolor tones; full edge-to-edge sublimation coverage on Digital Download,dopamine dressing,eclectic maximalism,main character energy,festival core 2026,all over print,AOP fashion,festival outfit,rave wear,streetwear,statement piece,graphic print,bold print,Every petal is a plot twist.,Guys+Girls,Primal Prints|Boundless Bleeds|Quantum Bloom|Vibe-Checked Vectors|StreetsmART|Static Frequency,
9260709085411,Urban Sign Overload SVG – All-Over Print Sublimation Digital Download | Dark Street Signs Vector Art,Digital Download,1.99,https://cdn.shopify.com/s/files/1/0788/2358/8067/files/thumb4.png?v=1778518507,Geometric vector art print in vivid multicolor tones; full edge-to-edge sublimation coverage on Digital Download,dopamine dressing,eclectic maximalism,main character energy,festival core 2026,all over print,AOP fashion,festival outfit,rave wear,streetwear,statement piece,graphic print,bold print,The spray can is mightier than the sword. Wear the proof.,Guys+Girls,Boundless Bleeds|StreetsmART|Vibe-Checked Vectors|Static Frequency|Maximalist Motifs|Transcendent Artifacts,
9260744704227,Maximalist Blueprint Collage SVG – All-Over Print Digital Download | High-Contrast Navy & Cream Vector Art,Digital Download,1.99,https://cdn.shopify.com/s/files/1/0788/2358/8067/files/maximalist_blueprint_collage.svg?v=1778523402,Geometric vector art print in blue tones; full edge-to-edge sublimation coverage on Digital Download,dopamine dressing,eclectic maximalism,main character energy,festival core 2026,all over print,AOP fashion,festival outfit,rave wear,streetwear,statement piece,graphic print,bold print,When mundane isn't in your vocabulary.,Guys+Girls,Boundless Bleeds|Vibe-Checked Vectors|StreetsmART|Static Frequency|Maximalist Motifs|Transcendent Artifacts,
9260744966371,Dark Mixed Media Wall Collage SVG – All-Over Print Digital Download | Chaotic Street Art Vector Design,Digital Download,1.99,https://cdn.shopify.com/s/files/1/0788/2358/8067/files/dark_mixed_media_wall_v2.svg?v=1778523194,Geometric vector art print in vivid multicolor tones; full edge-to-edge sublimation coverage on Digital Download,dopamine dressing,eclectic maximalism,main character energy,festival core 2026,all over print,AOP fashion,festival outfit,rave wear,streetwear,statement piece,graphic print,bold print,"The streets called — they want their art back. Too bad, it's yours now.",Guys+Girls,StreetsmART|Boundless Bleeds|Vibe-Checked Vectors|Static Frequency|Transcendent Artifacts,
9260745162979,Midnight Wall Abstract SVG – All-Over Print Digital Download | Dark Navy Minimal Vector Art,Digital Download,1.99,https://cdn.shopify.com/s/files/1/0788/2358/8067/files/midnight_wall_abstract_v3.svg?v=1778523341,Abstract art aop print in vivid multicolor tones; full edge-to-edge sublimation coverage on Digital Download,dopamine dressing,eclectic maximalism,main character energy,festival core 2026,all over print,AOP fashion,festival outfit,rave wear,streetwear,statement piece,graphic print,bold print,This isn't clothing. It's an argument for color.,Guys+Girls,Boundless Bleeds|Vibe-Checked Vectors|Static Frequency|Transcendent Artifacts|Avant-Kindergarden™,
9260745326819,White Wall Mixed Media Collage SVG – All-Over Print Digital Download | Cream & Terracotta Vector Art,Digital Download,1.99,https://cdn.shopify.com/s/files/1/0788/2358/8067/files/white_wall_mixed_media_v4.svg?v=1778523268,Geometric vector art print in white tones; full edge-to-edge sublimation coverage on Digital Download,dopamine dressing,eclectic maximalism,main character energy,festival core 2026,all over print,AOP fashion,festival outfit,rave wear,streetwear,statement piece,graphic print,bold print,Curated chaos for the aesthetically enlightened.,Guys+Girls,Boundless Bleeds|StreetsmART|Vibe-Checked Vectors|Static Frequency|Transcendent Artifacts,
9260745523427,Sky & Sand Abstract Wall SVG – All-Over Print Digital Download | Airy Blue & Gold Vector Art,Digital Download,1.99,https://cdn.shopify.com/s/files/1/0788/2358/8067/files/sky_sand_abstract_wall_v5.svg?v=1778523132,"Abstract art aop print in blue, gold tones; full edge-to-edge sublimation coverage on Digital Download",dopamine dressing,eclectic maximalism,main character energy,festival core 2026,all over print,AOP fashion,festival outfit,rave wear,streetwear,statement piece,graphic print,bold print,Curated chaos for the aesthetically enlightened.,Guys+Girls,Boundless Bleeds|Vibe-Checked Vectors|Static Frequency|Transcendent Artifacts,
9260745752803,Earth Tone Mixed Media Wall SVG – All-Over Print Digital Download | Warm Neutral Abstract Vector Art,Digital Download,1.99,https://cdn.shopify.com/s/files/1/0788/2358/8067/files/earth_tone_mixed_media_wall.svg?v=1778523102,Abstract art aop print in vivid multicolor tones; full edge-to-edge sublimation coverage on Digital Download,dopamine dressing,eclectic maximalism,main character energy,festival core 2026,all over print,AOP fashion,festival outfit,rave wear,streetwear,statement piece,graphic print,bold print,When mundane isn't in your vocabulary.,Guys+Girls,Boundless Bleeds|Vibe-Checked Vectors|Static Frequency|Transcendent Artifacts,
9260745949411,Carnival Confetti Labyrinth SVG – All-Over Print Digital Download | Clashing Worlds Pattern Vector Art,Digital Download,1.99,https://cdn.shopify.com/s/files/1/0788/2358/8067/files/carnival_confetti_labyrinth.svg?v=1778523019,Geometric vector art print in vivid multicolor tones; full edge-to-edge sublimation coverage on Digital Download,dopamine dressing,eclectic maximalism,main character energy,festival core 2026,all over print,AOP fashion,festival outfit,rave wear,streetwear,statement piece,graphic print,bold print,Wear what others can't explain.,Guys+Girls,Boundless Bleeds|Vibe-Checked Vectors|Primal Prints|Static Frequency|Maximalist Motifs|Transcendent Artifacts,
9260746211555,Sage Stone Seamless Textile SVG – All-Over Print Digital Download | Muted Earth Tone Pattern Vector Art,Digital Download,1.99,https://cdn.shopify.com/s/files/1/0788/2358/8067/files/sage_stone_textile_v6.svg?v=1778522961,Geometric vector art print in vivid multicolor tones; full edge-to-edge sublimation coverage on Digital Download,dopamine dressing,eclectic maximalism,main character energy,festival core 2026,all over print,AOP fashion,festival outfit,rave wear,streetwear,statement piece,graphic print,bold print,The future of fashion isn't quiet.,Guys+Girls,Boundless Bleeds|Vibe-Checked Vectors|StreetsmART|Static Frequency|Transcendent Artifacts,
9260746342627,Terracotta Cobalt Textile Pattern SVG – All-Over Print Digital Download | Bold Contrast Seamless Vector Art,Digital Download,1.99,https://cdn.shopify.com/s/files/1/0788/2358/8067/files/terracotta_cobalt_textile_v10.svg?v=1778522837,Geometric vector art print in vivid multicolor tones; full edge-to-edge sublimation coverage on Digital Download,dopamine dressing,eclectic maximalism,main character energy,festival core 2026,all over print,AOP fashion,festival outfit,rave wear,streetwear,statement piece,graphic print,bold print,Your body is the canvas. Act accordingly.,Guys+Girls,Boundless Bleeds|Vibe-Checked Vectors|Static Frequency|Transcendent Artifacts,
9260746506467,Electric Cell Burst SVG – All-Over Print Digital Download | Neon Green & Cyan Vexel Pattern Vector Art,Digital Download,1.99,https://cdn.shopify.com/s/files/1/0788/2358/8067/files/electric_cell_burst_v40.svg?v=1778522804,"Geometric vector art print in neon, green tones; full edge-to-edge sublimation coverage on Digital Download",dopamine dressing,eclectic maximalism,main character energy,festival core 2026,all over print,AOP fashion,festival outfit,rave wear,streetwear,statement piece,graphic print,bold print,"When you walk in, the room adjusts its brightness.",Guys+Girls,Static Frequency|Boundless Bleeds|Vibe-Checked Vectors|Transcendent Artifacts|Chromatic Overload,
9260746670307,Pearl Cell Vexel Pattern SVG – All-Over Print Digital Download | Soft Cream Organic Cellular Vector Art,Digital Download,1.99,https://cdn.shopify.com/s/files/1/0788/2358/8067/files/pearl_cell_vexel_v44.svg?v=1778522631,Geometric vector art print in vivid multicolor tones; full edge-to-edge sublimation coverage on Digital Download,dopamine dressing,eclectic maximalism,main character energy,festival core 2026,all over print,AOP fashion,festival outfit,rave wear,streetwear,statement piece,graphic print,bold print,Not a look. A statement of existence.,Guys+Girls,Boundless Bleeds|Vibe-Checked Vectors|Static Frequency|Transcendent Artifacts|Hypnagogic,
9260746866915,Desert Coral Cell Vexel SVG – All-Over Print Digital Download | Terracotta Amber Warm Tone Vector Art,Digital Download,1.99,https://cdn.shopify.com/s/files/1/0788/2358/8067/files/desert_coral_cell_vexel_v47.svg?v=1778522677,Geometric vector art print in vivid multicolor tones; full edge-to-edge sublimation coverage on Digital Download,dopamine dressing,eclectic maximalism,main character energy,festival core 2026,all over print,AOP fashion,festival outfit,rave wear,streetwear,statement piece,graphic print,bold print,Wear what others can't explain.,Guys+Girls,Boundless Bleeds|Vibe-Checked Vectors|Primal Prints|Static Frequency|Transcendent Artifacts|Quantum Bloom,
9260746997987,"Amber Earth Cell Vexel SVG | Seamless All-Over Print Vector Pattern — Earthy Brown & Sand Digital Download for POD, Sublimation, & Apparel Design",Digital Download,1.99,https://cdn.shopify.com/s/files/1/0788/2358/8067/files/amber_earth_cell_vexel_v49.svg?v=1778522583,Geometric vector art print in vivid multicolor tones; full edge-to-edge sublimation coverage on Digital Download,dopamine dressing,eclectic maximalism,main character energy,festival core 2026,all over print,AOP fashion,festival outfit,rave wear,streetwear,statement piece,graphic print,bold print,The future of fashion isn't quiet.,Guys+Girls,Boundless Bleeds|Vibe-Checked Vectors|Static Frequency|Maximalist Motifs|Transcendent Artifacts,
9260747129059,Linen Cell Vexel Pattern SVG – All-Over Print Digital Download | Cream & Charcoal Organic Vector Art,Digital Download,1.99,https://cdn.shopify.com/s/files/1/0788/2358/8067/files/linen_cell_vexel_v52.svg?v=1778522531,Geometric vector art print in vivid multicolor tones; full edge-to-edge sublimation coverage on Digital Download,dopamine dressing,eclectic maximalism,main character energy,festival core 2026,all over print,AOP fashion,festival outfit,rave wear,streetwear,statement piece,graphic print,bold print,Curated chaos for the aesthetically enlightened.,Guys+Girls,Boundless Bleeds|Vibe-Checked Vectors|Static Frequency|Transcendent Artifacts|Avant-Kindergarden™,
9260747358435,Steel Blue Cell Vexel SVG – All-Over Print Digital Download | Muted Blue-Gray Organic Pattern Vector Art,Digital Download,1.99,https://cdn.shopify.com/s/files/1/0788/2358/8067/files/steel_blue_cell_vexel_v7.svg?v=1778522446,Geometric vector art print in blue tones; full edge-to-edge sublimation coverage on Digital Download,dopamine dressing,eclectic maximalism,main character energy,festival core 2026,all over print,AOP fashion,festival outfit,rave wear,streetwear,statement piece,graphic print,bold print,Art shouldn't stay on walls. Let it walk.,Guys+Girls,Boundless Bleeds|Vibe-Checked Vectors|Static Frequency|Transcendent Artifacts,
9260747489507,Warm Tan Cell Vexel SVG – All-Over Print Digital Download | Earth & Navy Organic Pattern Vector Art,Digital Download,1.99,https://cdn.shopify.com/s/files/1/0788/2358/8067/files/warm_tan_cell_vexel_v8.svg?v=1778522362,Geometric vector art print in vivid multicolor tones; full edge-to-edge sublimation coverage on Digital Download,dopamine dressing,eclectic maximalism,main character energy,festival core 2026,all over print,AOP fashion,festival outfit,rave wear,streetwear,statement piece,graphic print,bold print,Not a look. A statement of existence.,Guys+Girls,Boundless Bleeds|Vibe-Checked Vectors|StreetsmART|Static Frequency|Transcendent Artifacts,
9260747686115,Navy Ink Bomb Camo SVG – All-Over Print Digital Download | White Ground Fragmented Camo Vector Art,Digital Download,1.99,https://cdn.shopify.com/s/files/1/0788/2358/8067/files/navy_ink_bomb_camo_v3_aaf41b7e-a657-4cc3-9c17-ffdb620e545a.svg?v=1778522236,Geometric vector art print in white tones; full edge-to-edge sublimation coverage on Digital Download,dopamine dressing,eclectic maximalism,main character energy,festival core 2026,all over print,AOP fashion,festival outfit,rave wear,streetwear,statement piece,graphic print,bold print,Wear what others can't explain.,Guys+Girls,Boundless Bleeds|Vibe-Checked Vectors|StreetsmART|Static Frequency|Transcendent Artifacts|Avant-Kindergarden™,
9260747915491,Ember Camo Ink Bomb SVG – All-Over Print Digital Download | Black & Orange Fire Camo Vector Art,Digital Download,1.99,https://cdn.shopify.com/s/files/1/0788/2358/8067/files/ember_camo_ink_bomb.svg?v=1778522308,Geometric vector art print in black tones; full edge-to-edge sublimation coverage on Digital Download,dopamine dressing,eclectic maximalism,main character energy,festival core 2026,all over print,AOP fashion,festival outfit,rave wear,streetwear,statement piece,graphic print,bold print,The future of fashion isn't quiet.,Guys+Girls,Boundless Bleeds|Vibe-Checked Vectors|StreetsmART|Static Frequency|Transcendent Artifacts,
9260748079331,"Blush Ink Splatter Camo SVG | Seamless All-Over Print Digital Download — Cream & Dark Ink Vector Pattern for POD, Sublimation, Apparel & Activewear Designers",Digital Download,1.99,https://cdn.shopify.com/s/files/1/0788/2358/8067/files/blush_ink_splatter_camo_v11.svg?v=1778522132,Geometric vector art print in vivid multicolor tones; full edge-to-edge sublimation coverage on Digital Download,dopamine dressing,eclectic maximalism,main character energy,festival core 2026,all over print,AOP fashion,festival outfit,rave wear,streetwear,statement piece,graphic print,bold print,Curated chaos for the aesthetically enlightened.,Guys+Girls,Boundless Bleeds|Vibe-Checked Vectors|StreetsmART|Static Frequency|Transcendent Artifacts|Avant-Kindergarden™,
9260748243171,Steel Blue Graffiti Collage SVG – All-Over Print Digital Download | Layered Street Art Vector Design,Digital Download,1.99,https://cdn.shopify.com/s/files/1/0788/2358/8067/files/steel_blue_graffiti_collage_v6.svg?v=1778521961,"Graffiti-style street art print in red, blue tones; full edge-to-edge sublimation coverage on Digital Download",dopamine dressing,eclectic maximalism,main character energy,festival core 2026,all over print,AOP fashion,festival outfit,rave wear,streetwear,statement piece,graphic print,bold print,The spray can is mightier than the sword. Wear the proof.,Guys+Girls,StreetsmART|Boundless Bleeds|Vibe-Checked Vectors|Static Frequency|Transcendent Artifacts,
9185457111267,Furry Little Friends AOP Collage Bandana,Bandana,50.95,https://cdn.shopify.com/s/files/1/0788/2358/8067/files/furry-little-friends-aop-collage-bandana-8844671.png?v=1778202966,Collage-style sticker bomb print in vivid multicolor tones; full edge-to-edge sublimation coverage on Bandana,festival core 2026,weird girl aesthetic,art kid fashion,vivid aura aesthetic,all over print,AOP fashion,festival outfit,rave wear,streetwear,statement piece,graphic print,bold print,Predator energy. Prey aesthetic. Complete confusion.,Guys+Girls,Avant-Kindergarden™|StreetsmART|Boundless Bleeds|Primal Prints,Accessories
9185457537251,"Paint Pile Premium AOP Baseball Cap | Handmade 6-Panel Designer Streetwear Hat — Neon Abstract Painted Collage Print, Curved Peak, UV-Resistant Sublimation, Adjustable Fit",Baseball Cap,114.0,https://cdn.shopify.com/s/files/1/0788/2358/8067/files/2945071_baseball-cap_0.jpg?v=1774790166,Abstract art aop print in neon tones; full edge-to-edge sublimation coverage on Baseball Cap,main character energy,festival core 2026,art kid fashion,hyperpop streetwear,all over print,AOP fashion,festival outfit,rave wear,streetwear,statement piece,graphic print,bold print,Glow different. Burn brighter.,Guys,Boundless Bleeds|Chromatic Overload|StreetsmART|Static Frequency|Cognitive Drift,Accessories
9185458159843,"Spiral Overload Tracksuit Jacket — Rainbow Psychedelic Swirl AOP Sports Jersey, Retro Rave Warm-Up Layer",Blazer,215.0,https://cdn.shopify.com/s/files/1/0788/2358/8067/files/2945077_0_3d.jpg?v=1774790226,Psychedelic full-coverage print in rainbow tones; full edge-to-edge sublimation coverage on Blazer,eclectic maximalism,art kid fashion,main character energy,wearable art movement,all over print,AOP fashion,festival outfit,rave wear,streetwear,statement piece,graphic print,bold print,"Infinite pattern, infinite potential. Wear it.",Guys+Girls,Cognitive Drift|Boundless Bleeds|Maximalist Motifs|Chromatic Overload,
9185459044579,"Hoodie Blanket – Laffy Taffy Wrapper All-Over Print | Wearable Art, Oversized Sherpa Fleece, All Gender",Hoodie Blanket,122.0,https://cdn.shopify.com/s/files/1/0788/2358/8067/files/2945641_0_3d_92f350a3-3e32-48d0-b262-3cf0d3a274c7.png?v=1779256466,All-over print in vivid multicolor tones; full edge-to-edge sublimation coverage on Hoodie Blanket,art kid fashion,main character energy,hyperpop streetwear,festival core 2026,all over print,AOP fashion,streetwear,graphic print,bold print,alt fashion,wearable art,festival outfit,Home is where the art is. Make it loud.,Guys+Girls,Avant-Kindergarden™|Boundless Bleeds|Cognitive Drift|Maximalist Motifs,Home & Living
9185460289763,"The Primal Static Vortex Sweatshirt — Crimson Brushstroke Storm AOP Crewneck, Loopback Jersey Wearable Art",Sweatshirt,88.0,https://cdn.shopify.com/s/files/1/0788/2358/8067/files/2945851_0_3d.jpg?v=1774790285,All-over print in crimson tones; full edge-to-edge sublimation coverage on Sweatshirt,art kid fashion,eclectic maximalism,main character energy,serotonin boost fashion,all over print,AOP fashion,festival outfit,rave wear,streetwear,statement piece,graphic print,bold print,Get lost in the swirl. Never come back.,Guys+Girls,Static Frequency|StreetsmART|Boundless Bleeds|Cognitive Drift|Maximalist Motifs|Chromatic Overload,
9185461469411,Jellyfish Bloom Reversible Silk Bomber | Abstract Art Jacket,Bomber Jacket,249.0,https://cdn.shopify.com/s/files/1/0788/2358/8067/files/jellyfish-bloom-reversible-silk-bomber-abstract-art-jacket-7165059.png?v=1778120107,Abstract art aop print in vivid multicolor tones; full edge-to-edge sublimation coverage on Bomber Jacket,art kid fashion,main character energy,eclectic maximalism,quiet chaos aesthetic,all over print,AOP fashion,festival outfit,rave wear,streetwear,statement piece,graphic print,bold print,Wear the whole garden. Let the sidewalk be your runway.,Guys+Girls,Boundless Bleeds|Primal Prints|StreetsmART|Cognitive Drift|Cosmic Debris|Maximalist Motifs,
9185461993699,Splatter Daisy Neck Tube Scarf — Paint-Drip Floral AOP Multiway Gaiter for Festival & Trail,Scarf,35.95,https://cdn.shopify.com/s/files/1/0788/2358/8067/files/2945881_0_3d.jpg?v=1774790705,Dense botanical/floral aop illustration in vivid multicolor tones; full edge-to-edge sublimation coverage on Scarf,weird girl aesthetic,wearable art movement,eclectic maximalism,dopamine dressing,all over print,AOP fashion,festival outfit,rave wear,streetwear,statement piece,graphic print,bold print,Flora is your armor. Bloom where you stand.,Guys+Girls,Quantum Bloom|Primal Prints|Maximalist Motifs|StreetsmART|Boundless Bleeds|Static Frequency,Accessories
9185462517987,Contessa AOP Over-Elbow Long Gloves | Crushed Velour,Long Gloves,73.0,https://cdn.shopify.com/s/files/1/0788/2358/8067/files/2946089_5_3d_16bc90e6-3813-4643-853a-e270936e5b91.png?v=1779805257,All-over print in vivid multicolor tones; full edge-to-edge sublimation coverage on Long Gloves,weird girl aesthetic,wearable art movement,quiet chaos aesthetic,art kid fashion,all over print,AOP fashion,festival outfit,rave wear,streetwear,statement piece,graphic print,bold print,Accessories: the punctuation of fashion.,Girls,Boundless Bleeds|Maximalist Motifs|Chromatic Overload,Accessories
9185462943971,"Rainbow Melt Tie-Dye Fanny Pack — Psychedelic Swirl Print on Handmade Nappa Leather, Festival Waist Bag",Fanny Pack,135.95,https://cdn.shopify.com/s/files/1/0788/2358/8067/files/2947658_0_3d.jpg?v=1774791005,Hand-dyed spiral tie-dye pattern in rainbow tones; full edge-to-edge sublimation coverage on Fanny Pack,festival core 2026,main character energy,dopamine dressing,chromatic therapy,all over print,AOP fashion,festival outfit,rave wear,streetwear,statement piece,graphic print,bold print,Every rotation is a revolution.,Guys+Girls,Cognitive Drift|Maximalist Motifs|StreetsmART|Transcendent Artifacts|Chromatic Overload|Color Riot,Accessories
9188095852771,"Maximalist Graffiti Art Men’s Bomber Jacket - Bold All-Over Print Streetwear, Warm Fleece-Lined Winter Coat",Bomber Jacket,70.0,https://cdn.shopify.com/s/files/1/0788/2358/8067/files/Screenshot_2026-03-17_at_06.07.12.png?v=1774790225,Graffiti-style street art print in vivid multicolor tones; full edge-to-edge sublimation coverage on Bomber Jacket,art kid fashion,main character energy,eclectic maximalism,quiet chaos aesthetic,all over print,AOP fashion,festival outfit,rave wear,streetwear,statement piece,graphic print,bold print,"Tag everything, including the algorithm.",Guys+Girls,Static Frequency|Chromatic Overload|StreetsmART|Boundless Bleeds|Cognitive Drift|Maximalist Motifs,
9188096049379,"Graffiti Newsprint Tablecloth — Black & White Street-Tag AOP Rectangular Table Cover, Dopamine Dining",Tablecloth,46.5,https://cdn.shopify.com/s/files/1/0788/2358/8067/files/6300b9570b5095b0afc54752d6c54124.jpg?v=1774456335,"Graffiti-style street art print in black, white tones; full edge-to-edge sublimation coverage on Tablecloth",dopamine dressing,eclectic maximalism,serotonin boost fashion,chromatic therapy,all over print,AOP fashion,festival outfit,rave wear,streetwear,statement piece,graphic print,bold print,"The streets called — they want their art back. Too bad, it's yours now.",Guys+Girls,StreetsmART|Boundless Bleeds|Transcendent Artifacts,Home & Living
9188096147683,Kitchen Rectangular Tablecloth(One-sided Printing),Tablecloth,46.5,https://cdn.shopify.com/s/files/1/0788/2358/8067/files/3dd89972c4b270094890cc89f2e75385.jpg?v=1774456336,All-over print in vivid multicolor tones; full edge-to-edge sublimation coverage on Tablecloth,dopamine dressing,eclectic maximalism,serotonin boost fashion,chromatic therapy,all over print,AOP fashion,festival outfit,rave wear,streetwear,statement piece,graphic print,bold print,Dopamine decor for the aesthetically unhinged.,Guys+Girls,Transcendent Artifacts|Chromatic Overload|Color Riot,Home & Living
9188096409827,"Sticker Bomb Shower Curtain — Waterproof Graffiti Collage AOP Bathroom Statement, Dopamine Decor",Shower Curtain,53.03,https://cdn.shopify.com/s/files/1/0788/2358/8067/files/e69f5167ba40736359195b95a7150cf9.jpg?v=1774456097,Graffiti-style street art print in vivid multicolor tones; full edge-to-edge sublimation coverage on Shower Curtain,dopamine dressing,weird girl aesthetic,serotonin boost fashion,eclectic maximalism,all over print,AOP fashion,festival outfit,rave wear,streetwear,statement piece,graphic print,bold print,Your outfit IS the gallery. No admission required.,Guys+Girls,StreetsmART|Boundless Bleeds|Transcendent Artifacts,Home & Living
9188096803043,"Graffiti Collage Long Pillowcase — Ultra-Soft Street Art AOP Body Pillow Cover, Dopamine Decor",Pillowcase,30.98,https://cdn.shopify.com/s/files/1/0788/2358/8067/files/56fec84b17ac4d6c927e0ca6e35cb567.jpg?v=1774455886,Graffiti-style street art print in vivid multicolor tones; full edge-to-edge sublimation coverage on Pillowcase,dopamine dressing,eclectic maximalism,main character energy,festival core 2026,all over print,AOP fashion,festival outfit,rave wear,streetwear,statement piece,graphic print,bold print,The spray can is mightier than the sword. Wear the proof.,Guys+Girls,StreetsmART|Boundless Bleeds|Transcendent Artifacts,Home & Living
9188096868579,"StreetsmART Sticker Bomb AOP Microfiber Beach Towel | 61""×30"" Oversized Quick-Dry Festival Pool Towel — Urban Collage Maximalist Sublimation Print",Beach Towel,42.3,https://cdn.shopify.com/s/files/1/0788/2358/8067/files/d32e86022ff182e31de85be5713f8e81.jpg?v=1774455887,Collage-style sticker bomb print in vivid multicolor tones; full edge-to-edge sublimation coverage on Beach Towel,dopamine dressing,festival core 2026,vivid aura aesthetic,chromatic therapy,all over print,AOP fashion,festival outfit,rave wear,streetwear,statement piece,graphic print,bold print,"Tag everything, including the algorithm.",Guys+Girls,StreetsmART|Boundless Bleeds|Maximalist Motifs|Cognitive Drift|Transcendent Artifacts,Home & Living|Accessories
9188097425635,"Maximalist AOP Flannel Throw Blanket 30""×40"" | 280gsm Bold Full-Bleed Print — Statement Couch Throw, Wall Tapestry, Lap Blanket & Gallery-Grade Home Decor",Throw Blanket,39.98,https://cdn.shopify.com/s/files/1/0788/2358/8067/files/351f74080f07ed6f15185a9e0d05f58e.jpg?v=1774456379,All-over print in vivid multicolor tones; full edge-to-edge sublimation coverage on Throw Blanket,serotonin boost fashion,dopamine dressing,wearable art movement,quiet chaos aesthetic,all over print,AOP fashion,festival outfit,rave wear,streetwear,statement piece,graphic print,bold print,Your walls should scream as loud as your fit.,Guys+Girls,Boundless Bleeds|Maximalist Motifs|Cognitive Drift|Transcendent Artifacts|Chromatic Overload|Color Riot,Home & Living
9188097556707,"Sticker Bomb Eyeglass Case — Graffiti Collage AOP Glasses Pouch, Pocket-Size Street Art",Eyewear Case,11.68,https://cdn.shopify.com/s/files/1/0788/2358/8067/files/9cd38322467c8f8298a45b1c414c8dcf.jpg?v=1774456380,Graffiti-style street art print in vivid multicolor tones; full edge-to-edge sublimation coverage on Eyewear Case,dopamine dressing,eclectic maximalism,main character energy,festival core 2026,all over print,AOP fashion,festival outfit,rave wear,streetwear,statement piece,graphic print,bold print,Carry the city on your back. Wear the walls that shaped you.,Guys+Girls,StreetsmART|Boundless Bleeds|Transcendent Artifacts|Ocular Opulence,Accessories
9188097622243,"Sticker Bomb Slip-On Shoes — Graffiti Collage AOP Canvas Sneakers, Everyday Street Art Footwear",Slides,65.97,https://cdn.shopify.com/s/files/1/0788/2358/8067/files/146312c6300de9d9cad9fdcc77cb97ce.jpg?v=1774456113,Graffiti-style street art print in vivid multicolor tones; full edge-to-edge sublimation coverage on Slides,dopamine dressing,eclectic maximalism,main character energy,festival core 2026,all over print,AOP fashion,festival outfit,rave wear,streetwear,statement piece,graphic print,bold print,Your outfit IS the gallery. No admission required.,Guys+Girls,StreetsmART|Boundless Bleeds|Transcendent Artifacts,
9188173644003,"AOP Drop Shoulder Kimono Cardigan for Cosplay and Street Maximalists — Open Front Lightweight Sublimation Print, Japanese-Inspired Bold Layer, Summer Festival Statement, S–2XL",Cardigan,28.82,https://cdn.shopify.com/s/files/1/0788/2358/8067/files/c5c4851e5c7666a500e606df779a18ea.png?v=1778722103,All-over print in red tones; full edge-to-edge sublimation coverage on Cardigan,wearable art movement,eclectic maximalism,weird girl aesthetic,chromatic therapy,all over print,AOP fashion,festival outfit,rave wear,streetwear,statement piece,graphic print,bold print,Curated chaos for the aesthetically enlightened.,Girls,Boundless Bleeds|Maximalist Motifs|StreetsmART,
9188173873379,Sticker Bomb Board Shorts — Street Collage AOP Swim Trunks for Loud Beach Days,Swim Shorts,23.26,https://cdn.shopify.com/s/files/1/0788/2358/8067/files/30738765442777fdb447ca5d89f4b277.png?v=1778721518,Collage-style sticker bomb print in vivid multicolor tones; full edge-to-edge sublimation coverage on Swim Shorts,festival core 2026,dopamine dressing,chromatic therapy,vivid aura aesthetic,all over print,AOP fashion,festival outfit,rave wear,streetwear,statement piece,graphic print,bold print,"Tag everything, including the algorithm.",Guys,StreetsmART|Boundless Bleeds|Transcendent Artifacts,
9188173906147,Sticker Bomb Beach Shorts with 4 Pockets — Street Collage AOP Swim-Ready Summer Shorts,Swim Shorts,23.65,https://cdn.shopify.com/s/files/1/0788/2358/8067/files/845a7e8c3123a022923df4eebf49de5e.jpg?v=1774456164,Collage-style sticker bomb print in vivid multicolor tones; full edge-to-edge sublimation coverage on Swim Shorts,festival core 2026,dopamine dressing,chromatic therapy,vivid aura aesthetic,all over print,AOP fashion,festival outfit,rave wear,streetwear,statement piece,graphic print,bold print,"The streets called — they want their art back. Too bad, it's yours now.",Guys+Girls,StreetsmART|Boundless Bleeds|Transcendent Artifacts,
9188174102755,"Mini Maximalist AOP Kids Hoodie | 230gsm Terylene Health-Cloth Children's Sweatshirt — Bold Print, No-Drawstring Safety Design, Dopamine Dressing for the Next Generation",Kids Sweatshirt,30.0,https://cdn.shopify.com/s/files/1/0788/2358/8067/files/230gsm-childrens-hooded-sweatshirt-without-drawstringsall-over-printing-3582684.png?v=1778285948,All-over print in vivid multicolor tones; full edge-to-edge sublimation coverage on Kids Sweatshirt,art kid fashion,main character energy,hyperpop streetwear,festival core 2026,all over print,AOP fashion,festival outfit,rave wear,streetwear,statement piece,graphic print,bold print,This isn't clothing. It's an argument for color.,Youth,Avant-Kindergarden™|Boundless Bleeds|Maximalist Motifs|Cognitive Drift,
9188174332131,Kids Graffiti Hoodie | All-Over Print Sublimated Pullover,Hoodie,21.4,https://cdn.shopify.com/s/files/1/0788/2358/8067/files/kids-graffiti-hoodie-all-over-print-sublimated-pullover-3333581.png?v=1778120107,Graffiti-style street art print in vivid multicolor tones; full edge-to-edge sublimation coverage on Hoodie,art kid fashion,main character energy,hyperpop streetwear,festival core 2026,all over print,AOP fashion,streetwear,graphic print,bold print,alt fashion,wearable art,festival outfit,Your outfit IS the gallery. No admission required.,Youth,Boundless Bleeds|StreetsmART|Avant-Kindergarden™,
9188174463203,"Quick Dry Wate Shoes for Beach, Pool and Water Activities",Water Shoes,25.97,https://cdn.shopify.com/s/files/1/0788/2358/8067/files/804efef00f2219bcf5a3db1d9495a64f.png?v=1778721192,All-over print in vivid multicolor tones; full edge-to-edge sublimation coverage on Water Shoes,dopamine dressing,eclectic maximalism,main character energy,festival core 2026,all over print,AOP fashion,festival outfit,rave wear,streetwear,statement piece,graphic print,bold print,Art shouldn't stay on walls. Let it walk.,Guys+Girls,Chromatic Overload|Color Riot|Maximalist Motifs,
9188174495971,"Cooling UV-Proof AOP Arm Sleeves for Active Maximalists — Lycra Sun Protection Pair, Moisture-Wicking Quick-Dry, Basketball Cycling Hiking Garden Summer Outdoor Statement",Arm Sleeves,18.02,https://cdn.shopify.com/s/files/1/0788/2358/8067/files/9ebd9e8af92f853c21bbf8fb8142c7b3.jpg?v=1774456340,All-over print in vivid multicolor tones; full edge-to-edge sublimation coverage on Arm Sleeves,dopamine dressing,eclectic maximalism,main character energy,festival core 2026,all over print,AOP fashion,festival outfit,rave wear,streetwear,statement piece,graphic print,bold print,Why carry flowers when you can wear them?,Guys+Girls,Boundless Bleeds|Primal Prints|Maximalist Motifs|Quantum Bloom,
9188174758115,"Graffiti Comic Collage Women's Scarf — Street Art AOP Silky Square Wrap, Loud Accessory Statement",Scarf,19.86,https://cdn.shopify.com/s/files/1/0788/2358/8067/files/6bec7fb8541ea00062eb4f1de88cee84.jpg?v=1774456384,Graffiti-style street art print in vivid multicolor tones; full edge-to-edge sublimation coverage on Scarf,weird girl aesthetic,wearable art movement,eclectic maximalism,dopamine dressing,all over print,AOP fashion,festival outfit,rave wear,streetwear,statement piece,graphic print,bold print,"The streets called — they want their art back. Too bad, it's yours now.",Girls,StreetsmART|Boundless Bleeds|Transcendent Artifacts,Accessories
9188174856419,"StreetsmART Sticker Bomb AOP Bent Brim Snapback Cap | Urban Collage Print 6-Panel Curved Brim Streetwear Hat for Skate, Festival & Alt-Fashion",Snapback Cap,35.0,https://cdn.shopify.com/s/files/1/0788/2358/8067/files/37aeb2e00ef6d2893690c5b5f9dc72c5.jpg?v=1774789987,Collage-style sticker bomb print in vivid multicolor tones; full edge-to-edge sublimation coverage on Snapback Cap,main character energy,festival core 2026,art kid fashion,hyperpop streetwear,all over print,AOP fashion,festival outfit,rave wear,streetwear,statement piece,graphic print,bold print,Carry the city on your back. Wear the walls that shaped you.,Guys+Girls,StreetsmART|Boundless Bleeds|Cognitive Drift|Transcendent Artifacts,Accessories
9188175053027,Street Swag All-Over Print Knit Beanie | Bold Abstract Art Streetwear Hat,Beanie,22.0,https://cdn.shopify.com/s/files/1/0788/2358/8067/files/3f542af2aa327f31838b1bae5d9a69ad.png?v=1774789988,Abstract art aop print in vivid multicolor tones; full edge-to-edge sublimation coverage on Beanie,main character energy,festival core 2026,art kid fashion,hyperpop streetwear,all over print,AOP fashion,streetwear,statement piece,graphic print,alt fashion,unique gift,indie aesthetic,Accessories: the punctuation of fashion.,Guys+Girls,Boundless Bleeds|Maximalist Motifs|StreetsmART|Cognitive Drift,Accessories
9188175085795,Flannel Men's Cotton Slippers,Slides,35.0,https://cdn.shopify.com/s/files/1/0788/2358/8067/files/fb4b8bb752d1ca7bc8d80d5878f4522e.jpg?v=1774456356,All-over print in vivid multicolor tones; full edge-to-edge sublimation coverage on Slides,dopamine dressing,eclectic maximalism,main character energy,festival core 2026,all over print,AOP fashion,festival outfit,rave wear,streetwear,statement piece,graphic print,bold print,Art shouldn't stay on walls. Let it walk.,Guys,Chromatic Overload|Color Riot|Maximalist Motifs,
9188175151331,Sustainable Abstract Art Slides For Chill Work Life Balance,Slides,27.92,https://cdn.shopify.com/s/files/1/0788/2358/8067/files/cb8f3e02d47c9ca1b514f21aade35a71.jpg?v=1774456355,Abstract art aop print in vivid multicolor tones; full edge-to-edge sublimation coverage on Slides,dopamine dressing,eclectic maximalism,main character energy,festival core 2026,all over print,AOP fashion,festival outfit,rave wear,streetwear,statement piece,graphic print,bold print,When mundane isn't in your vocabulary.,Guys+Girls,Boundless Bleeds|StreetsmART|Cognitive Drift|Maximalist Motifs|Transcendent Artifacts,
9188175184099,Urban Graffiti Combat Boots – All-Over Print Martin Boots – Maximalist Street Art Footwear,Boots,110.0,https://cdn.shopify.com/s/files/1/0788/2358/8067/files/Model_wearing_clothing_202603171546_1.jpg?v=1774789928,Graffiti-style street art print in vivid multicolor tones; full edge-to-edge sublimation coverage on Boots,weird girl aesthetic,art kid fashion,quiet chaos aesthetic,main character energy,all over print,AOP fashion,statement piece,alt fashion,wearable art,graphic print,festival outfit,indie aesthetic,"The streets called — they want their art back. Too bad, it's yours now.",Guys+Girls,StreetsmART|Boundless Bleeds|Maximalist Motifs|Transcendent Artifacts,
9188175249635,Graffiti Print Snapback Cap – All-Over Street Art Hat – Maximalist Urban Baseball Cap,Snapback Cap,30.0,https://cdn.shopify.com/s/files/1/0788/2358/8067/files/Hyper-realistic_8k_cinematic_202603171651_2.jpg?v=1774790045,Graffiti-style street art print in vivid multicolor tones; full edge-to-edge sublimation coverage on Snapback Cap,main character energy,festival core 2026,art kid fashion,hyperpop streetwear,all over print,AOP fashion,festival outfit,rave wear,streetwear,statement piece,graphic print,bold print,Carry the city on your back. Wear the walls that shaped you.,Guys,StreetsmART|Boundless Bleeds|Maximalist Motifs,Accessories
9191705641187,"Maximalist Statement Blazer for Founders and Creatives — Abstract AOP Slim Fit Suit Jacket, Gallery Opening Formalwear, Entrepreneur Uniform, Graduation Blazer, Wearable Art",Blazer,62.0,https://cdn.shopify.com/s/files/1/0788/2358/8067/files/abstract-painters-printed-suit-blazer-aop-two-button-slim-fit-jacket-3821152.png?v=1778120108,Abstract art aop print in vivid multicolor tones; full edge-to-edge sublimation coverage on Blazer,eclectic maximalism,art kid fashion,main character energy,wearable art movement,all over print,AOP fashion,festival outfit,rave wear,streetwear,statement piece,graphic print,bold print,Your body is the canvas. Act accordingly.,Guys+Girls,Boundless Bleeds|Maximalist Motifs|StreetsmART|Cosmic Debris,
9191705870563,"Painted Camo Tablecloth — Warm Multicolor Brush-Dab AOP Rectangular Table Cover, Maximalist Dining Decor",Tablecloth,49.29,https://cdn.shopify.com/s/files/1/0788/2358/8067/files/958c48eac1baad084eabf95cac69d2c6.jpg?v=1774456403,All-over print in multicolor tones; full edge-to-edge sublimation coverage on Tablecloth,dopamine dressing,eclectic maximalism,serotonin boost fashion,chromatic therapy,all over print,AOP fashion,festival outfit,rave wear,streetwear,statement piece,graphic print,bold print,Home is where the art is. Make it loud.,Guys+Girls,Boundless Bleeds|Maximalist Motifs|Transcendent Artifacts|Chromatic Overload|Color Riot,Home & Living
9191706296547,Kitchen Rectangular Tablecloth(One-sided Printing),Tablecloth,49.29,https://cdn.shopify.com/s/files/1/0788/2358/8067/files/4232bacdec1da92b33984f804e4d7691.jpg?v=1774456403,All-over print in vivid multicolor tones; full edge-to-edge sublimation coverage on Tablecloth,dopamine dressing,eclectic maximalism,serotonin boost fashion,chromatic therapy,all over print,AOP fashion,festival outfit,rave wear,streetwear,statement piece,graphic print,bold print,"Interior design, exterior attitude.",Guys+Girls,Transcendent Artifacts|Chromatic Overload|Color Riot,Home & Living
9191709507811,iPad Case with Pencil Holder(One-sided Printing),Tablet Case,17.49,https://cdn.shopify.com/s/files/1/0788/2358/8067/files/512ee6ddb782dc00aa336b735779fc34.jpg?v=1774456314,All-over print in vivid multicolor tones; full edge-to-edge sublimation coverage on Tablet Case,dopamine dressing,eclectic maximalism,main character energy,festival core 2026,all over print,AOP fashion,festival outfit,rave wear,streetwear,statement piece,graphic print,bold print,The details make the drip.,Guys+Girls,Static Frequency|Chromatic Overload|Color Riot,
9191709704419,"Painted Camo Snapback Cap — Multicolor Brush-Dab AOP Hat, Festival-Ready Headwear",Snapback Cap,15.26,https://cdn.shopify.com/s/files/1/0788/2358/8067/files/43cab436b2a69c3c76a5fc64eb161c3d.jpg?v=1774456314,All-over print in multicolor tones; full edge-to-edge sublimation coverage on Snapback Cap,main character energy,festival core 2026,art kid fashion,hyperpop streetwear,all over print,AOP fashion,festival outfit,rave wear,streetwear,statement piece,graphic print,bold print,This isn't clothing. It's an argument for color.,Guys+Girls,Boundless Bleeds|Chromatic Overload|Color Riot,Accessories
9191709868259,"Paint Splatter UV Arm Sleeves | Ice Silk Cooling, Unisex S–XL",Arm Sleeves,12.0,https://cdn.shopify.com/s/files/1/0788/2358/8067/files/paint-splatter-uv-arm-sleeves-ice-silk-cooling-unisex-s-xl-4188777.png?v=1778120107,All-over print in vivid multicolor tones; full edge-to-edge sublimation coverage on Arm Sleeves,dopamine dressing,eclectic maximalism,main character energy,festival core 2026,all over print,AOP fashion,festival outfit,rave wear,streetwear,statement piece,graphic print,bold print,Curated chaos for the aesthetically enlightened.,Guys+Girls,Boundless Bleeds|Maximalist Motifs|Chromatic Overload,
9191710064867,Personalized Casual Unisex PVC Slippers,Slides,17.54,https://cdn.shopify.com/s/files/1/0788/2358/8067/files/4146fccb2ffd1811ad4c14afe252f3ed.jpg?v=1774456314,All-over print in vivid multicolor tones; full edge-to-edge sublimation coverage on Slides,dopamine dressing,eclectic maximalism,main character energy,festival core 2026,all over print,AOP fashion,festival outfit,rave wear,streetwear,statement piece,graphic print,bold print,Art shouldn't stay on walls. Let it walk.,Guys+Girls,Chromatic Overload|Color Riot|Maximalist Motifs,
9191710359779,Flannel Men's Cotton Slippers,Slides,24.3,https://cdn.shopify.com/s/files/1/0788/2358/8067/files/21afee74d5e7156c627779246c71946b.jpg?v=1774456279,All-over print in vivid multicolor tones; full edge-to-edge sublimation coverage on Slides,dopamine dressing,eclectic maximalism,main character energy,festival core 2026,all over print,AOP fashion,festival outfit,rave wear,streetwear,statement piece,graphic print,bold print,Not a look. A statement of existence.,Guys,Chromatic Overload|Color Riot|Maximalist Motifs,
9260921225443,"Spectrum Collapse Hoodie — ""Wear the Storm. Be the Frequency."" Athletic AOP Hoodie",All Over Prints,50.0,no-image,All-over print in vivid multicolor tones; full edge-to-edge sublimation coverage on All Over Prints,art kid fashion,main character energy,hyperpop streetwear,festival core 2026,all over print,AOP fashion,festival outfit,rave wear,streetwear,statement piece,graphic print,bold print,Wear what others can't explain.,Guys+Girls,Boundless Bleeds|Static Frequency|Chromatic Overload,
9260921880803,"Vapor Wave Y2K T-shirt, Unisex Tee, Graphic Shirt, Vaporwave Aesthetic Top, Retro 90s Clothing",T-Shirt,31.76,https://cdn.shopify.com/s/files/1/0788/2358/8067/files/rn-image_picker_lib_temp_f127aea1-8f1e-4e18-8aca-33a92f617c84.jpg?v=1778631218,All-over print in vivid multicolor tones; full edge-to-edge sublimation coverage on T-Shirt,dopamine dressing,post-internet fashion,weird girl aesthetic,vivid aura aesthetic,all over print,AOP fashion,festival outfit,rave wear,streetwear,statement piece,graphic print,bold print,The future of fashion isn't quiet.,Guys+Girls,Boundless Bleeds|Static Frequency|StreetsmART,
9260922044643,Mosaic Carnival Racerback Dress — Colorful Collage AOP Cut & Sew Bodycon for Festival Season,All Over Prints,37.52,https://cdn.shopify.com/s/files/1/0788/2358/8067/files/rn-image_picker_lib_temp_86d1212a-303b-4f03-b11f-327dc76931e7.jpg?v=1778631189,Collage-style sticker bomb print in vivid multicolor tones; full edge-to-edge sublimation coverage on All Over Prints,weird girl aesthetic,wearable art movement,dopamine dressing,chromatic therapy,all over print,AOP fashion,festival outfit,rave wear,streetwear,statement piece,graphic print,bold print,Your body is the canvas. Act accordingly.,Girls,Boundless Bleeds|StreetsmART|Transcendent Artifacts,
9260922175715,Multicolor Holographic Glass Fashion Hoodie AOP Design Shardashian,All Over Prints,63.07,no-image,All-over print in multicolor tones; full edge-to-edge sublimation coverage on All Over Prints,art kid fashion,main character energy,hyperpop streetwear,festival core 2026,all over print,AOP fashion,festival outfit,rave wear,streetwear,statement piece,graphic print,bold print,Curated chaos for the aesthetically enlightened.,Guys+Girls,Boundless Bleeds|Static Frequency|Color Riot,
9260922470627,"Colorful Mosaic EVA Clog Shoes for Playful Maximalists — Bold Tile-Print Foam Footwear, Anti-Slip Cushioned Sole, Festival Garden Errand Statement Clogs, Black or White Base",Shoes,38.25,https://cdn.shopify.com/s/files/1/0788/2358/8067/files/rn-image_picker_lib_temp_dcbe3777-fc1e-4e3d-9bdd-69f4030351c6.jpg?v=1778631154,"All-over print in black, white tones; full edge-to-edge sublimation coverage on Shoes",dopamine dressing,eclectic maximalism,main character energy,festival core 2026,all over print,AOP fashion,festival outfit,rave wear,streetwear,statement piece,graphic print,bold print,Why carry flowers when you can wear them?,Guys+Girls,Boundless Bleeds|Primal Prints|Maximalist Motifs|Transcendent Artifacts|Quantum Bloom|Chromatic Overload,
9260922831075,Insider's T-Shirt | Customizable Bold Text Graphic Tee,T-Shirt,36.39,no-image,All-over print in vivid multicolor tones; full edge-to-edge sublimation coverage on T-Shirt,dopamine dressing,post-internet fashion,weird girl aesthetic,vivid aura aesthetic,all over print,AOP fashion,festival outfit,rave wear,streetwear,statement piece,graphic print,bold print,Art shouldn't stay on walls. Let it walk.,Guys+Girls,Boundless Bleeds|Transcendent Artifacts|Chromatic Overload,
9260922994915,"F Minimalism Anti-Minimalist Slogan Tee for Maximalist Rebels — Airlume Cotton Bold Typography Statement Shirt, Gift for the Chronically Expressive, Streetwear Manifesto Tee",T-Shirt,30.83,https://cdn.shopify.com/s/files/1/0788/2358/8067/files/rn-image_picker_lib_temp_a929ab62-c7ef-4b6d-8779-59a159938135.jpg?v=1778631301,All-over print in vivid multicolor tones; full edge-to-edge sublimation coverage on T-Shirt,dopamine dressing,post-internet fashion,weird girl aesthetic,vivid aura aesthetic,all over print,AOP fashion,festival outfit,rave wear,streetwear,statement piece,graphic print,bold print,This isn't clothing. It's an argument for color.,Guys+Girls,Boundless Bleeds|StreetsmART|Maximalist Motifs|Avant-Kindergarden™|Vibe-Checked Vectors,
9260923650275,Graffiti Collage Pajama Pants | Street Art All-Over Print Lounge Pants,All Over Prints,57.25,https://cdn.shopify.com/s/files/1/0788/2358/8067/files/rn-image_picker_lib_temp_00c98eeb-a563-4217-91ec-e3604426339f.jpg?v=1778631270,Graffiti-style street art print in vivid multicolor tones; full edge-to-edge sublimation coverage on All Over Prints,dopamine dressing,eclectic maximalism,art kid fashion,main character energy,all over print,AOP fashion,festival outfit,rave wear,streetwear,statement piece,graphic print,bold print,Your outfit IS the gallery. No admission required.,Guys+Girls,StreetsmART|Boundless Bleeds|Transcendent Artifacts,
9260923715811,"Graffiti Collage Full-Zip Hoodie for Streetwear Collectors — Layered AOP Urban Art Statement, Lightweight Festival Layer, Commuter Skater Bold Outerwear, Men's Print Zip",All Over Prints,64.61,https://cdn.shopify.com/s/files/1/0788/2358/8067/files/rn-image_picker_lib_temp_a08f3223-25b6-49e6-aeae-fe301dc96fea.jpg?v=1778631115,Graffiti-style street art print in red tones; full edge-to-edge sublimation coverage on All Over Prints,art kid fashion,main character energy,hyperpop streetwear,festival core 2026,all over print,AOP fashion,festival outfit,rave wear,streetwear,statement piece,graphic print,bold print,The spray can is mightier than the sword. Wear the proof.,Guys,StreetsmART|Boundless Bleeds|Transcendent Artifacts,
9260923781347,Acid Lime Tie-Dye Swim Trunks — Citrus Spiral AOP Quick-Dry Shorts for Pool Rave Season,All Over Prints,62.4,https://cdn.shopify.com/s/files/1/0788/2358/8067/files/rn-image_picker_lib_temp_89f45c45-eb9c-422f-8fc3-928932dff25c.jpg?v=1778631074,Hand-dyed spiral tie-dye pattern in vivid multicolor tones; full edge-to-edge sublimation coverage on All Over Prints,festival core 2026,dopamine dressing,chromatic therapy,vivid aura aesthetic,all over print,AOP fashion,festival outfit,rave wear,streetwear,statement piece,graphic print,bold print,Get lost in the swirl. Never come back.,Guys+Girls,Cognitive Drift|Boundless Bleeds|Static Frequency|Transcendent Artifacts|Color Riot,
9260923945187,Rainbow Tie Dye Pajama Pants | Psychedelic Lounge Sleepwear,All Over Prints,71.56,https://cdn.shopify.com/s/files/1/0788/2358/8067/files/rn-image_picker_lib_temp_e1bd615b-cc1a-4d2c-a9d9-ffcbdcbd9634.jpg?v=1778630991,Hand-dyed spiral tie-dye pattern in rainbow tones; full edge-to-edge sublimation coverage on All Over Prints,dopamine dressing,eclectic maximalism,art kid fashion,main character energy,all over print,AOP fashion,festival outfit,rave wear,streetwear,statement piece,graphic print,bold print,Hand-dipped in the universe.,Guys+Girls,Boundless Bleeds|Cognitive Drift|Chromatic Overload|Color Riot,
9260923977955,Rainbow Burst Tie-Dye Polo — Vivid Spiral AOP Collared Shirt for Loud Casual Fridays,All Over Prints,70.28,https://cdn.shopify.com/s/files/1/0788/2358/8067/files/rn-image_picker_lib_temp_735f05ce-0d47-45f9-8787-dba67145d5f6.jpg?v=1778631018,"Hand-dyed spiral tie-dye pattern in rainbow, red tones; full edge-to-edge sublimation coverage on All Over Prints",dopamine dressing,wearable art movement,eclectic maximalism,chromatic therapy,all over print,AOP fashion,festival outfit,rave wear,streetwear,statement piece,graphic print,bold print,The universe expands. So does your wardrobe.,Guys+Girls,Boundless Bleeds|Cognitive Drift|Chromatic Overload|Color Riot,
9260924010723,"Butterfly Wing Pajama Pants — Emerald & Sapphire Organic AOP Lounge Bottoms, Jewel-Tone Sleepwear",All Over Prints,53.68,https://cdn.shopify.com/s/files/1/0788/2358/8067/files/rn-image_picker_lib_temp_3b136c67-e97d-4eef-b759-5533a5510b6d.jpg?v=1778630958,All-over print in vivid multicolor tones; full edge-to-edge sublimation coverage on All Over Prints,dopamine dressing,eclectic maximalism,art kid fashion,main character energy,all over print,AOP fashion,festival outfit,rave wear,streetwear,statement piece,graphic print,bold print,Curated chaos for the aesthetically enlightened.,Guys+Girls,Boundless Bleeds|Primal Prints|Transcendent Artifacts,
9260924043491,Psychedelic Lava Pattern Sweatshirt | Abstract All-Over Print,Sweatshirt,77.46,https://cdn.shopify.com/s/files/1/0788/2358/8067/files/6643423453862205282_2048.png?v=1778715700,Psychedelic full-coverage print in vivid multicolor tones; full edge-to-edge sublimation coverage on Sweatshirt,art kid fashion,eclectic maximalism,main character energy,serotonin boost fashion,all over print,AOP fashion,festival outfit,rave wear,streetwear,statement piece,graphic print,bold print,Not a vibe. A seismic event.,Guys+Girls,Boundless Bleeds|Cognitive Drift|StreetsmART|Chromatic Overload|Color Riot,
9260924797155,"Trippy Marble Swirl Pajama Pants — Maximalist Lounge Pants | Neon Purple, Pink & Acid Green Abstract Print Sleepwear",All Over Prints,67.5,https://cdn.shopify.com/s/files/1/0788/2358/8067/files/Clothing_article_on_marble_counter_202605131220.jpg?v=1778700185,"Abstract art aop print in neon, green, purple tones; full edge-to-edge sublimation coverage on All Over Prints",dopamine dressing,eclectic maximalism,art kid fashion,main character energy,all over print,AOP fashion,festival outfit,rave wear,streetwear,statement piece,graphic print,bold print,Get lost in the swirl. Never come back.,Guys+Girls,Cognitive Drift|Boundless Bleeds|Static Frequency|Maximalist Motifs|Chromatic Overload,
9260924862691,"Liquid Psychedelic Neon Cellular AOP Hoodie by Dyles Mavis — Abstract Maximalist Motif Pullover, Electric Nightscape Print, Festival Indie Artist Streetwear Statement",All Over Prints,99.0,https://cdn.shopify.com/s/files/1/0788/2358/8067/files/9135112885619786201_2048.png?v=1778820338,Psychedelic full-coverage print in neon tones; full edge-to-edge sublimation coverage on All Over Prints,art kid fashion,main character energy,hyperpop streetwear,festival core 2026,all over print,AOP fashion,festival outfit,rave wear,streetwear,statement piece,graphic print,bold print,Reality is optional. Fashion is mandatory.,Guys+Girls,Boundless Bleeds|Static Frequency|Cognitive Drift|Chromatic Overload|StreetsmART|Maximalist Motifs,Accessories
9260924928227,Psychedelic Kaleidoscope Hoodie | Festival Rave Wear - Oversized Abstract Spiral Pullover - Maximalist Motif Art Apparel,Hoodie,99.0,https://cdn.shopify.com/s/files/1/0788/2358/8067/files/5671036309160548837_2048.png?v=1778715616,Psychedelic full-coverage print in vivid multicolor tones; full edge-to-edge sublimation coverage on Hoodie,art kid fashion,main character energy,hyperpop streetwear,festival core 2026,all over print,AOP fashion,streetwear,graphic print,bold print,alt fashion,wearable art,festival outfit,The universe expands. So does your wardrobe.,Guys+Girls,Cognitive Drift|StreetsmART|Boundless Bleeds|Static Frequency|Maximalist Motifs|Chromatic Overload,
9260924960995,"Maximalist Kids Joggers for Mini Self-Expressers — Abstract AOP Lounge Pants, Sensory-Friendly Toddler Wear, Wearable Art for Kids, Creative Play Bottoms, Gender-Neutral Statement Pajamas",Joggers,50.0,https://cdn.shopify.com/s/files/1/0788/2358/8067/files/1349794713527857979_2048.png?v=1778715529,Abstract art aop print in vivid multicolor tones; full edge-to-edge sublimation coverage on Joggers,dopamine dressing,eclectic maximalism,art kid fashion,main character energy,all over print,AOP fashion,festival outfit,rave wear,streetwear,statement piece,graphic print,bold print,Your body is the canvas. Act accordingly.,Youth,Avant-Kindergarden™|Chromatic Overload|Boundless Bleeds|Maximalist Motifs|Transcendent Artifacts,
9261114949859,Prism Lattice Hoodie Dress — Amber-to-Teal Geometric Gradient AOP Longline Statement,Hoodie Dress,75.0,https://cdn.shopify.com/s/files/1/0788/2358/8067/files/12640412523731836680_2048.png?v=1778715430,Geometric vector art print in vivid multicolor tones; full edge-to-edge sublimation coverage on Hoodie Dress,art kid fashion,main character energy,hyperpop streetwear,festival core 2026,all over print,AOP fashion,streetwear,graphic print,bold print,alt fashion,wearable art,festival outfit,Art shouldn't stay on walls. Let it walk.,Girls,Boundless Bleeds|Maximalist Motifs|StreetsmART|Transcendent Artifacts|Vibe-Checked Vectors,
9261115015395,Radiant Rupture Sweatshirt | Streetwear Ambitious,All Over Prints,95.12,https://cdn.shopify.com/s/files/1/0788/2358/8067/files/5801884010461415733_2048.png?v=1778701192,All-over print in vivid multicolor tones; full edge-to-edge sublimation coverage on All Over Prints,art kid fashion,eclectic maximalism,main character energy,serotonin boost fashion,all over print,AOP fashion,festival outfit,rave wear,streetwear,statement piece,graphic print,bold print,Not a look. A statement of existence.,Guys+Girls,Boundless Bleeds|StreetsmART|Avant-Kindergarden™|Vibe-Checked Vectors,
9261115146467,"Abstract Bubble Paint Jersey for Court-to-Festival Dressers — Colorful AOP Basketball Tank, UPF-Ready Moisture-Wicking Sportswear, Assembled in USA, Bold Street Art Top",All Over Prints,75.42,https://cdn.shopify.com/s/files/1/0788/2358/8067/files/rn-image_picker_lib_temp_1942e269-7a43-4386-af1f-b47fa89a7537.jpg?v=1778630303,Abstract art aop print in vivid multicolor tones; full edge-to-edge sublimation coverage on All Over Prints,weird girl aesthetic,wearable art movement,dopamine dressing,chromatic therapy,all over print,AOP fashion,festival outfit,rave wear,streetwear,statement piece,graphic print,bold print,"The streets called — they want their art back. Too bad, it's yours now.",Girls,Boundless Bleeds|StreetsmART|Cognitive Drift|Maximalist Motifs|Chromatic Overload,
9261115277539,"Leopard Spot AOP Hoodie for Animal Print Maximalists — Brown Cream Wild Print Pullover, Autumn Street Style Statement, Cozy Unisex Gift for Her or Him",All Over Prints,98.0,https://cdn.shopify.com/s/files/1/0788/2358/8067/files/6816806619297161652_2048.png?v=1778738148,Animal motif all-over print in vivid multicolor tones; full edge-to-edge sublimation coverage on All Over Prints,art kid fashion,main character energy,hyperpop streetwear,festival core 2026,all over print,AOP fashion,festival outfit,rave wear,streetwear,statement piece,graphic print,bold print,"Born wild, dressed wilder.",Guys+Girls,Primal Prints|Boundless Bleeds|StreetsmART|Maximalist Motifs|Transcendent Artifacts,
9261115343075,"Long Sleeve AOP Kimono Robe for Maximalist Home Dressers — Bold All-Over Print Women's Duster Robe, Gallery Lounge Statement, Wearable Art Gift for Her",All Over Prints,57.7,https://cdn.shopify.com/s/files/1/0788/2358/8067/files/rn-image_picker_lib_temp_2547a541-1402-4b90-8764-18192b6163ee.jpg?v=1778630274,All-over print in vivid multicolor tones; full edge-to-edge sublimation coverage on All Over Prints,weird girl aesthetic,wearable art movement,dopamine dressing,chromatic therapy,all over print,AOP fashion,festival outfit,rave wear,streetwear,statement piece,graphic print,bold print,Your body is the canvas. Act accordingly.,Girls,Boundless Bleeds|Maximalist Motifs|Transcendent Artifacts,
9261115506915,Youth Camo Joggers — Bold Orange All-Over Print Sweatpants for Kids,All Over Prints,39.72,https://cdn.shopify.com/s/files/1/0788/2358/8067/files/rn-image_picker_lib_temp_0b0e55d0-ff1a-4ed4-bc84-7eade9d237bd.jpg?v=1778630244,All-over print in vivid multicolor tones; full edge-to-edge sublimation coverage on All Over Prints,dopamine dressing,eclectic maximalism,art kid fashion,main character energy,all over print,AOP fashion,festival outfit,rave wear,streetwear,statement piece,graphic print,bold print,Curated chaos for the aesthetically enlightened.,Youth,Boundless Bleeds|Avant-Kindergarden™|StreetsmART,
9261115834595,"Maximalist Fall Zip Hoodie for Aesthetic Dressers — Abstract Autumn Brushstroke AOP, Earthy Statement Outerwear, Cozy Art-Forward Streetwear, Women's Bold Print Zip-Up",All Over Prints,71.38,https://cdn.shopify.com/s/files/1/0788/2358/8067/files/rn-image_picker_lib_temp_270bc98c-f0c8-48aa-b3ed-458f622bac25.jpg?v=1778630199,Abstract art aop print in vivid multicolor tones; full edge-to-edge sublimation coverage on All Over Prints,art kid fashion,main character energy,hyperpop streetwear,festival core 2026,all over print,AOP fashion,festival outfit,rave wear,streetwear,statement piece,graphic print,bold print,When mundane isn't in your vocabulary.,Girls,Boundless Bleeds|StreetsmART|Maximalist Motifs|Transcendent Artifacts,
9261115867363,"Kids AOP Lounge Pants for Bold Little Self-Expressers — All-Over Print Pajama Bottoms, Made in USA Assembled Maximalist Kids' Sleepwear, Gift for Creative Children",All Over Prints,45.56,https://cdn.shopify.com/s/files/1/0788/2358/8067/files/rn-image_picker_lib_temp_2be28b50-1b5f-4229-b7a8-58e7dcc11705.jpg?v=1778630148,All-over print in vivid multicolor tones; full edge-to-edge sublimation coverage on All Over Prints,dopamine dressing,eclectic maximalism,art kid fashion,main character energy,all over print,AOP fashion,festival outfit,rave wear,streetwear,statement piece,graphic print,bold print,Art shouldn't stay on walls. Let it walk.,Youth,Boundless Bleeds|Avant-Kindergarden™|Maximalist Motifs|Transcendent Artifacts,
9261115932899,"Color Splash Warmup Hoodie for Outdoor Maximalists — UPF+50 AOP Moisture-Wicking, Lightweight Festival Training Layer, Assembled in USA, Streetwear-to-Sport Statement",All Over Prints,69.0,https://cdn.shopify.com/s/files/1/0788/2358/8067/files/rn-image_picker_lib_temp_32f784c7-fd63-4d16-9658-0e73e612aa59.png?v=1778809899,All-over print in vivid multicolor tones; full edge-to-edge sublimation coverage on All Over Prints,art kid fashion,main character energy,hyperpop streetwear,festival core 2026,all over print,AOP fashion,festival outfit,rave wear,streetwear,statement piece,graphic print,bold print,This isn't clothing. It's an argument for color.,Guys+Girls,Boundless Bleeds|StreetsmART|Maximalist Motifs|Chromatic Overload,
9261115998435,Neon Splat Crest Crewneck — Heavy Blend Navy Sweatshirt with Psychedelic Graffiti Chest Print,Sweatshirt,52.71,https://cdn.shopify.com/s/files/1/0788/2358/8067/files/1261385076865668977_2048.png?v=1778630039,Graffiti-style street art print in neon tones; full edge-to-edge sublimation coverage on Sweatshirt,art kid fashion,eclectic maximalism,main character energy,serotonin boost fashion,all over print,AOP fashion,festival outfit,rave wear,streetwear,statement piece,graphic print,bold print,Your outfit IS the gallery. No admission required.,Guys+Girls,Boundless Bleeds|StreetsmART|Static Frequency|Cognitive Drift|Transcendent Artifacts|Chromatic Overload,
9261116457187,"Leopard Spot AOP Pullover Hoodie for Wild Street Style Dressers — Brown Cream Animal Print, 250gsm Poly Cut-and-Sewn, Fall Autumn Cozy Unisex Statement Sweatshirt",All Over Prints,98.82,https://cdn.shopify.com/s/files/1/0788/2358/8067/files/rn-image_picker_lib_temp_f07e3652-0f52-4095-9595-6deae4c437e0.jpg?v=1778629924,Animal motif all-over print in vivid multicolor tones; full edge-to-edge sublimation coverage on All Over Prints,art kid fashion,main character energy,hyperpop streetwear,festival core 2026,all over print,AOP fashion,festival outfit,rave wear,streetwear,statement piece,graphic print,bold print,Wear your wild. Own your pack.,Girls,Boundless Bleeds|Primal Prints|StreetsmART|Transcendent Artifacts,
9261116588259,"Graffiti Burst Long Sleeve Tee — Dark Jersey with Neon Street-Art Chest Hit, Understated Loud",Long-sleeve,30.08,https://cdn.shopify.com/s/files/1/0788/2358/8067/files/rn-image_picker_lib_temp_4b14f7d1-33d6-4e91-8cb9-ba1e6c8f37bc.jpg?v=1778629965,Graffiti-style street art print in neon tones; full edge-to-edge sublimation coverage on Long-sleeve,dopamine dressing,eclectic maximalism,main character energy,festival core 2026,all over print,AOP fashion,festival outfit,rave wear,streetwear,statement piece,graphic print,bold print,"Tag everything, including the algorithm.",Guys+Girls,StreetsmART|Static Frequency|Transcendent Artifacts|Chromatic Overload,
9261116653795,"Men's AOP Hawaiian Camp Shirt for Bold Summer Maximalists — All-Over Print Streetwear Button-Up, Festival Resort Statement Top, Assembled in USA",All Over Prints,108.48,https://cdn.shopify.com/s/files/1/0788/2358/8067/files/rn-image_picker_lib_temp_13b98d5c-9383-41b0-8efc-dcfd19a13a41.jpg?v=1778629882,All-over print in vivid multicolor tones; full edge-to-edge sublimation coverage on All Over Prints,dopamine dressing,wearable art movement,eclectic maximalism,chromatic therapy,all over print,AOP fashion,festival outfit,rave wear,streetwear,statement piece,graphic print,bold print,Art shouldn't stay on walls. Let it walk.,Guys,Boundless Bleeds|StreetsmART|Maximalist Motifs|Tacticolor,
9261117243619,Digital Sunset Chevron Hoodie — Crimson & Cobalt Vector Wave AOP Pullover from Maximalist Motifs,All Over Prints,75.0,https://cdn.shopify.com/s/files/1/0788/2358/8067/files/17139751123627399342_2048_e9d765fd-8eea-4cfd-a3ed-5d4b29c84d60.png?v=1778701047,Geometric vector art print in crimson tones; full edge-to-edge sublimation coverage on All Over Prints,art kid fashion,main character energy,hyperpop streetwear,festival core 2026,all over print,AOP fashion,festival outfit,rave wear,streetwear,statement piece,graphic print,bold print,This isn't clothing. It's an argument for color.,Guys+Girls,Boundless Bleeds|Static Frequency|StreetsmART|Maximalist Motifs|Transcendent Artifacts|Chromatic Overload,
9261117505763,"Graffiti Basketball Shorts for Hoop Culture Heads — Concrete Chaos AOP Streetwear, Festival Gym Wear, Loud Athletic Bottoms, Skater Shorts, Bold Print Activewear",All Over Prints,49.0,https://cdn.shopify.com/s/files/1/0788/2358/8067/files/rn-image_picker_lib_temp_63376438-e503-4fe9-968d-995f4339965d.jpg?v=1778628752,Graffiti-style street art print in vivid multicolor tones; full edge-to-edge sublimation coverage on All Over Prints,festival core 2026,dopamine dressing,chromatic therapy,vivid aura aesthetic,all over print,AOP fashion,festival outfit,rave wear,streetwear,statement piece,graphic print,bold print,Your outfit IS the gallery. No admission required.,Guys+Girls,Boundless Bleeds|StreetsmART|Static Frequency|Maximalist Motifs|Cognitive Drift|Transcendent Artifacts,
9261117702371,"Men's All-Over Graffiti AOP Pullover Hoodie for Street Art Collectors — Bold Medium-Weight Comfort Fit, Assembled in USA, Festival Statement Sweatshirt",All Over Prints,79.05,https://cdn.shopify.com/s/files/1/0788/2358/8067/files/rn-image_picker_lib_temp_49993f56-07c6-42ee-860a-8d55660d0332.jpg?v=1778629845,Graffiti-style street art print in vivid multicolor tones; full edge-to-edge sublimation coverage on All Over Prints,art kid fashion,main character energy,hyperpop streetwear,festival core 2026,all over print,AOP fashion,festival outfit,rave wear,streetwear,statement piece,graphic print,bold print,The spray can is mightier than the sword. Wear the proof.,Guys,StreetsmART|Boundless Bleeds|Maximalist Motifs|Transcendent Artifacts,
9261117898979,"Graffiti AOP Urban Street Art Tee for City Culture Dressers — Bold All-Over Print Graphic T-Shirt, Hip-Hop Skate Statement, Festival Music Concert Top, Assembled in USA",All Over Prints,44.95,https://cdn.shopify.com/s/files/1/0788/2358/8067/files/rn-image_picker_lib_temp_12a71604-cade-4e03-8916-c5e95233ddb9.jpg?v=1778629817,Graffiti-style street art print in vivid multicolor tones; full edge-to-edge sublimation coverage on All Over Prints,dopamine dressing,post-internet fashion,weird girl aesthetic,vivid aura aesthetic,all over print,AOP fashion,festival outfit,rave wear,streetwear,statement piece,graphic print,bold print,"Tag everything, including the algorithm.",Girls,StreetsmART|Boundless Bleeds|Chromatic Overload,
9261118095587,Brushstroke Riot Unisex Sweatshirt — Primary Color Paint-Dab AOP Crewneck with Art-School Energy,All Over Prints,62.3,https://cdn.shopify.com/s/files/1/0788/2358/8067/files/rn-image_picker_lib_temp_5c88e1a9-cfac-40d2-88dc-3fc852f353b4.jpg?v=1778630900,All-over print in vivid multicolor tones; full edge-to-edge sublimation coverage on All Over Prints,art kid fashion,eclectic maximalism,main character energy,serotonin boost fashion,all over print,AOP fashion,festival outfit,rave wear,streetwear,statement piece,graphic print,bold print,Art shouldn't stay on walls. Let it walk.,Guys+Girls,Boundless Bleeds|Transcendent Artifacts|Color Riot,
9261118292195,Women's All-Over Print Pajama Pants — Cozy Lounge Bottoms,All Over Prints,47.3,https://cdn.shopify.com/s/files/1/0788/2358/8067/files/rn-image_picker_lib_temp_1da46492-f94e-4d29-b000-10e3341d059b.png?v=1779041473,All-over print in vivid multicolor tones; full edge-to-edge sublimation coverage on All Over Prints,dopamine dressing,eclectic maximalism,art kid fashion,main character energy,all over print,AOP fashion,festival outfit,rave wear,streetwear,statement piece,graphic print,bold print,The future of fashion isn't quiet.,Girls,Boundless Bleeds|Transcendent Artifacts|Chromatic Overload,
9261118488803,"Graffiti Print Crop Tee for Colorful Urban Street Art Dressers — Bold AOP Hip-Hop Crop Top, Festival Party Summer Statement, Skater Youth Fashion Streetwear",All Over Prints,40.05,https://cdn.shopify.com/s/files/1/0788/2358/8067/files/rn-image_picker_lib_temp_d8260ad1-c925-4214-9c96-9075b3c5f22f.jpg?v=1778629786,Graffiti-style street art print in vivid multicolor tones; full edge-to-edge sublimation coverage on All Over Prints,weird girl aesthetic,wearable art movement,dopamine dressing,chromatic therapy,all over print,AOP fashion,festival outfit,rave wear,streetwear,statement piece,graphic print,bold print,Your outfit IS the gallery. No admission required.,Youth,StreetsmART|Boundless Bleeds|Transcendent Artifacts|Avant-Kindergarden™,
9261118783715,"StreetsmART Tag Wall AOP Basketball Jersey | All-Over Graffiti Print Athletic Tank, Sublimation Street-Art Streetwear, Assembled in USA (S–2XL)",Basketball Jersey,49.38,https://cdn.shopify.com/s/files/1/0788/2358/8067/files/rn-image_picker_lib_temp_5961a0bd-295d-4b93-98b7-970715679f03.jpg?v=1778630867,Graffiti-style street art print in vivid multicolor tones; full edge-to-edge sublimation coverage on Basketball Jersey,dopamine dressing,eclectic maximalism,main character energy,festival core 2026,all over print,AOP fashion,festival outfit,rave wear,streetwear,statement piece,graphic print,bold print,The spray can is mightier than the sword. Wear the proof.,Guys+Girls,StreetsmART|Boundless Bleeds|Static Frequency|Cognitive Drift|Maximalist Motifs|Chromatic Overload,
9261118947555,"Wavy Stripe Pajama Pants for Vibrant Sleepwear Collectors — Jewel-Tone AOP Brushed Polyester, Elastic Waist Cozy Lounge, Women's Assembled in USA, Bold Lazy Day Bottoms",All Over Prints,53.68,https://cdn.shopify.com/s/files/1/0788/2358/8067/files/rn-image_picker_lib_temp_776fbf5e-a858-4fdf-88b4-3abb298e32af.jpg?v=1778630833,All-over print in vivid multicolor tones; full edge-to-edge sublimation coverage on All Over Prints,dopamine dressing,eclectic maximalism,art kid fashion,main character energy,all over print,AOP fashion,festival outfit,rave wear,streetwear,statement piece,graphic print,bold print,When mundane isn't in your vocabulary.,Girls,Boundless Bleeds|Chromatic Overload|Cognitive Drift|Transcendent Artifacts,
9261119144163,"Inferno Vortex Tie-Dye AOP Hoodie for Psychedelic Streetwear Collectors — Spiral Rainbow All-Over Print, 95% Poly-Spandex, Festival Groovy Retro Statement Pullover",All Over Prints,100.0,https://cdn.shopify.com/s/files/1/0788/2358/8067/files/rn-image_picker_lib_temp_d2728c40-0690-4fc9-8d4d-6aa789c3e5f8.png?v=1779036364,Hand-dyed spiral tie-dye pattern in rainbow tones; full edge-to-edge sublimation coverage on All Over Prints,art kid fashion,main character energy,hyperpop streetwear,festival core 2026,all over print,AOP fashion,festival outfit,rave wear,streetwear,statement piece,graphic print,bold print,Wear the spiral. Become the spiral.,Guys+Girls,Boundless Bleeds|Cognitive Drift|Maximalist Motifs|Chromatic Overload|StreetsmART|Static Frequency,
9261119504611,"Prism Facet Mosaic Long Sleeve V-Neck — Rainbow Stained Glass AOP Women's Top, Wearable Kaleidoscope",All Over Prints,50.71,https://cdn.shopify.com/s/files/1/0788/2358/8067/files/rn-image_picker_lib_temp_dcdd2643-cdd0-4625-8742-08c79b1cd42c.jpg?v=1779036587,All-over print in rainbow tones; full edge-to-edge sublimation coverage on All Over Prints,dopamine dressing,eclectic maximalism,main character energy,festival core 2026,all over print,AOP fashion,festival outfit,rave wear,streetwear,statement piece,graphic print,bold print,The universe expands. So does your wardrobe.,Girls,Boundless Bleeds|Cognitive Drift|Transcendent Artifacts|Chromatic Overload,
9261119701219,"Neon Skeletal Mosaic AOP Shorts for Rave and Streetwear Collectors — Bold Retro Neon Athletic Basketball Shorts, Quick-Dry Festival Gym Activewear, Unisex Statement",All Over Prints,37.57,https://cdn.shopify.com/s/files/1/0788/2358/8067/files/rn-image_picker_lib_temp_72eb3323-29e6-4428-b724-bc65e9ea2379.png?v=1779037722,All-over print in neon tones; full edge-to-edge sublimation coverage on All Over Prints,festival core 2026,dopamine dressing,chromatic therapy,vivid aura aesthetic,all over print,AOP fashion,festival outfit,rave wear,streetwear,statement piece,graphic print,bold print,Your drip is a public service announcement.,Guys+Girls,Boundless Bleeds|StreetsmART|Static Frequency|Maximalist Motifs|Transcendent Artifacts|Chromatic Overload,
9261119996131,"Dyles Mavis Handprint Psychedelic Neon T-Shirt for Bold Streetwear Collectors — Premium Heavyweight Cotton Original Art, Oversized Statement Tee, Unisex",T-Shirt,32.99,https://cdn.shopify.com/s/files/1/0788/2358/8067/files/rn-image_picker_lib_temp_6a15ecbf-9534-427f-8336-de866a7a1d2f.jpg?v=1778630730,Psychedelic full-coverage print in neon tones; full edge-to-edge sublimation coverage on T-Shirt,dopamine dressing,post-internet fashion,weird girl aesthetic,vivid aura aesthetic,all over print,AOP fashion,festival outfit,rave wear,streetwear,statement piece,graphic print,bold print,Not a vibe. A seismic event.,Guys+Girls,Boundless Bleeds|Static Frequency|StreetsmART|Cognitive Drift|Transcendent Artifacts|Chromatic Overload,
9297181507811,"Stained Glass Mosaic Flip Flops — Colorful Shard AOP Beach Sandals, Wearable Art Summer Footwear",,20.0,https://cdn.shopify.com/s/files/1/0788/2358/8067/files/NCuZ4RE4qzOcTvLRngwdE.jpg?v=1779103798,All-over print in vivid multicolor tones; full edge-to-edge sublimation coverage on ,dopamine dressing,eclectic maximalism,main character energy,festival core 2026,all over print,AOP fashion,festival outfit,rave wear,streetwear,statement piece,graphic print,bold print,When mundane isn't in your vocabulary.,Guys+Girls,Boundless Bleeds|Chromatic Overload|Color Riot,
9297181540579,"Neon Frequency Silk Bandana — Wavy Glitch Zebra Line AOP Square Scarf, Rave-Ready Accessory",,8.78,https://cdn.shopify.com/s/files/1/0788/2358/8067/files/155733-a1092428-dbaa-46eb-9519-0fc9f349a3b0.jpg?v=1779103800,All-over print in neon tones; full edge-to-edge sublimation coverage on ,festival core 2026,weird girl aesthetic,art kid fashion,vivid aura aesthetic,all over print,AOP fashion,festival outfit,rave wear,streetwear,statement piece,graphic print,bold print,No streetlight? You ARE the streetlight.,Guys+Girls,Static Frequency|Boundless Bleeds|Chromatic Overload,Accessories
9297181606115,Cubist Stained Glass Henley Polo — Vivid Mosaic AOP Bamboo-Feel Summer Shirt for Art-Forward Dressers,,18.18,https://cdn.shopify.com/s/files/1/0788/2358/8067/files/155733-cf76e790-d872-496c-b428-051ab173ae5a.jpg?v=1779103817,All-over print in vivid multicolor tones; full edge-to-edge sublimation coverage on ,dopamine dressing,wearable art movement,eclectic maximalism,chromatic therapy,all over print,AOP fashion,festival outfit,rave wear,streetwear,statement piece,graphic print,bold print,This isn't clothing. It's an argument for color.,Girls,Boundless Bleeds|Chromatic Overload|Color Riot,
9297182130403,Ocular Opulence Reversible Bucket Hat — Holographic Op-Art × Stained Glass Mosaic,,30.0,https://cdn.shopify.com/s/files/1/0788/2358/8067/files/155733-da0dc737-9d27-406f-94d2-7ade1c338aa6.png?v=1779218974,All-over print in vivid multicolor tones; full edge-to-edge sublimation coverage on ,main character energy,festival core 2026,art kid fashion,hyperpop streetwear,all over print,AOP fashion,festival outfit,rave wear,streetwear,statement piece,graphic print,bold print,Curated chaos for the aesthetically enlightened.,Guys+Girls,Ocular Opulence|Cognitive Drift|StreetsmART|Static Frequency|Boundless Bleeds|Maximalist Motifs,Accessories
9297182687459,Sticker Bomb Graffiti Fleece Hoodie — White Street-Tag Collage AOP Heavyweight Winter Pullover,,31.98,https://cdn.shopify.com/s/files/1/0788/2358/8067/files/155733-d12c8481-c7a9-43fc-ae10-4b5ca673ea41.jpg?v=1779104019,Graffiti-style street art print in white tones; full edge-to-edge sublimation coverage on ,art kid fashion,main character energy,hyperpop streetwear,festival core 2026,all over print,AOP fashion,festival outfit,rave wear,streetwear,statement piece,graphic print,bold print,The spray can is mightier than the sword. Wear the proof.,Guys+Girls,StreetsmART|Boundless Bleeds|Transcendent Artifacts,
9297182720227,Crowd of Faces AOP Blazer — Surreal Portrait Collage Flat Lapel Suit Jacket for Gallery-Night Rebels,All Over Prints,54.66,https://cdn.shopify.com/s/files/1/0788/2358/8067/files/155733-09ddc652-a696-48e7-9899-8310e94583b9.jpg?v=1779104029,Collage-style sticker bomb print in vivid multicolor tones; full edge-to-edge sublimation coverage on All Over Prints,eclectic maximalism,art kid fashion,main character energy,wearable art movement,all over print,AOP fashion,festival outfit,rave wear,streetwear,statement piece,graphic print,bold print,Not a look. A statement of existence.,Guys+Girls,Boundless Bleeds|StreetsmART|Hypnagogic,
9297183178979,CMYK Smear Glitch Collared Jacket — Magenta & Cyan Paint-Streak AOP Statement Outerwear,,55.02,https://cdn.shopify.com/s/files/1/0788/2358/8067/files/155733-535a4e02-c255-46a7-97d9-2d9e053a7177.jpg?v=1779104095,All-over print in red tones; full edge-to-edge sublimation coverage on ,eclectic maximalism,art kid fashion,main character energy,wearable art movement,all over print,AOP fashion,festival outfit,rave wear,streetwear,statement piece,graphic print,bold print,No streetlight? You ARE the streetlight.,Guys+Girls,Boundless Bleeds|Static Frequency|Chromatic Overload,
9297183506659,Liquid Glitch Flat Brim Cap — Warped Neon Scanline AOP Snapback for Glitchcore Streetwear Heads,,24.86,https://cdn.shopify.com/s/files/1/0788/2358/8067/files/155733-861ad730-1cbd-457b-9c6d-db6e615e738d.jpg?v=1779104216,Liquid marble fluid art print in neon tones; full edge-to-edge sublimation coverage on ,main character energy,festival core 2026,art kid fashion,hyperpop streetwear,all over print,AOP fashion,festival outfit,rave wear,streetwear,statement piece,graphic print,bold print,Glow different. Burn brighter.,Guys+Girls,Static Frequency|StreetsmART|Boundless Bleeds|Chromatic Overload,Accessories
9299127140579,"Echo Chamber Wearable Installation Shirt for Visual Noise Collectors — Cognitive Drift AOP Imitation Silk, Optical Illusion Mirror Print, 90gsm Featherlight Drape, S–5XL",All Over Prints,40.0,https://cdn.shopify.com/s/files/1/0788/2358/8067/files/155733-0276c561-37e2-412d-8232-944b707779b4.png?v=1780047302,All-over print in vivid multicolor tones; full edge-to-edge sublimation coverage on All Over Prints,dopamine dressing,wearable art movement,eclectic maximalism,chromatic therapy,all over print,AOP fashion,festival outfit,rave wear,streetwear,statement piece,graphic print,bold print,Curated chaos for the aesthetically enlightened.,Guys+Girls,Boundless Bleeds|Ocular Opulence|Cognitive Drift|Tacticolor|Maximalist Motifs|Hypnagogic,
9299133006051,"Fever Ray Cosmic Sunflower Raglan for Avant-Garde Synth-Pop Dressers — Neon Yellow Purple Black AOP Women's Tie-Dye, Electronic Music Festival Top, Dark Psychedelic Statement",,20.0,https://cdn.shopify.com/s/files/1/0788/2358/8067/files/155733-bd18e3c3-2fd6-4996-a39b-8b0edda80364.jpg?v=1779296356,"Hand-dyed spiral tie-dye pattern in neon, black, purple tones; full edge-to-edge sublimation coverage on ",weird girl aesthetic,wearable art movement,dopamine dressing,chromatic therapy,all over print,AOP fashion,festival outfit,rave wear,streetwear,statement piece,graphic print,bold print,The garden escaped. You're wearing the evidence.,Girls,Cognitive Drift|Boundless Bleeds|StreetsmART|Static Frequency|Cosmic Debris|Transcendent Artifacts,
9299158466787,"Chaos & Cosmic Bloom Raglan for Alt Synth-Pop Dressers — Boundless Bleeds AOP Jersey, Psychedelic Sunflower Obsidian Neon, Festival Streetwear Short Sleeve, S–4XL",,20.0,https://cdn.shopify.com/s/files/1/0788/2358/8067/files/155733-5f83ec7d-e5cf-4dea-95c9-1b3a63b692ba.jpg?v=1779303472,Psychedelic full-coverage print in neon tones; full edge-to-edge sublimation coverage on ,weird girl aesthetic,wearable art movement,dopamine dressing,chromatic therapy,all over print,AOP fashion,festival outfit,rave wear,streetwear,statement piece,graphic print,bold print,Why carry flowers when you can wear them?,Girls,Boundless Bleeds|Cognitive Drift|Quantum Bloom|StreetsmART|Primal Prints|Static Frequency,
9299638649059,Chaos & Cosmic Bloom All-Over Print Raglan — Boundless Bleeds Series,,29.42,https://cdn.shopify.com/s/files/1/0788/2358/8067/files/155733-4769a38d-4256-4a85-8cc6-e2e1ad1988a5.jpg?v=1779339676,All-over print in vivid multicolor tones; full edge-to-edge sublimation coverage on ,dopamine dressing,eclectic maximalism,main character energy,festival core 2026,all over print,AOP fashion,festival outfit,rave wear,streetwear,statement piece,graphic print,bold print,Wear the whole garden. Let the sidewalk be your runway.,Guys+Girls,Boundless Bleeds|Quantum Bloom|StreetsmART|Primal Prints|Cognitive Drift|Cosmic Debris,
9299862520035,"Chaos Crew Tank for the Chronically Self-Expressive — Graffiti Y-Back Muscle Tee, Festival Gym Wear, Neon Rave Stringer, Bold Streetwear, Unisex Statement Activewear",Tank Top,20.0,https://cdn.shopify.com/s/files/1/0788/2358/8067/files/155733-bb2af88f-0001-40f1-979f-754900f0bc8f_dd14fbd1-2163-4fb0-a7f4-a8108661cd80.png?v=1779383187,Graffiti-style street art print in neon tones; full edge-to-edge sublimation coverage on Tank Top,dopamine dressing,eclectic maximalism,main character energy,festival core 2026,all over print,AOP fashion,festival outfit,rave wear,streetwear,statement piece,graphic print,bold print,Carry the city on your back. Wear the walls that shaped you.,Guys+Girls,Boundless Bleeds|StreetsmART|Primal Prints|Static Frequency|Cognitive Drift|Chromatic Overload,
9300062142691,"Nimbus Drift 5000 Premium AOP Performance Tee for Ethereal Streetwear Collectors — Abstract Smoke Marble Print, High-Stretch Fluid Art Activewear, Slate Blue Statement Top",,30.0,https://cdn.shopify.com/s/files/1/0788/2358/8067/files/155733-c06b5be4-7a41-4eed-acd7-68dbc8efeacf.jpg?v=1779383731,Abstract art aop print in blue tones; full edge-to-edge sublimation coverage on ,dopamine dressing,eclectic maximalism,main character energy,festival core 2026,all over print,AOP fashion,festival outfit,rave wear,streetwear,statement piece,graphic print,bold print,Your body is the canvas. Act accordingly.,Guys+Girls,Boundless Bleeds|StreetsmART|Cognitive Drift|Tacticolor|Hypnagogic,
9300105887971,"Psychedelic Mood-Shift Bucket Hat for Festival-Goers — Reversible Trippy Headwear, Cognitive Drift, Rave Accessory, Two-Sided Art Hat, Mind-Melting Streetwear",,30.0,https://cdn.shopify.com/s/files/1/0788/2358/8067/files/155733-d937f96a-e682-45f9-b289-dd5a050e684a_316cb9b7-9c11-4145-b3be-dfd0d559d69c.png?v=1779388608,Psychedelic full-coverage print in vivid multicolor tones; full edge-to-edge sublimation coverage on ,main character energy,festival core 2026,art kid fashion,hyperpop streetwear,all over print,AOP fashion,festival outfit,rave wear,streetwear,statement piece,graphic print,bold print,Not a vibe. A seismic event.,Guys+Girls,Cognitive Drift|Boundless Bleeds|StreetsmART|Static Frequency,Accessories
9300241154275,Scuba Irregular Hem Jacket - Deep Teal Bioluminescent Scale Outwear,,42.22,https://cdn.shopify.com/s/files/1/0788/2358/8067/files/155733-0de2c239-0a60-42a6-847d-c6faa38bcd14.jpg?v=1779398508,All-over print in vivid multicolor tones; full edge-to-edge sublimation coverage on ,eclectic maximalism,art kid fashion,main character energy,wearable art movement,all over print,AOP fashion,festival outfit,rave wear,streetwear,statement piece,graphic print,bold print,Not a look. A statement of existence.,Guys+Girls,Primal Prints|Static Frequency|Transcendent Artifacts|Ocular Opulence,
9300244037859,"Festival & Rave Bucket Hat for the Maximalist Mystic — Reversible Aura Print Headwear, Sun-to-Dusk Rave Coverage, Psychedelic Streetwear, Wear Your Energy, Unisex Statement Hat, Radiant Aura Colorway",,35.82,https://cdn.shopify.com/s/files/1/0788/2358/8067/files/155733-d3d4c5c3-1d8c-43b7-ab71-86e8768a775b.png?v=1779554777,Psychedelic full-coverage print in vivid multicolor tones; full edge-to-edge sublimation coverage on ,main character energy,festival core 2026,art kid fashion,hyperpop streetwear,all over print,AOP fashion,festival outfit,rave wear,streetwear,statement piece,graphic print,bold print,Reality is optional. Fashion is mandatory.,Guys+Girls,Transcendent Artifacts|StreetsmART|Static Frequency|Cognitive Drift|Maximalist Motifs|Hypnagogic,Accessories
9301028896995,"Loud Festival Cargo Pants for Ravers — Maximalist Streetwear Bottoms, Burning Man Camp Wear, Psychedelic Utility Pants, Alt Fashion Statement, Unisex Bold Print",,59.88,https://cdn.shopify.com/s/files/1/0788/2358/8067/files/Front_base.png?v=1780046709,Psychedelic full-coverage print in vivid multicolor tones; full edge-to-edge sublimation coverage on ,dopamine dressing,eclectic maximalism,art kid fashion,main character energy,all over print,AOP fashion,festival outfit,rave wear,streetwear,statement piece,graphic print,bold print,Your aura called — it wants to be seen from orbit.,Guys+Girls,Maximalist Motifs|Boundless Bleeds|Cognitive Drift|StreetsmART|Static Frequency|Transcendent Artifacts,
9301029028067,"Maximalist Statement Shirt for the Polished Rebel — Bold Print Button-Up, Art-Forward Workwear, Creative Director Uniform, Wine Country Style, Cotton Poplin",,55.02,https://cdn.shopify.com/s/files/1/0788/2358/8067/files/155733-13be671e-f788-424f-a714-5000675eb9d8.jpg?v=1779457961,All-over print in vivid multicolor tones; full edge-to-edge sublimation coverage on ,dopamine dressing,wearable art movement,eclectic maximalism,chromatic therapy,all over print,AOP fashion,festival outfit,rave wear,streetwear,statement piece,graphic print,bold print,Your body is the canvas. Act accordingly.,Guys+Girls,Boundless Bleeds|Maximalist Motifs|Cognitive Drift|Transcendent Artifacts,
9301030764771,Melted Rainbow Longline Hoodie — Liquid Swirl AOP Heavy Fleece Tunic for Psychedelic Loungewear Collectors,,48.4,https://cdn.shopify.com/s/files/1/0788/2358/8067/files/155733-8bd3bc36-912a-4775-91d5-6d9ac15f6bb4.jpg?v=1779458082,Psychedelic full-coverage print in rainbow tones; full edge-to-edge sublimation coverage on ,art kid fashion,main character energy,hyperpop streetwear,festival core 2026,all over print,AOP fashion,festival outfit,rave wear,streetwear,statement piece,graphic print,bold print,Every rotation is a revolution.,Guys+Girls,Cognitive Drift|Boundless Bleeds|Chromatic Overload,
9301031780579,Golden Current Liquid Marble Hooded Bodysuit — Navy & Amber Swirl AOP Raglan Base Layer for Bold Dressers,,32.62,https://cdn.shopify.com/s/files/1/0788/2358/8067/files/155733-79ec9ea9-ce7d-4524-89dd-b335cb47a561.jpg?v=1779458193,Concentric swirl/spiral full-bleed print in gold tones; full edge-to-edge sublimation coverage on ,weird girl aesthetic,wearable art movement,dopamine dressing,chromatic therapy,all over print,AOP fashion,festival outfit,rave wear,streetwear,statement piece,graphic print,bold print,Get lost in the swirl. Never come back.,Girls,Boundless Bleeds|Cognitive Drift|Chromatic Overload,
9301035155683,"Maximalist Festival Coat for Burners — Long Fleece Windbreaker, Psychedelic Outerwear, Rave Camp Uniform, Alt Streetwear, Statement Trench",,85.28,https://cdn.shopify.com/s/files/1/0788/2358/8067/files/155733-021ed712-432a-417a-ad28-10f0332a8604.jpg?v=1779458528,Psychedelic full-coverage print in vivid multicolor tones; full edge-to-edge sublimation coverage on ,dopamine dressing,eclectic maximalism,main character energy,festival core 2026,all over print,AOP fashion,festival outfit,rave wear,streetwear,statement piece,graphic print,bold print,Reality is optional. Fashion is mandatory.,Guys+Girls,Boundless Bleeds|StreetsmART|Cognitive Drift|Cosmic Debris|Maximalist Motifs|Astral Syntax,
9304900993251,"Kaleido Bloom Martin Boots — Rainbow Mandala Floral AOP Combat Boots, Wearable Art Footwear",,120.16,https://cdn.shopify.com/s/files/1/0788/2358/8067/files/155733-ddaa4fbd-61a5-4246-a10e-5e5914222338.jpg?v=1779680058,Dense botanical/floral aop illustration in rainbow tones; full edge-to-edge sublimation coverage on ,weird girl aesthetic,art kid fashion,quiet chaos aesthetic,main character energy,all over print,AOP fashion,festival outfit,rave wear,streetwear,statement piece,graphic print,bold print,Flora is your armor. Bloom where you stand.,Guys+Girls,Primal Prints|Quantum Bloom|Transcendent Artifacts|Boundless Bleeds|Chromatic Overload,
9304901189859,"Indigo Garden Martin Boots — Blue & Violet Folk Floral AOP Combat Boots, Statement Festival Footwear",,120.16,https://cdn.shopify.com/s/files/1/0788/2358/8067/files/155733-ed252681-4e94-40d2-80a6-49fed05925c5.jpg?v=1779680060,Dense botanical/floral aop illustration in blue tones; full edge-to-edge sublimation coverage on ,weird girl aesthetic,art kid fashion,quiet chaos aesthetic,main character energy,all over print,AOP fashion,festival outfit,rave wear,streetwear,statement piece,graphic print,bold print,Every petal is a plot twist.,Guys+Girls,Primal Prints|Quantum Bloom|Boundless Bleeds|Transcendent Artifacts,
9304902762723,Graffiti Tag High-Top Plush Boots — White Street Art AOP Fleece-Lined Winter Statement Footwear,Boots,130.0,https://cdn.shopify.com/s/files/1/0788/2358/8067/files/rn-image_picker_lib_temp_3fd1ab80-6b1a-4aea-9ce4-2373b8d78640.jpg?v=1779680213,Graffiti-style street art print in white tones; full edge-to-edge sublimation coverage on Boots,weird girl aesthetic,art kid fashion,quiet chaos aesthetic,main character energy,all over print,AOP fashion,statement piece,alt fashion,wearable art,graphic print,festival outfit,indie aesthetic,The spray can is mightier than the sword. Wear the proof.,Guys+Girls,StreetsmART|Boundless Bleeds|Chromatic Overload,
9334564880611,Abstract Colorful Faces Hardcover Journal — Artistic Gratitude Notebook,Paper products,18.99,https://cdn.shopify.com/s/files/1/0788/2358/8067/files/11076005914301568080_2048.jpg?v=1780129670,Abstract art aop print in vivid multicolor tones; full edge-to-edge sublimation coverage on Paper products,dopamine dressing,eclectic maximalism,main character energy,festival core 2026,all over print,AOP fashion,festival outfit,rave wear,streetwear,statement piece,graphic print,bold print,When mundane isn't in your vocabulary.,Guys+Girls,Chromatic Overload|Color Riot|Maximalist Motifs,
9366710780131,"Banana Vector Waves Hoodie — Squiggly Yellow & Cobalt Pop Pattern AOP Pullover, Certified Conversation Starter",,90.0,https://cdn.shopify.com/s/files/1/0788/2358/8067/files/155733-3aed36e5-580c-4f26-91ad-a27519eca358.jpg?v=1780282604,Geometric vector art print in vivid multicolor tones; full edge-to-edge sublimation coverage on ,art kid fashion,main character energy,hyperpop streetwear,festival core 2026,all over print,AOP fashion,festival outfit,rave wear,streetwear,statement piece,graphic print,bold print,Wear what others can't explain.,Guys+Girls,Boundless Bleeds|Static Frequency|Cosmic Debris|Vibe-Checked Vectors,
9366712910051,"Pirates Primary Splash Briefs — Navy & Gold Abstract AOP 180gsm Cotton Underwear, Bold Basics",,25.0,https://cdn.shopify.com/s/files/1/0788/2358/8067/files/155733-6b2164eb-bb09-4ccb-b283-6d6ceba0f8a2.png?v=1780293475,Abstract art aop print in gold tones; full edge-to-edge sublimation coverage on ,dopamine dressing,eclectic maximalism,main character energy,festival core 2026,all over print,AOP fashion,festival outfit,rave wear,streetwear,statement piece,graphic print,bold print,This isn't clothing. It's an argument for color.,Guys+Girls,Boundless Bleeds|Chromatic Overload|Color Riot,
9366716514531,"High on Potenuse Heavyweight Washed T-Shirt — Neon Graffiti Math-Pun Front Print, 250gsm USA-Printed",All Over Prints,25.0,https://cdn.shopify.com/s/files/1/0788/2358/8067/files/155733-53d0d5c0-2657-47f4-9296-dedfa0562cac.jpg?v=1780283842,Graffiti-style street art print in neon tones; full edge-to-edge sublimation coverage on All Over Prints,dopamine dressing,post-internet fashion,weird girl aesthetic,vivid aura aesthetic,all over print,AOP fashion,festival outfit,rave wear,streetwear,statement piece,graphic print,bold print,Your outfit IS the gallery. No admission required.,Guys+Girls,Boundless Bleeds|StreetsmART|Static Frequency|Chromatic Overload,
9366732701923,"High on Potenuse Washed Tee, Double-Sided — Graffiti Math-Pun Print, 250gsm Heavyweight Made in USA",,25.0,https://cdn.shopify.com/s/files/1/0788/2358/8067/files/155733-86945b9e-2d6c-4d57-9c48-9c3f372ded35.jpg?v=1780286773,Graffiti-style street art print in vivid multicolor tones; full edge-to-edge sublimation coverage on ,dopamine dressing,eclectic maximalism,main character energy,festival core 2026,all over print,AOP fashion,festival outfit,rave wear,streetwear,statement piece,graphic print,bold print,The spray can is mightier than the sword. Wear the proof.,Guys+Girls,StreetsmART|Chromatic Overload|Color Riot,
9455369650403,"Tina's Hoodie, Shattered Glass Print Streetwear Sweatshirt, Festival Hooded Jumper, Unisex Graphic Sweater, Resilience Hoodie",All Over Prints,87.17,https://cdn.shopify.com/s/files/1/0788/2358/8067/files/15455503795264831146_2048.jpg?v=1780955816,All-over print in red tones; full edge-to-edge sublimation coverage on All Over Prints,art kid fashion,main character energy,hyperpop streetwear,festival core 2026,all over print,AOP fashion,festival outfit,rave wear,streetwear,statement piece,graphic print,bold print,Not a look. A statement of existence.,Guys+Girls,Boundless Bleeds|StreetsmART|Cosmic Debris|Transcendent Artifacts,Accessories
9455369781475,"Graffiti Collage AOP Body Pillow — Street Art Comic Print Long Cushion, Dopamine Decor for Loud Bedrooms",Home Decor,95.43,https://cdn.shopify.com/s/files/1/0788/2358/8067/files/8197372757591745611_2048.jpg?v=1780955835,Graffiti-style street art print in vivid multicolor tones; full edge-to-edge sublimation coverage on Home Decor,dopamine dressing,eclectic maximalism,main character energy,festival core 2026,all over print,AOP fashion,festival outfit,rave wear,streetwear,statement piece,graphic print,bold print,"The streets called — they want their art back. Too bad, it's yours now.",Guys+Girls,StreetsmART|Boundless Bleeds|Transcendent Artifacts,Home & Living
9455375188195,"Urban Cipher Children's Hoodie - Abstract Graffiti AOP by Dylesmavis, Wild Streetwear Sweatshirt, Edgy Kids Pullover, Unique Graffiti Hooded",All Over Prints,87.4,https://cdn.shopify.com/s/files/1/0788/2358/8067/files/8769873361945528398_2048.jpg?v=1780955895,Graffiti-style street art print in vivid multicolor tones; full edge-to-edge sublimation coverage on All Over Prints,art kid fashion,main character energy,hyperpop streetwear,festival core 2026,all over print,AOP fashion,festival outfit,rave wear,streetwear,statement piece,graphic print,bold print,Carry the city on your back. Wear the walls that shaped you.,Youth,Boundless Bleeds|Avant-Kindergarden™|StreetsmART,
9493168193763,All-Over Print Women's Loose Fit T-Shirt,,25.0,https://cdn.shopify.com/s/files/1/0788/2358/8067/files/155733-e5830a98-d6fc-4122-b851-8c0b91e04be7.jpg?v=1781278036,All-over print in vivid multicolor tones; full edge-to-edge sublimation coverage on ,dopamine dressing,post-internet fashion,weird girl aesthetic,vivid aura aesthetic,all over print,AOP fashion,festival outfit,rave wear,streetwear,statement piece,graphic print,bold print,Curated chaos for the aesthetically enlightened.,Girls,Boundless Bleeds|Transcendent Artifacts|Chromatic Overload,
